course_code,department_code,department_name,course_number,course_name,course_description,min_credits,max_credits,academic_year,terms
AB 1531,AB,Arabic,1531,Elementary Arabic I,"Cat. IAn intensive course to introduce the Arabic language to students with no background in Arabic. Oral language acquisition will stress structures and vocabulary required for basic communicative tasks. Emphasis will be on grammar, vocabulary, and writing system. Cultural aspects of Arabic-speaking countries introduced through course material.This course is closed to native speakers of Arabic and heritage speakers except with written permission from the instructor.",3.0,3.0,2021 - 2022 Academic Year,A
AB 1532,AB,Arabic,1532,Elementary Arabic II,"Cat. I This course continues students’ exposure to and development of Modern Standard Arabic and Darija, the Arabic dialect spoken in Morocco; it is for students who can read and write using the Arabic script but have very basic understanding of vocabulary and syntax. New language structures, vocabulary and cultural concepts will be presented in communicative activities/materials in class and homework assignments; these activities will focus on receptive (reading & listening) and productive (writing & speaking) skills in Arabic. Recommended background: AB1531 or instructor approval; this course is closed to native speakers of Arabic and heritage speakers except with written permission from the instructor.",3.0,3.0,2021 - 2022 Academic Year,B
AB 1533,AB,Arabic,1533,Elementary Arabic III,"Cat. I This course is a continuation of AB 1532. Emphasis will be on building and strengthening receptive and productive skills in both Modern Standard Arabic and Darija, the Arabic dialect spoken in Morocco. Grammatical structures covered in the previous courses along with new structures will be part of class activities as well as homework assignments. Cultural aspects of Arabic-speaking countries will be introduced through course materials including commonly used vocabulary and expressions. Recommended background: AB1531 & AB1532 or instructor approval; this course is closed to native speakers of Arabic and heritage speakers except with written permission from the instructor.",3.0,3.0,2021 - 2022 Academic Year,C
AB 2531,AB,Arabic,2531,Intermediate Arabic I,"Cat. I This course builds on the knowledge and skills that students learn in the elementary level courses (AB 1531, AB 1532 and AB 1533). Students continue learning Modern Standard Arabic with moderate exposure to phrases and expressions in Darija, Moroccan colloquial Arabic. The course employs a student-centered approach that focuses on receptive language skills (reading and listening) and productive language skills (speaking and writing); it also integrates culture and authentic materials in order to create real-life opportunities for language practice/use and to develop students’ cultural competency. By the end of this course, students should be able to use tense appropriately to describe actions and events, describe their daily routines, describe personal and professional relations and report bibliographical and general information. Course assignments include daily homework, short quizzes, skits, presentations and/or an oral exam. Recommended Background: AB1531, AB1532 & AB1533 or instructor approval ; this course is closed to native speakers of Arabic and heritage speakers except with written permission from the instructor. Students cannot receive credit for both AB 210X and AB 2531.",3.0,3.0,2021 - 2022 Academic Year,A
AB 2532,AB,Arabic,2532,Intermediate Arabic II,"Cat. I This course is a continuation of AB 2531. Students continue learning Modern Standard Arabic (MSA) with limited exposure to phrases and expressions in Darija, Moroccan colloquial Arabic. The course employs a student-centered approach that focuses on receptive language skills (reading and listening) and productive language skills (speaking and writing); it also integrates culture and authentic materials in order to create real-life opportunities for language practice/use and to develop students’ cultural competency. By the end of this course, students should be able to read and understand the gist of authentic texts in MSA, answer basic comprehension questions, differentiate between parts of speech and use parts of speech to reproduce or produce short texts in MSA. Course assignments include daily homework, short quizzes, skits, presentations and/or an oral exam. Recommended Background: AB1531, AB1532, AB1533 & AB2531 or instructor approval; this course is closed to native speakers of Arabic and heritage speakers except with written permission from the instructor. Students cannot receive credit for both AB 220X and AB 2532.",3.0,3.0,2021 - 2022 Academic Year,B
AB 2533,AB,Arabic,2533,Intermediate Arabic III,"Cat. I This course is a continuation of AB 2531 and AB 2532; it focuses on improving students’ skills in Modern Standard Arabic (MSA). The course employs a student-centered approach that focuses on receptive language skills (reading and listening) and productive language skills (speaking and writing); it also integrates culture and authentic materials in order to create reallife opportunities for language practice/use and to develop students’ cultural competency. By the end of this course, students should be able to read and understand selected authentic texts written in MSA, differentiate between main ideas and supporting ideas, answer level-appropriate comprehension questions, respond to level-appropriate open-ended questions in MSA and generate content that is level adequate. Course assignments include daily homework, short quizzes, skits, presentations and/or an oral exam. Recommended Background: AB1531, AB1532, AB1533, AB2531 & AB2532 or instructor approval; this course is closed to native speakers of Arabic and heritage speakers except with written permission from the instructor. Students cannot receive credit for both AB 230X and AB 2533.",3.0,3.0,2021 - 2022 Academic Year,C
AE 2550,AE,Aerospace Engineering,2550,Atmospheric And Space Environments,"Cat I This course introduces the ambient atmospheric and space environments encountered by aerospace vehicles. Topics include: the sun and solar activity; the solar wind; planetary magnetospheres; planetary atmospheres; radiation environments; galactic cosmic rays; meteoroids; and space debris. Recommended background: mechanics (PH1110 / 1111 or equivalent), electromagnetism (PH 1120 / 1121 or equivalent), and ordinary differential equations (MA 2051 or equivalent).",3.0,3.0,2021 - 2022 Academic Year,D
AE 2712,AE,Aerospace Engineering,2712,Introduction To Aerospace Structures,"Cat. I This course provides a concise overview of statics and then focuses on basic stress analysis applied to simple aerospace structures. Topics in stress analysis include: concepts of stress and strain; basic constitutive relations; one-dimensional response to axial loading; thermal stresses; statically determinate and indeterminate problems; shear forces, bending moments, bending stresses and deflections in beams with symmetric cross sections; two-dimensional stress transformation and Mohr’s circle; and an introduction to energy methods in structural analysis. Recommended background: differential, integral, multivariable calculus (MA 1021, MA 1022, MA 1024 or equivalent), mechanics (PH 1110, PH 1111, or equivalent).",3.0,3.0,2021 - 2022 Academic Year,A
AE 2713,AE,Aerospace Engineering,2713,Astronautics,"An introductory course that covers the fundamentals of space flight. Topics studied include: two-body orbital dynamics, classification of orbits, and time of flight analysis; geocentric orbits and impulsive maneuvers: orbit shaping, escape trajectories, Hohmann and non-Hohmann transfers; orbital elements in 3D; interplanetary Hohmann and generalized transfers, intercepts, flybys. Recommended background: multivariable calculus (MA 1024 or equivalent), differential equations (MA 2051 or equivalent), dynamics (ES 2503, PH 2201 or equivalent).",3.0,3.0,2021 - 2022 Academic Year,B
AE 3410,AE,Aerospace Engineering,3410,Compressible Fluid Dynamics,"In this course, students are introduced to various compressibility phenomena such as compression (shock) and expansion waves. Conservation laws and thermodynamic principles are applied to the description of flows in which compressibility effects are significant. One-dimensional models are applied to analysis of flow in variable area ducts, normal and oblique shock waves, expansion waves, and flows with friction and heat addition. Numerous applications from engineering are investigated including supersonic inlets, rocket nozzles, supersonic wind tunnels, gas delivery systems, and afterburning jet engines. Recommended background: thermodynamics (ES 3001, CH 3510 or equivalent), incompressible fluid dynamics (AE 3602 or equivalent).",3.0,3.0,2021 - 2022 Academic Year,A
AE 3602,AE,Aerospace Engineering,3602,Incompressible Fluids,"This course covers the fundamentals of inviscid and viscous incompressible fluid dynamics. Topics presented will be considered from the following: fluid kinematics and deformation; integral conservation laws of mass, momentum and energy for finite systems and control volumes; differential conservation laws of mass, momentum and energy; the Navier-Stokes equations; the streamfunction and the velocity potential. Applications will be considered from the following topics: hydrostatics; incompressible, inviscid, irrotational (potential) flows; incompressible boundary layer flows; viscous incompressible steady internal and external flows; and dimensional analysis. Recommended background: differential equations (MA2051 or equivalent), dynamics (ES 2503, PH 2101 or equivalent), thermodynamics (ES 3001, PH 2101, CH 3510 or equivalent).",3.0,3.0,2021 - 2022 Academic Year,C
AE 3711,AE,Aerospace Engineering,3711,Aerodynamics,"This course introduces students to the aerodynamics of airfoils, wings, and aircraft in the subsonic and supersonic regimes. Topics covered include: prediction of aerodynamic forces (lift, drag) and moments, dynamic similarity, experimental techniques in aerodynamics, Kutta-Joukowski theorem, circulation, thin airfoil theory, panel methods, finite wing theory, subsonic compressible flow over airfoils, linearized supersonic flow, and viscous flow over airfoils. Recommended background: incompressible and compressible fluid dynamics (AE 3602, AE 3410 or equivalent).",3.0,3.0,2021 - 2022 Academic Year,B
AE 3712,AE,Aerospace Engineering,3712,Aerospace Structures,"Cat. I This course focuses on intermediate-level topics in stress analysis relevant to aerospace structures. Topics include: buckling under centric and eccentric loadings with and without lateral loads applied; torsion of solid circular and noncircular cross-sections; torsion of thin-walled multi-celled members; flexural shear flow in and shear center of thin-walled multi-celled members; bending stresses in beams with unsymmetric cross-sections; stresses under combined loadings; and three-dimensional states of stress. The laboratory component of this course provides testing and measurement experience related to buckling of columns under a variety of loadings and support conditions; and to the determination of the shear center and bending response of beams with unsymmetric cross-sections. Recommended background: differential equations (MA 2051 or equivalent), introductory aerospace structures (AE 2712 or equivalent.",3.0,3.0,2021 - 2022 Academic Year,"B,D"
AE 3713,AE,Aerospace Engineering,3713,Introduction To Aerospace Control Systems,"Cat. IThis course introduces feedback control systems analysis and design for applications to aircraft and spacecraft. Topics include: linear dynamical systems modeling of aircraft and spacecraft motion, including linearization; identification and transient response analysis of typical modes of motion; time- and frequency domain analysis; Bode plots; criteria for stability; design of stability augmentation and, attitude and orbital control systems using linear state feedback or PID control; numerical simulation of controlled and uncontrolled aircraft and spacecraft motion.Recommended background: ordinary differential equations (MA 2051 or equivalent), introductory dynamics (ES 2503, PH 2201 or equivalent), and linear algebra (MA 2071 or equivalent).Students may not receive credit for both AE/ME 3703 and AE 3713.",3.0,3.0,2021 - 2022 Academic Year,D
AE 4711,AE,Aerospace Engineering,4711,Fundamentals Of Air-Breathing Propulsion,"This course introduces the principles of operation of air-breathing engines, including gas-turbines (turbojets, turbofans, and turboprops), ramjets, and scramjets. Topics covered include: engine thrust and efficiency analysis; working principles and performance analysis of diffusers, compressors, combustors, and nozzles; parametric cycle analysis; effect of irreversibilities on performance. The topics covered are also relevant to the operation of gas-turbines used for power generation. Recommended background: thermodynamics (ES 3001, CH 3510, PH 2101 or equivalent), compressible fluid dynamics (AE/ME 3410 or equivalent). Students may not receive credit for both AE 4710 and AE 4711.",3.0,3.0,2021 - 2022 Academic Year,A
AE 4712,AE,Aerospace Engineering,4712,Structural Dynamics,"This course introduces the analysis of vibrations of flexible bodies encountered as elements of aircraft and space structures. Topics include: modeling of aerospace structures with lumped parameters using Newton’s Law and Lagrange’s equations, free- and forced- vibration response of single degree of freedom systems and multi-degree of freedom systems, design of simplified vibration absorption systems, dynamic testing, modal analysis for determining structural response of lumped and continuous systems. Recommended background: dynamics (ES 2503, PH 2201, PH2202 or equivalent), control (AE 3713 or equivalent), aerospace structures (AE 3712 or equivalent)",3.0,3.0,2021 - 2022 Academic Year,A
AE 4713,AE,Aerospace Engineering,4713,Spacecraft Dynamics And Control,"The course covers broad topics in spacecraft attitude dynamics, stability and control. The course includes a review of particle and two-body dynamics and introduction to rigid body dynamics. Orbital and attitude maneuvers are presented. Attitude control devices and momentum exchange techniques such as spinners, dual spinners, gravity gradient, and geomagnetic torques are presented. Attitude sensors/actuators are presented and the attitude control problem is introduced. Open-loop stability analysis for a variety of equilibrium conditions is discussed. Control using momentum exchange and mass expulsion (thrusters) devices is discussed. The analyses and designs will be implemented using scientific computing software such as MATLAB®. Recommended background: astronautics (AE 2713 or equivalent), dynamics (ES 2503, PH 2201 or equivalent), control (AE 3713 or equivalent).",3.0,3.0,2021 - 2022 Academic Year,C
AE 4717,AE,Aerospace Engineering,4717,Fundamentals Of Composite Materials,"This course provides an overview of the processing techniques and mechanical behavior of composite materials relevant to aerospace applications. Topics in this course may include: classification of composites; elasticity of composite materials; the effect of reinforcements on strength and toughness; bonding mechanisms of interfaces in composite; fabrication methods for polymer-matrix composite materials; viscoelasticity and creep of composites; advanced composites materials (bio-composites, nano-composites). Recommended background: introductory material science (ES 2001), and introductory stress analysis (AE 2712 or equivalent).",3.0,3.0,2021 - 2022 Academic Year,C
AE 4719,AE,Aerospace Engineering,4719,Rocket Propulsion,"This course provides a study of rocket propulsion systems for launch vehicles and spacecraft. Dynamics, performance, and optimization of rocket-propelled vehicles are presented. Performance and component analysis of chemical propulsion systems are covered including flight dynamics, vehicle staging, nozzle design, and thermochemistry of bipropellant and monopropellant thrusters. Different classes of electric thrusters are introduced along with the concept of optimal specific impulse. Recommended background: compressible fluid dynamics (AE 3410 or equivalent), thermodynamics (ES 3001, PH 2101, CH 3510 or equivalent)",3.0,3.0,2021 - 2022 Academic Year,A
AE 4723,AE,Aerospace Engineering,4723,Aircraft Dynamics And Control,"This course covers models of fixed-wing aircraft dynamics, and the design of aircraft control systems. Topics include: aircraft performance, longitudinal and lateral flight dynamics, simulation methodologies, natural modes of motion, static and dynamic stability, and aircraft control systems (such as autopilot design, flight path control, and automatic landing). Recommended background: controls (AE 3713 or equivalent), attitude and position kinematics (AE 4733 or equivalent).",3.0,3.0,2021 - 2022 Academic Year,C
AE 4733,AE,Aerospace Engineering,4733,"Guidance, Navigation And Communication","This course covers methods and current enabling technologies in the analysis, synthesis, and practice of aerospace guidance, navigation, and communications systems. Topics covered include: attitude- and position kinematics, inertial navigation systems, global satellite navigation systems, communication architectures for satellite navigation, tropospheric and ionospheric effects on radio-wave propagation, least squares estimation, the Kalman filter, and pursuit guidance. Recommended background: linear algebra (MA 2071 or equivalent), dynamics (ES 2503, PH 2201 or equivalent), and controls (AE 3713 or equivalent)",3.0,3.0,2021 - 2022 Academic Year,A
AE 4770,AE,Aerospace Engineering,4770,Aircraft Design,"This course introduces students to design of aircraft systems. Students complete a conceptual design of an aircraft in a term-long project. Students are exposed to the aircraft design process, and must establish design specifications, develop and analyze alternative designs, and optimize their designs to meet mission requirements. Students work together in teams to apply material learned in the areas of aerodynamics, aerospace materials, structures, propulsion, flight mechanics, and stability and control, to the preliminary design of an aircraft. The project requirements are selected to reflect real-life aircraft mission requirements, and teams are required to design systems which incorporate appropriate engineering standards and multiple realistic constraints. The teams present their design in a final report and oral presentation. Recommended background: aerodynamics (AE 3711 or equivalent), aerospace structures (AE 3712 or equivalent), air breathing propulsion (AE 4711 or equivalent), aircraft dynamics and control (AE 4723 or equivalent).",3.0,3.0,2021 - 2022 Academic Year,B
AE 4771,AE,Aerospace Engineering,4771,Spacecraft And Mission Design,"Cat. I This course introduces students to design of spacecraft and missions. Students are introduced to the process of designing a spacecraft and major subsystems to meet a specific set of objectives or needs. In addition, students will learn about different spacecraft subsystems and what factors drive their design. Students complete a term-long spacecraft design project conducted by teams. The project addresses orbital mechanics, the space environment, attitude determination and control, telecommunications, space structures, and propulsion, along with other spacecraft subsystems. The project requirements are selected to reflect real-life missions, and teams are required to design systems which incorporate appropriate engineering standards and multiple realistic constraints. The teams present their design in a final report and oral presentation. Recommended background: astronautics (AE 2713 or equivalent), space environments (AE/PH 2550), spacecraft dynamics and control (AE 4713 or equivalent), telecommunications (AE 4733),space structures (AE 3712 or equivalent), rocket propulsion (AE 4719 or equivalent)",3.0,3.0,2021 - 2022 Academic Year,B
AE 5031,AE,Aerospace Engineering,5031,Applied Computational Methods for Partial Differential Equations,"The course provides at an entry graduate level the theory and practice of finite difference and finite elements methods for partial differential equations (PDEs) encountered in fluid dynamics and solid mechanics. Topics covered include: classification of partial PDEs and characteristics; direct and iterative solution methods for solution of algebraic systems; finite difference and finite element spatial discretization; temporal discretization; consistency, stability and error analysis; explicit and implicit finite differencing and finite element schemes for linear hyperbolic, parabolic, elliptic PDEs. The course requires completion of several projects using MATLAB. Students cannot receive credit for this course if they have taken AE/ME 5108 “Computational Fluid Dynamics”.",2.0,2.0,2021 - 2022 Academic Year,A
AE 5032,AE,Aerospace Engineering,5032,Aerospace Engineering Seminar,"The Seminar is a degree requirement for all graduate students and is offered during A, B, C, and D term. The Seminar consists of presentations by experts on technical and broader professional topics. Presentations are also offered by graduate students on topics related to their directed research, dissertation, or industrial experiences. The Seminar is offered in pass/fail mode based on attendance.",0.0,0.0,2021 - 2022 Academic Year,"A,B,C,D"
AE 5098,AE,Aerospace Engineering,5098,Directed Research,These courses are offered by aerospace engineering faculty and cover diverse topics that range from 1 to 8 credits and may be completed in one or multiple terms. These courses provide M.S. and B.S./M.S. students the opportunity to gain research experience on topics of their interest. The required deliverables for successful completion of Directed Research are defined by the faculty offering the course and take into account the credits and topic involved. (Prerequisite: consent of faculty offering the Directed Research.),0.0,0.0,2021 - 2022 Academic Year,B
AE 5131,AE,Aerospace Engineering,5131,Incompressible Fluid Dynamics,"This course presents topics in incompressible fluid dynamics at the introductory graduate level. Topics are chosen from: continuum fluids; kinematics and deformation for Newtonian fluids; integral and differential form of the mass conservation, momentum, and energy equations; potential flows; unidirectional steady incompressible viscous flows; unidirectional transient incompressible viscous flows; boundary layers; vortical flows. Students cannot receive credit for this course if they have taken AE/ME 5101 “Fluid Dynamics” or AE/ME 5107 “Applied FluidDynamics.”",2.0,2.0,2021 - 2022 Academic Year,C
AE 5132,AE,Aerospace Engineering,5132,Compressible Fluid Dynamics,"This course presents applications of compressible fluid dynamics at an introductory graduate level. Topics are chosen from: conservation laws; propagation of disturbances; compressible flow with friction; method of characteristics, analysis and design of supersonic nozzles, diffusers, and inlets; transonic and supersonic thin-airfoil theory; three-dimensional compressible flows; compressible boundary layers; hypersonic flows; unsteady compressible flows. Students cannot receive credit for this course if they have taken AE 5093 ST: Applied Compressible Fluid Dynamics.",2.0,2.0,2021 - 2022 Academic Year,D
AE 5133,AE,Aerospace Engineering,5133,Kinetic Theory of Gases and Applications,The course presents kinetic theory of gases and its application to equilibrium flows and nonequilibrium flows at the introductory graduate level. Fundamental topics are chosen from: equilibrium kinetic theory; binary collisions; the Boltzmann equation; transport theory and equations. Application topics are chosen from: free molecular aerodynamics; shocks; non equilibrium flows. Students cannot receive credit for this course if they have taken AE/ME 5102 “Advanced Gas Dynamics”.,2.0,2.0,2021 - 2022 Academic Year,A
AE 5232,AE,Aerospace Engineering,5232,Spacecraft Propulsion,"This course introduces concepts needed to evaluate the performance of the most commonly used electric and chemical spacecraft propulsion systems. Fundamental topics in electric propulsion include plasma generation and ion acceleration, magnetic field design, and beam neutralization. Applications include electrostatic ion and Hall thrusters. Fundamental topics in chemical propulsion include propellant thermochemistry and ideal performance. Applications include bipropellant and monopropellant chemistry, catalyst-bed, and nozzle design considerations. Discussion of each class of thruster will be supplemented with specific examples of flight hardware. Students cannot receive credit for this course if they have taken AE/ME 5111 “Spacecraft Propulsion”.",2.0,2.0,2021 - 2022 Academic Year,C
AE 5233,AE,Aerospace Engineering,5233,Combustion,This course introduces the principles that govern the conversion of chemical energy to thermal energy in reacting flows or combustion. Topics will be chosen from: chemical thermodynamics; chemical kinetics; transport phenomena; conservation equations; deflagrations; detonations; and diffusion flames. The course will also include discussions on energy landscape; combustion in propulsion and power generation devices; and pollutant formation. Students cannot receive credit for this course if they have taken AE5093 ST “Principles of Combustion”.,2.0,2.0,2021 - 2022 Academic Year,D
AE 5234,AE,Aerospace Engineering,5234,Sustainable Energy Systems,"The course provides an introduction to sustainable energy systems, outlining the challenges in meeting the energy needs of humanity and exploring possible solutions. Specific topics include: the current energy infrastructure; historical energy usage and future energy needs; electricity generation from the wind; ocean energy (marine hydrokinetic energy; wave energy); tethered energy systems, energy for transportation; fuel cells; solar-photovoltaic systems; geo-thermal and solar-thermal energy; energy storage; and engineering economics. Students cannot receive credit for this course if they have taken AE/ME 5105 “Renewable Energy”.",2.0,2.0,2021 - 2022 Academic Year,A
AE 5331,AE,Aerospace Engineering,5331,Linear Control Systems,"This course covers analysis and synthesis of control laws for linear dynamical systems.Fundamental concepts including canonical representations, the state transition matrix, and the properties of controllability and observability will be discussed. The existence and synthesis of stabilizing feedback control laws using pole placement and linear quadratic optimal control will be discussed. The design of Luenberger observers and Kalman filters will be introduced. Examples pertaining to aerospace engineering, such as stability analysis and augmentation of longitudinal and lateral aircraft dynamics, will be considered. Assignments and term project (if any) will focus on the design, analysis, and implementation of linear control for current engineering problems. The use of Matlab®/Simulink® for analysis and design will be emphasized. Recommended background: Familiarity with Matlab®. Students cannot receive credit for this course if they have taken AE/ME 5220 “Control of Linear Dynamical Systems”.",2.0,2.0,2021 - 2022 Academic Year,C
AE 5332,AE,Aerospace Engineering,5332,Nonlinear Control Systems,"Overview of stability concepts and examination of various methods for assessing stability such as linearization and Lyapunov methods. Introduction to various design methods based on linearization, sliding modes, adaptive control, and feedback linearization. Demonstration and performance analysis on engineering systems such as flexible robotic manipulators, mobile robots, spacecraft attitude control and aircraft control systems. Theoretical foundations of machine learning via adaptive functional estimation of dynamical systems. Control synthesis and analysis is performed using Matlab®/Simulink®. Prerequisites: Fluency with the theory of linear dynamical systems and control (AE 5331 or similar). Fluency with Matlab®. Students cannot receive credit for this course if they have taken AE/ME 5221 “Control of Nonlinear Dynamical Systems”.",2.0,2.0,2021 - 2022 Academic Year,D
AE 5335,AE,Aerospace Engineering,5335,Autonomous Aerial Vehicles,"This course discusses the foundations of autonomy of aerial vehicles including fixed-wing aircraft and quadrotor aircraft. Topics covered include: localization using inertial sensors, GPS, and computer vision; extended Kalman filtering for localization; trajectory planning; feedback guidance for trajectory tracking; and low-level autopilot control design. Whereas this course will review aircraft dynamics, familiarity with this topic at an undergraduate level is beneficial. Prerequisites: dynamics and control of linear systems (AE 5331 or similar); fluency with MATLAB or Python programming. Students cannot receive credit for this course if they have taken AE 5224 “Air Vehicle Dynamics and Control”.",2.0,2.0,2021 - 2022 Academic Year,B
AE 5431,AE,Aerospace Engineering,5431,Solid Mechanics for Aerospace Structures (2,This course is an introductory graduate level course. Fundamental topics will be chosen from the following: three-dimensional states of stress; measures of strain; plane stress and plane strain; thermoelasticity; Airy stress function; and energy methods. Applied topics will be chosen from the following: bending and shear stresses on unsymmetric cross-sections; bending of composite beams; bending of curved beams; torsion of thin-walled noncircular cross sections; and failure criteria. Students cannot receive credit for this course if they have taken AE/ME 5380 “Foundations of Elasticity” or AE/ME 5381 “Applied Elasticity”.,2.0,2.0,2021 - 2022 Academic Year,C
AE 5432,AE,Aerospace Engineering,5432,Composite Materials,"This course covers the anisotropic constitutive behavior and micromechanics of composite materials, and the mechanics of composite structures at an introductory graduate level. Topics covered will be chosen from: classification of composites (reinforcements and matrices) anisotropic elasticity, composite micromechanics, effect of reinforcement on toughness and strength of composites, laminate theory, statics and buckling of laminated beams and plates, statics of laminated shells, residual stresses and thermal effects in laminates. Students cannot receive credit for this course if they have taken AE 5383 “Composite materials”.",2.0,2.0,2021 - 2022 Academic Year,B
AE 5434,AE,Aerospace Engineering,5434,Computational Solid Mechanics,This course presents finite element methods with applications to structures and structural dynamics at introductory graduate level. It focuses on linear elasticity and topics covered will be chosen from: introduction on numerical methods in solids mechanics; variational methods of approximation; formulation of finite elements and interpolation functions; assembly and solution processes; isoparametric formulation; stress recovery procedures; locking phenomenon; and dynamic problems. The course requires completion of several FEM projects and knowledge of a computer programming language.,2.0,2.0,2021 - 2022 Academic Year,D
AR 1100,AR,Art,1100,Essentials Of Art,"Cat. IThis course provides an introduction to the basic principles of two and three-dimensionalvisual organization. The course focuses on graphic expression, ideadevelopment, and visual literacy. Students will be expected to master basicrendering skills, perspective drawing, concept art, and storyboarding throughtraditional and/or computer-based tools.",3.0,3.0,2021 - 2022 Academic Year,"A,B,C,D"
AR 1101,AR,Art,1101,Digital Imaging And Computer Art,"Cat. IThis course focuses on the methods, procedures and techniques of creating andmanipulating images through electronic and digital means. Students will developan understanding of image alteration. Topics may include color theory, displays,modeling, shading, and visual perception.Recommended background: AR 1100.",3.0,3.0,2021 - 2022 Academic Year,"A,B,C,D"
AR 1111,AR,Art,1111,Introduction To Art History,"Cat. IHow do we understand a work of art? Through readings and the study of objectsat the Worcester Art Museum, the student will survey the major developments inworld art and be introduced to various critical perspectives in art history. Studentswill learn how art historians work with primary materials and formulatearguments. No previous knowledge of art is required. (Formerly HU 1014.)",3.0,3.0,2021 - 2022 Academic Year,A
AR 2101,AR,Art,2101,3d Modeling I,"Cat. I 3D modeling is concerned with how to render created forms in a virtual environment. This course covers 3D modeling applications in video game development, film production, product design and fine art. Topics may include creating and armature, modeling organic and hard surfaces and sculpting using traditional techniques applied to a 3D model. Students will create works suitable for presentation in professional quality portfolio. Recommended background: AR1100 and AR1101.",3.0,3.0,2021 - 2022 Academic Year,"A,C"
AR 2111,AR,Art,2111,Modern Art,"The successive phases of modern art, especially painting, are examined in light of the late-19th-century break with the 600-year old tradition of representation. Topics covered include: non-objective art and abstraction—theory and practice, primitivism in modern art, surrealism and the irrational, the impact of photography on modern painting, cubism and collage, regionalism and abstract expressionism as American art forms, Pop art and popular culture, and the problem of concept versus representation in art. (Formerly AR 2300.)",3.0,3.0,2021 - 2022 Academic Year,D
AR 2114,AR,Art,2114,"Modern Architecture In The American Era, 1750-2001 And Beyond","This course studies, in a non-technical way, America’s buildings and places, in the context of world architecture in modern times. The history of American architecture was shaped by the forces that shaped America, from its political emergence in the eighteenth century to the post-9/11 era. These forces include dreams of social and spiritual perfection; a tight and conflicted relation with nature; and the rise and spread of industrial capitalism. The same forces created the Modern Movement in architecture. How are modernism and American architecture interrelated? Illustrated lectures, films, and tours of Worcester architecture explore the question while training students in the methods of architectural history and criticism. Students who have taken AR 2113, Topics in 19th- and 20th-Century Architecture, since the 2000-2001 academic year MAY NOT take AR 2114 for credit.",3.0,3.0,2021 - 2022 Academic Year,B
AR 2115,AR,Art,2115,Topics in Architecture since 1960,"This course offers a detailed overview of the history of architecture between the consolidation of modern architecture in standard architectural practice and the present period of pluralism. Topics covered will include: modernism and its critique in the developing world; Louis I. Kahn’s and Robert Venturi’s critiques of modernist architecture culture; the High-Tech movement; utopian alternatives to the modernist city; the return of pre-modern urbanism; Critical Regionalism; the rise of Postmodernism 1970-80; the developer-led architectural boom of the 1980s; “Deconstructivism” and critical dissolution of rationalist form; the introduction of CAD in architectural design and its impact on the “blob architecture” of Frank Gehry and others; the development of global models of architectural practice; sustainable architecture and urbanism; global developments in other, related design fields and their consumer culture. Recommended background: AR 2114.",3.0,3.0,2021 - 2022 Academic Year,D
AR 2202,AR,Art,2202,Figure Drawing,"The focus of this course is in study of representational figure drawing. This course will cover drawing techniques, applied to study from a live model. Topics covered will be sight size measurement, study of form and light, copying from master drawings and applying these lessons to weekly sessions with a live model. Each class will feature a demonstration on the topic followed by individual critique and study.Recommended Background: AR1100",3.0,3.0,2021 - 2022 Academic Year,C
AR 2222,AR,Art,2222,2d Animation I,"Cat. I. 2D Animation I teaches students how to draw, pose, breakdown and in-between characters for 2D animation, focusing on weight, balance, timing, and movement to achieve well-structured and fluid animation. Lectures and projects are conducted to train students in the twelve classical animation principles using digital 2D media. Projects and lectures are designed to practice the fundamentals of traditional frame-by-frame and hand-drawn character animation. Recommended background: Basic knowledge of figure drawing (AR 2202) and digital art software (AR 1101) is recommended.",3.0,3.0,2021 - 2022 Academic Year,"B,C"
AR 2301,AR,Art,2301,Graphic Design,"This course introduces design principles and their application to create effective forms of graphic communication. The students will learn the fundamentals of visual communication and will work on projects to analyze, organize, and solve design problems. Topics may include: the design process; figure/ground; shape; dynamic balance; Gestalt principles; typography; layout and composition; color; production and presentation in digital formats.",3.0,3.0,2021 - 2022 Academic Year,"A,C"
AR 2333,AR,Art,2333,3d Animation I,"Cat. I 3D Animation I teaches students how to use 3D animation software to apply classical animation principles into 3D work . Lectures focus on creating organic and compelling character animation through body mechanics, weight, and dynamic posing in addition to exposing students to learning how to think about character acting and staging within a 3D environment . Recommended background: Basic knowledge digital art software (AR 1101) is recommended. Suggested background: Basic knowledge of animation (IMGD/AR 2222).",3.0,3.0,2021 - 2022 Academic Year,"A,C"
AR 2401,AR,Art,2401,Video Production,"This course will introduce students to concepts and techniques for live action digital filmmaking. Topics will include constructing a visual narrative, principles of cinematography, visual and audio editing, working with actors, and the stylistic elements of various genres of filmmaking. Recommended background: Basic knowledge of the history and theory of film (HU 2251 or equivalent).",3.0,3.0,2021 - 2022 Academic Year,"A,D"
AR 2700,AR,Art,2700,Digital Painting,"Cat. I This course covers painting techniques as applied to texturing a 3D asset or illustration/conceptual art. Topics include are color theory, study of form, lighting, applying traditional painting ideas to the digital format, character design, generation of ideas and a history of digital painting. Each class features a demonstration on the topic followed by individual critique and study. Students work towards a final project that may be suitable for an Art portfolio. Recommended background: AR 1101, AR 2202",3.0,3.0,2021 - 2022 Academic Year,A
AR 2740,AR,Art,2740,3d Environmental Modeling,"Cat. IIThe objective of this course is to teach students how to create 3D environments and props for use in digital models, simulations, games, or animation. The course will examine different types of architecture used in 3D spaces. The students will learn how to create historical and fictional interior and exterior environments; to design, model, texture, and render in high details; and to import their creation into an engine for testing. Topics may include space, human scale, set design, surface texturing, and basic camera animation. Students may not receive credit for IMGD/AR 2740 and IMGD/AR 205X.Recommended Background: Basic 3D modeling skills (AR 1101)This course will be offered in 2020-21, and in alternating years thereafter.",3.0,3.0,2021 - 2022 Academic Year,D
AR 2750,AR,Art,2750,Topics In Studio Art,Cat. III Specialty subjects are offered using the research and creative expertise of the department faculty. Content and format varies to suit the interest and needs of the faculty and students. Courses are defined through the registrar and may be repeated for different topics covered. Students may not receive additional credit for taking this course more than once with the same title. Recommended background: AR 1100,3.0,3.0,2021 - 2022 Academic Year,C
AR 3101,AR,Art,3101,3d Modeling II,"Cat. I This course will build upon the skills learned in 3D MODELING with studies in life drawing/anatomy study and application towards completed character models. Students will create high resolution sculpts for real-time game environments and animation. Topics covered will be character design as it applies to 3D MODELING, creating realistic design sculpts and incorporating them into a game environment as well as the study of anatomy as it applies to organic modeling. Recommended background: AR 1101, IMGD/AR 2101, AR 2202",3.0,3.0,2021 - 2022 Academic Year,B
AR 3112,AR,Art,3112,"Modernism, Mass Culture, And The Avant-Garde","What is the role of art to be in the modern world? Can art be a vehicle for social change, or should art be a self-critical discipline that pursues primarily aesthetic ends? What is the relationship between art and mass culture? Using primary sources, this course focuses on some of the theorists and artistic trends since the mid-nineteenth century that have sought to resolve this dilemma. These include: Ruskin, Morris and the Arts and Crafts Movement; Art for Art’s Sake; the German Werkbund and the Bauhaus; American industrial design",3.0,3.0,2021 - 2022 Academic Year,C
AR 3150,AR,Art,3150,"Light, Vision And Understanding","Cat. II By using material from the sciences and the humanities this course examines the ways in which ideas of knowledge and of human nature have been fashioned. The specific topics include physical theories about light, biological and psychological theories of visual perception, and artistic theories and practices concerned with representation. The mixing of material from different academic disciplines is deliberate and meant to counter the notion that human pursuits are “naturally” arranged in the neat packages found in the modern university. The course draws upon the physical and social sciences, and the humanities, to examine how those fields relate to one another, and how they produce knowledge and self-knowledge. Cultural as well as disciplinary factors are assessed in this process. Light, Vision, and Understanding is conducted as a seminar. The diverse collection of reading materials includes a number of primary texts in different fields. In addition, the students keep a journal in which they record the results of numerous individual observations and experiments concerning light and visual perception. The course can fit into several areas of depth as well as serve as a starting point for an IQP. There are no specific requirements for this course, although some knowledge of college-level physics, as well as an acquaintance with the visual arts, is helpful. This course will be offered in 2020-21, and in alternating years thereafter.",3.0,3.0,2021 - 2022 Academic Year,A
AR 3200,AR,Art,3200,Interactive Electronic Arts,"Cat. I This course introduces students to techniques and processes for the creation of real-time, interactive works of art. Students learn to use electronic sensors and other tools for audio, graphics, and video processing, as well as design customized software interfaces to create interactive artworks that respond to users and their environment. The course also introduces students to the work of significant contemporary arts practitioners as well as their historical precedents, with a special emphasis on inter-media works that bridge visual art, music composition, and the performing arts. Topics may include electronic musical instruments and performance interfaces, computer vision, VJing, electronically augmented dance, controller hacking, wired clothing, networked collaboration and mobile media, and algorithmic and generative art. Recommended background: Animation (AR/IMGD 2101 or equivalent), and exposure to digital audio or music and introductory programming.",3.0,3.0,2021 - 2022 Academic Year,A
AR 3210,AR,Art,3210,Human Figure in Motion,"This course offers in-depth analysis of the human figure in action. Motion is analyzed and studied through drawing and sketching of live models, video clips, performance and pantomime, studying not only the physical exterior but also how thoughts and emotion are expressed through gesture. Students will develop skill in figure posing and staging for applications in animation, storyboards, comics, and illustration. Recommended background: Observational and gesture drawing and color (AR 1101), experience drawing live model (AR 2202), composition skills and color (AR/IMGD 2700).",3.0,3.0,2021 - 2022 Academic Year,D
AR 3222,AR,Art,3222,2d Animation II,"Cat. IThis course will build upon the techniques learned in IMGD/AR 2222. Students will learn to apply the animation principles to character animation. Students are taught how to tell a compelling, character-driven story through a focus on character acting techniques such as body language, lip-syncing, facial animation, and micro-expressions. Additional topics covered may include sprites for games, biped and quadruped animation, and 2D animation pipelines. Students will create animated sequences that are intended to serve as a narrative structure for games and other media.Recommended background: Knowledge of digital 2D animation techniques and classical animation principles (IMGD/AR 2222).",3.0,3.0,2021 - 2022 Academic Year,C
AR 3333,AR,Art,3333,3d Animation II,"Cat. IThis course will build upon the techniques learned in IMGD/AR 2333. Students will learn to apply the animation principles with a focus on character acting and cinematic animation. Students are taught how to tell a compelling, character-driven story through a focus on acting techniques such as body language, lip syncing, facial animation, and micro expressions whilst incorporating digital cinematography techniques. Additional topics covered may include creating 3D simulations for hair and cloth, biped and quadruped animation, and 3D animation pipelines. Students will create animated sequences that are intended to serve a narrative structure for games and other media.Recommended background: Knowledge of digital 3D animation techniques and classical animation principles (IMGD/AR 2333).",3.0,3.0,2021 - 2022 Academic Year,D
AR 3700,AR,Art,3700,Concept Art And Creative Illustration,"Cat. I This course covers drawing as it applies to concept art and illustration. The course begins with study of a human model and representational drawing. Following this, students work on drawing from the mind and applying the lessons learned from the figure drawing to creating concept art and illustration. Topics covered are shape recognition and recalling, inventing from the mind, creative starters, study of form and light, visual composition and developing a personal approach, working with individual strengths to create a compelling visual design. Students create a series of concept art exercises and apply these skills towards a personal project of their own. Recommended background: AR 2202, IMGD/AR 2700",3.0,3.0,2021 - 2022 Academic Year,B
AREN 2002,AREN,Architectural Engineering,2002,Architectural Design I,"This course offers an introduction to the architectural design process by exploring the relations between materials, structures, spaces, and architectural composition. Studio: The studio design component explores the syntax of architecture, siting, context, and human scale. Students will engage these topics through architectural design studies for a project of limited scope and programmatic complexity. Hand drawing and sketching, modeling and visualization software, orthographic drawings, and physical models are used to explore, develop, and communicate architectural design concepts. Lectures / lab: The lecture/lab component of the course focuses on two-dimensional drawing techniques (including hand drawings and sketching), drawing conventions, and architectural representation techniques. Students are introduced to the fundamental uses of modeling software in engineering and architectural design practice. Advanced topics may include three dimensional modeling rendering, animation, and parametric design. This course uses studio, lecture, and lab based teaching methods Recommended background: None",3.0,3.0,2021 - 2022 Academic Year,A
AREN 2004,AREN,Architectural Engineering,2004,Architectural Design II - Light And Lighting Systems,"This course aims to develop an understanding of the role of light and lighting in the perception of architecture and human well-being. Studio: The studio component of the course will explore the interactions between light, materials, spaces, and people. Students will engage these topics through architectural design studies for a project with well- specified lighting and architectural needs. Modeling, visualization and simulation software, orthographic drawings, and physical models are used to explore and analyze architectural design concepts. Lectures: The lecture components of the course focuses on the design of illumination systems in buildings. A general introduction to the visual environment is provided, including subjective and objective scales of measurement, visual perception, photometry, brightness, luminance, illumination, natural and artificial lighting. Other topics include photometric units, light sources, daylight luminaries, lighting quality, light loss factors, average luminance calculations (lumen method), point-by-point calculations, performance impacts, and ethics. Field measurements and computer simulations are used to explore some major aspects of architectural illumination systems. Design problems are solved by considering economic evaluation, energy saving criteria and applicable standards and building codes. Students will be introduced to the use of computer tools for the design, analysis, and visualization of natural and artificial lighting in buildings. This course uses studio and lecture based teaching methods Recommended background: Introductory architectural design (AREN 2002 or equivalent). Students may not receive credit for both AREN 2004 and AREN 3005",3.0,3.0,2021 - 2022 Academic Year,B
AREN 2023,AREN,Architectural Engineering,2023,Introduction To Architectural Engineering Systems,"Cat. IThe objective of this course is to introduce the functional parts and systems thatmake up a building as well as their interactions in delivering required sustainableperformance. It encompasses foundations, structures, building enclosures,heating and air conditioning, electrical, plumbing and fire safety systems as wellas concepts of building performance and aspects of pertinent building codes andstandards. This course, in addition, incorporates basic principles of buildingscience and green construction.",3.0,3.0,2021 - 2022 Academic Year,D
AREN 2025,AREN,Architectural Engineering,2025,Building Electrical Systems,"Cat. IThe principles of electrical system design in buildings are introduced in this course. Starting with an overview of electrical fundamentals and related laws, it covers circuit design, power distribution and service equipment, communication systems and special electrical systems that meet the requirements of the national electric code as well as building occupants. Other topics include single-phase and three-phase circuits, electrical and lighting loads, panel-board design, switching, system sizing, grounding, fault calculations, and over-current protection. The design criteria and calculation procedures for developing simple layouts of building electrical systems are illustrated. Work includes study of applicable NFPA 70 (NEC) and related building codes.Recommended background: electricity and magnetism (PH 1120/1121 or equivalent)",3.0,3.0,2021 - 2022 Academic Year,D
AREN 3002,AREN,Architectural Engineering,3002,Architectural Design III,"This course aims to further a student’s knowledge of the architectural design process through study of ideas, principles and methods of design and construction. Studio: Architectural concepts are developed with the completion of a project of expanded scope and complexity. The course emphasizes the development of form, space, spatial relationships, materials, context, program, and architectural presentation techniques. Hand drawing and sketching, modeling and visualization software, orthographic drawings, detail drawings, and physical models are used to explore, develop, and communicate architectural design concepts. Lectures: The lecture/lab component of the course focuses on three-dimensional modeling and architectural representation techniques. Students are introduced to advanced modeling software in engineering and architectural design practice. Topics include three dimensional modeling, rendering, animation, and parametric design. This course uses studio, lecture, and lab based teaching methods Recommended background: Intermediate architectural design (AREN 2002 and AREN 2004 or equivalent)",3.0,3.0,2021 - 2022 Academic Year,D
AREN 3003,AREN,Architectural Engineering,3003,Principles Of Hvac Design For Buildings,"The course introduces principles and applications of mechanical systems that are required for environmental comfort, health, and safety of building occupants with a focus on energy efficiency and conservation. Topics include psychometrics, thermal comfort, building heating and cooling loads, fluid flow basics, HVAC components and systems, building envelop heat transfer, and energy requirements. In the course, students develop the ability to design and conduct computational modelling experiments and to analyze and interpret output data for selection between system alternatives in order to optimize energy use. Recommended background: Thermodynamics. Some sections of this course may be offered as Writing Intensive (WI)",3.0,3.0,2021 - 2022 Academic Year,D
AREN 3006,AREN,Architectural Engineering,3006,Advanced Hvac System Design,"Cat. I Analysis of heating and cooling load requirements, considering building construction type, geometry, infiltration, occupancy effects, and daily load variations. Heating design addresses water heating systems, electrical heating, central heating, heating of low and high-rise buildings, selection of heaters, boilers, pumps, piping design. Cooling design addresses refrigerants, refrigeration cycle, evaporator, compressor, condenser, thermostatic expansion valves, refrigeration system control equipment, motor and motor control equipment, refrigeration accessories, calculation of refrigeration piping and absorption systems. Computer applications for heating and cooling load analysis will be introduced to develop energy saving solutions. Analytical techniques and building codes are discussed through case studies and design projects. Recommended background: AREN 3003, ES 3004.",3.0,3.0,2021 - 2022 Academic Year,B
AREN 3020,AREN,Architectural Engineering,3020,Architectural Design IV - Building Energy Simulation,"This course aims to develop an understanding of sustainability in architecture and introduces the fundamentals and applications of energy simulation tools. Studio: The studio component of the course will explore the relationships between people, buildings, and the environment. Students will explore the impact of building site and context, orientation, building massing and envelop configuration, occupancy and other factors. Students will engage these topics through architectural design studies and simulations for a project of increased scope and programmatic complexity. Modeling and visualization software, simulation tools, orthographic drawings, and physical models are used to explore and develop architectural design concepts. Lectures: The lecture components of the course focuses on the principles of building energy simulation, with a focus on the practical applications of building energy simulation tools to building design. Topics being covered include various model input parameters such as building geometry, orientation, climate, comfort, zoning, material properties, operation schedules, and HVAC systems. Building energy simulation software is illustrated and applied to the analysis of case studies and/or design projects. Simulation output results are critically analyzed and compared to the results obtained from other building energy calculation methods. This course uses studio and lecture based teaching methods Recommended background: Building Physics and HVAC system design (AREN 3024 and AREN 3003) and Architectural Design (AREN 2002, AREN 2004, and AREN 3002 or equivalent). Students may not receive credit for both AREN 3020 and AREN 3025",3.0,3.0,2021 - 2022 Academic Year,A
AREN 3022,AREN,Architectural Engineering,3022,Architectural Design V - Building Envelope Design,"Cat. I This course aims to develop an understanding of the architectural design development process with special focus on the design and detailing of building envelopes. Studio: Through an iterative process, students will advance the architectural and technical development of an architectural project of increased complexity. Modeling and simulation software, orthographic drawings, detail drawings, and physical models are used to advance the development of architectural design concepts. Lectures: The lecture component of the course covers the basic principles of building envelope design, focusing primarily on functional performance requirements and practical constructability aspects. Various building envelope systems are reviewed, including façade and roofing systems made of masonry, stone, concrete, timber, glass, and various metals. More elaborate building envelope strategies will also be reviewed; such as double skin facades and passive solar design approaches. Students will be introduced to computer tools and other methods for the analysis of heat and moisture transfer within building envelopes and components thereof. This course uses studio and lecture based teaching methods Recommended background: Building Physics and HVAC system design (AREN 3024 and AREN 3003) and Architectural Design (AREN 2002, AREN 2004, and AREN 3002 or equivalent). Students may not receive credit for both AREN 3022 and AREN 3026",3.0,3.0,2021 - 2022 Academic Year,C
AREN 3024,AREN,Architectural Engineering,3024,Building Physics,"Cat. IThe course introduces the principles of building physics, as they are applied to various building design situations and performance requirements. Covered topics include heat transfer, moisture control, condensation, cold bridging, external and internal gains, and air flows, as they pertain to building envelopes (external walls, windows and doors, and roofs) and the requirements of environmental comfortof space occupants. Design exercises take into account pertinent building and energy codes as well as comfort standards. The course gives students the tools to integrate engineering science fundamentals and physics principles in developing building design solutions. Thermal measurements in building components are performed.Recommended background: thermodynamics and heat transfer (ES 3001, ES 3003 or equivalent).",3.0,3.0,2021 - 2022 Academic Year,C
AS 1001,AS,Air Science,1001,The Foundations Of The United States Air Force I,"Cat. I (1/9 unit) The AS 1000 sequence of courses is designed to introduce students to the United States Air Force and Air Force Reserve Officer Training Corps. Featured topics include mission and organization of the Air Force, officership and professionalism, Air Force officer opportunities, military customs and courtesies, and an introduction to communication skills. The first course focuses on the foundation of officership and customs and courtesies. The course includes one hour of classwork and two hours of mandatory leadership laboratory per week. The AS 1001 Leadership Laboratory includes a study of Air Force customs and courtesies, drill and ceremonies, and military commands.",1.0,1.0,2021 - 2022 Academic Year,A
AS 1002,AS,Air Science,1002,The Foundations Of The United States Air Force II,"Cat. I (1/9 unit) The AS 1000 sequence of courses is designed to introduce students to the United States Air Force and Air Force Reserve Officer Training Corps. A continuation of AS 1001, the second course in this series emphasizes those communication skills needed in today’s Air Force. It describes the communication systems as well as discusses common barriers and enhancements to effective communications. The course includes numerous speaking and written exercises using current Air Force topics. The course includes one hour of classwork and two hours of mandatory leadership laboratory per week. The AS 1002 Leadership Laboratory includes a study of Air Force customs and courtesies, drill and ceremonies, and military commands.",1.0,1.0,2021 - 2022 Academic Year,B
AS 1003,AS,Air Science,1003,The Foundations Of The United States Air Force III,"Cat. I (1/9 unit) The AS 1000 sequence of courses is designed to introduce students to the United States Air Force and Air Force Reserve Officer Training Corps. A continuation of AS 1002, the course outlines the origin of the Air Force and the organizational structure of the Air Force with a focus on the missions of select military organizations. The basic history of the United States military is studied in order to appreciate how military history impacts the Air Force today. Written and oral communication skills are practiced. The course includes one hour of classwork and two hours of mandatory leadership laboratory per week. The AS 1003 Leadership Laboratory includes a study of Air Force customs and courtesies, drill and ceremonies, and military commands.",1.0,1.0,2021 - 2022 Academic Year,C
AS 1004,AS,Air Science,1004,The Foundations Of The United States Air Force IV,"Cat. I (1/9 unit) The AS 1000 sequence of courses is designed to introduced students to the United States Air Force and Air Force Reserve Officer Training Corps. The final course in the AS 1000 sequence, it introduces students to the Air Force installation and her sister services. Written and oral communication skills are practiced. The course includes one hour of classwork and two hours of mandatory leadership laboratory per week. The AS 1004 Leadership Laboratory includes a study of Air Force customs and courtesies, drill and ceremonies, and military commands.",1.0,1.0,2021 - 2022 Academic Year,D
AS 2001,AS,Air Science,2001,The Evolution Of Usaf Air And Space Power I,"Cat. I (1/9 unit) The AS 2000 sequence of courses is designed to examine general aspects of air and space power through a historical perspective. Utilizing this perspective, the course covers a time period from the first balloons and dirigibles to the space-age global positioning systems of the Persian Gulf War. Historical examples are provided to extrapolate the development of Air Force capabilities (competencies), and missions (functions) to demonstrate the evolution of what has become today’s USAF air and space power. As a whole, the AS 2000 sequence of courses provides the student with a knowledge level understanding of the general element and employment of air and space power. The first course covers the factors leading to the early development of air power through the use of air power during World War II. The development of oral and written communication skills is continued from the AS 1000 classes. The course includes one hour of classwork and two hours of mandatory leadership laboratory per week. The AS 2001 Leadership Laboratory continues a study of Air Force customs and courtesies, drill and ceremonies, military commands, and preparation for Field Training.",1.0,1.0,2021 - 2022 Academic Year,A
AS 2002,AS,Air Science,2002,The Evolution Of Usaf Air And Space Power II,"Cat. I (1/9 unit) The AS 2000 sequence of courses is designed to examine general aspects of air and space power through a historical perspective. The second course in the series continues with the development of air power from World War II through the development of the Intercontinental Ballistic Missile. The course includes one hour of classwork and two hours of mandatory leadership laboratory per week. The AS 2002 Leadership Laboratory continues a study of Air Force customs and courtesies, drill and ceremonies, military commands, and preparation for field training.",1.0,1.0,2021 - 2022 Academic Year,B
AS 2003,AS,Air Science,2003,The Evolution Of USAF Air And Space Power III,"Cat. I (1/9 unit) The AS 2000 sequence of courses is designed to examine general aspects of air and space power through a historical perspective. The third course in the series begins with a study of air power in the Vietnam war through the Gulf war. Oral and written communication skills will be practiced. The course includes one hour of classwork and two hours of mandatory leadership laboratory per week. The AS 2003 Leadership Laboratory continues a study of Air Force customs and courtesies, drill and ceremonies, military commands, and preparation for field training.",1.0,1.0,2021 - 2022 Academic Year,C
AS 2004,AS,Air Science,2004,The Evolution Of Usaf Air And Space Power IV,"The AS 2000 sequence of courses are designed to examine general aspects of air and space power through a historical perspective. The course examines several fundamental truths associated with war in the third dimension: e.g. Principles of War and Tenets of Air and Space Power. As a whole, this course provides the students with a knowledge level understanding for the general element and employment of air and space power from an institutional, doctrinal and historical perspective. In addition, the students will continue to discuss the importance of the Air Force Core Values with the use of operational examples and historical Air Force leaders and will continue to develop their communication skills. The final course in the series explores the future of the Air Force through 2025. The course includes one hour of classwork and two hours of mandatory leadership laboratory per week. The AS 2004 Leadership Laboratory continues a study of Air Force customs and courtesies, drill and ceremonies, military commands, and preparation for field training.",1.0,1.0,2021 - 2022 Academic Year,D
AS 3001,AS,Air Science,3001,Air Force Leadership Studies I,"The AS 3000 sequence of courses is a study of leadership, management fundamentals, professional knowledge, Air Force personnel and evaluation systems, leadership ethics, and communication skills required of an Air Force junior officer. Throughout the courses, case studies are used to examine Air Force leadership and management situations as a means of demonstrating and exercising practical application of concepts being studied. The first course explores different styles of leadership, followership, and management functions. The course includes three hours of classwork and three hours of mandatory leadership laboratory per week. The AS 3001 Leadership Laboratory complements the classroom work by providing advanced leadership experiences in officer-type activities and giving students the opportunity to apply leadership and management principles.",1.5,1.5,2021 - 2022 Academic Year,A
AS 3002,AS,Air Science,3002,Air Force Leadership Studies II,"The AS 3000 sequence of courses is a study of leadership, management fundamentals, professional knowledge, Air Force personnel and evaluation systems, leadership ethics, and communication skills required of an Air Force junior officer. The second course studies various aspects of leadership, conflict management, counseling, and supervision. The course includes three hours of classwork and three hours of mandatory leadership laboratory per week. The AS 3002 Leadership Laboratory complements the classroom work by providing advanced leadership experiences in officer-type activities and giving students the opportunity to apply leadership and management principles",1.5,1.5,2021 - 2022 Academic Year,B
AS 3003,AS,Air Science,3003,Air Force Leadership Studies III,"The AS 3000 sequence of courses is a study of leadership, management fundamentals, professional knowledge, Air Force personnel and evaluation systems, leadership ethics, and communication skills required of an Air Force junior officer. The third course emphasizes team building, process improvement, and military ethics. The course includes three hours of classwork and three hours of mandatory leadership laboratory per week. The AS 3003 Leadership Laboratory complements the classroom work by providing advanced leadership experiences in officer-type activities and giving students the opportunity to apply leadership and management principles.",1.5,1.5,2021 - 2022 Academic Year,C
AS 3004,AS,Air Science,3004,Air Force Leadership Studies IV,"The AS 3000 sequence of courses is a study of leadership, management fundamentals, professional knowledge, Air Force personnel and evaluation systems, leadership ethics, and communication skills required of an Air Force junior officer. The final course explores officer professional development and personnel and evaluation systems including practical exercises. The course includes three hours of classwork and three hours of mandatory leadership laboratory per week. The AS 3004 Leadership Laboratory complements the classroom work by providing advanced leadership experiences in officer-type activities and giving students the opportunity to apply leadership and management principles.",1.5,1.5,2021 - 2022 Academic Year,D
AS 4101,AS,Air Science,4101,National Security Affairs I,"Cat. I The AS 4000 sequence of courses examines the national security process, regional studies, advanced leadership ethics, and Air Force doctrine. Special topics of interest focus on the military as a profession, officership, military justice, civilian control of the military, preparation for active duty and current issues affecting military professionalism. Throughout the AS 4000 sequence of courses, briefing and writing exercises will be accomplished with emphasis on refining communication skills. The first course examines in depth the national security process, principles of war and the Air Force major commands. The course includes three hours of classwork and three hours of mandatory leadership laboratory each week. The AS 4101 Leadership Laboratory complements the classroom work by providing advanced leadership experiences in officer-like activities and giving the students the opportunity to apply leadership and management principles",1.5,1.5,2021 - 2022 Academic Year,A
AS 4102,AS,Air Science,4102,National Security Affairs II,"The AS 4000 sequence of courses examines the national security process, regional studies, advanced leadership ethics, and Air Force doctrine. The second course provides a detailed examination of Air Force doctrine including a study of the joint doctrine and the roles of the other military services. The course includes three hours of classwork and three hours of mandatory leadership laboratory each week. The AS 4102 Leadership Laboratory complements the classroom work by providing advanced leadership experiences in officer-like activities and giving the students the opportunity to apply leadership and management principles.",1.5,1.5,2021 - 2022 Academic Year,B
AS 4103,AS,Air Science,4103,National Security Affairs III,"Cat. I (1/6 unit) The AS 4000 sequence of courses examines the national security process, regional studies, advanced leadership ethics, and Air Force doctrine. The third course provides an extensive study of alliances and regional security issues, including international peacekeeping and terrorism. Continued attention is given to developing the research and communications skills necessary to be successful as junior officers. The course includes three hours of classwork and three hours of mandatory leadership laboratory each week. The AS 4103 Leadership Laboratory complements the classroom work by providing advanced leadership experiences in officer-like activities and giving the students the opportunity to apply leadership and management principles.",1.5,1.5,2021 - 2022 Academic Year,C
AS 4104,AS,Air Science,4104,Preparation For Active Duty,"Cat. I (1/6 unit) The AS 4000 sequence of courses examines the national security process, regional studies, advanced leadership ethics, and Air Force doctrine. The final course in the series examines officership, the military justice system, social responsibilities, current issues affecting the military profession, and various factors that will facilitate a smooth transition from civilian to military life. The course includes three hours of class work and three hours of mandatory leadership laboratory each week. The AS 4104 Leadership Laboratory complements the classroom work by providing advanced leadership experiences in officer-like activities and giving the students the opportunity to apply leadership and management principles.",1.5,1.5,2021 - 2022 Academic Year,D
BB 1001,BB,Biology,1001,Introduction To Biology,"Cat. I This course is designed for students seeking a broad overview of biologic concepts, especially at the cell and organism level. It is conducted in an active style including the use of case studies, class discussion/participation, and classroom polling systems. The major goal of this course is to help students become more informed citizens, skeptical when presented with data in the media, and knowledgeable enough to question and make informed decisions about scientific advances and science policy. It will primarily focus on current topics which may include stem cells, ethical uses of DNA, development of personalized medicine, genetic engineering, antibiotic resistance. This course is intended for non-life science majors. Recommended background: High School Biology",3.0,3.0,2021 - 2022 Academic Year,"B,C"
BB 1002,BB,Biology,1002,Environmental Biology,"Cat. I This course is designed for students seeking a broad overview of ecological systems and the effect of humans on the ecosystems. It provides an introduction to natural ecosystems, population growth, and the interaction between human populations and our environment. It is conducted in an active style including the use of case studies, class discussion/participation, and classroom polling systems. The major goal of this course is to help students become more informed environmental citizens, skeptical when presented with data in the media, and knowledgeable enough to question and make informed decisions about the environment. It will primarily focus on current topics but areas of discussion likely to be covered include ecosystems, populations, biodiversity, pollution, environmental economics and climate change. This course is intended for non- life science majors. Recommended background: High School Biology",3.0,3.0,2021 - 2022 Academic Year,A
BB 1003,BB,Biology,1003,Explrng Bioinfmtcs & Compu Bio,"Life scientists are generating huge amounts of data on many different scales, from DNA and protein sequence, to information on biological systems such as protein interaction networks, brain circuitry, and ecosystems . Analyzing these kinds of data requires quantitative knowledge and approaches using computer science and mathematics . In this project-based course, students will use case studies to learn about both important biological problems and the computational tools and algorithms used to study them . Students will study a sampling of topics in the field; recent topics included complex disease genetics, HIV evolution, antibiotic resistance, and animal migration behavior . In addition, students will hear from several guest speakers about their interdisciplinary research . Computational tools explored will include both freely-available tools to analyze sequences and build phylogenetic trees (e .g . BLAST, MUSCLE, MEGA) as well as guided programming using languages such as Python, R, and Netlogo . Students may not receive credit for both BCB / BB 100X and BCB / BB 1003 . BBT majors may count this course as fulfilling part of their quantitative science and engineering requirement, but not as part of their BB 1000 level course requirement . Recommended background: High school biology . Programming experience is not required .",3.0,3.0,2021 - 2022 Academic Year,B
BB 1025,BB,Biology,1025,Human Biology,"Cat. IThis course presents students with an introduction to general concepts of human biology with particular focus on human structure and function . Concepts such as homeostasis, structure/function, and regulatory systems will be introduced . Discussion of current topics related to human health, such as personalized medicine and recent advances in cancer research and auto immune disease will be integrated throughout the course . This course is intended for BBT and other life science majors . Recommended background: a solid working knowledge of biological principles such as would be learned in a rigorous high school biology course .",3.0,3.0,2021 - 2022 Academic Year,"B,C"
BB 1035,BB,Biology,1035,Introduction To Biotechnology,"Cat. I Through lectures, discussion and project work, students will gain an understanding of the function of biological systems at the molecular and cellular level . This course will explore topics such as genes-to-proteins, cell cycle regulation, genomics, and cell signaling as foundational concepts in genetic and cellular engineering, synthetic biology, stem cell generation, regenerative and personalized medicine and the production of therapeutic biologics . Projects will be designed to facilitate students’ understanding of the links between biological systems and biotechnology applications, including their impact on society . This course is intended for BBT and other life science majors . Recommended background: a solid working knowledge of biological principles such as would be learned in a rigorous high school biology course.",3.0,3.0,2021 - 2022 Academic Year,"A,D"
BB 1045,BB,Biology,1045,Biodiversity,"Cat. I Through lectures, readings, and discussions this course will examine the breadth, patterns, mechanisms, and conservation of biodiversity . Case studies and peer-to-peer learning will be used to examine threats to regional and global biodiversity and assess management and engineering strategies for solutions to the biodiversity crisis . Students will investigate and interpret past and contemporary research to quantify, document, and track trends in biodiversity . This course will use problem sets and assignments to explore the natural, social, and economic tradeoffs associated with threats to and conservation of biodiversity . Students will develop an area of expertise and synthesize their comprehension of topics through project work (e .g ., management plan, report, presentation, citizen science) . Finally, this course will provide a synthesis of the interdisciplinary nature of biodiversity conservation and how principles of conservation biology, landscape ecology, metapopulation biology, and biogeography can be applied to strategies aimed towards sustaining Earth’s biota . This course is intended for BBT and other life science majors . Recommended Background: a solid working knowledge of biological principles such as would be learned in a rigorous high school biology course .",3.0,3.0,2021 - 2022 Academic Year,C
BB 2003,BB,Biology,2003,Fundamentals Of Microbiology,"Cat. IThis course will introduce the basic principles of microbiology through lectures, discussion, readings, and projects. The course will explore both the fundamental biology of microbes and the ways in which microbes influence society and the world. Topics will include the morphology, physiology, and genetics of unicellular organisms with a primary focus on bacteria. Special attention will be given to organisms known to have important roles in health, research, industry, and the environment. This course is designed for all biology majors and other students who seek a good general education in modern biology.Recommended background: A basic understanding of cell biology andelementary biochemical processes (BB 1035, BB 2550 or equivalent).Students may not receive credit for both BB 2002 and BB 2003",3.0,3.0,2021 - 2022 Academic Year,D
BB 2030,BB,Biology,2030,Plant Diversity,Cat. IThis course focuses on general concepts as they relate to the vast array of plant species and their taxonomic links. Current uses of major plant phyla in both society and the biotechnology industry will be explored. Some emphasis will be given to economically important species chosen from agronomic and non-agronomic situations.Recommended background: a working knowledge of concepts in biodiversity (BB1045 or equivalent).Students may not receive credit for both BB 2030 and BB 1040 (no longer offered).,3.0,3.0,2021 - 2022 Academic Year,D
BB 2040,BB,Biology,2040,Principles Of Ecology,"Cat. I This course is intended to help students understand ecological concepts at different levels of integration, from individuals to ecosystems, and the linkages among them. Students will also practice the application of qualitative and quantitative models to ecological systems and processes, as well as hypothesis generation, experimental design, and analysis and interpretation of data. In a format that includes team-based case studies, discussion and presentations, and ecological simulations, students will explore topics in both basic and applied ecology, which may include population ecology, host-parasite ecology and epidemiology, climate change, and sustainable agriculture, among others. Recommended background: a working knowledge of concepts in biodiversity (BB1045 or equivalent) and integral and differential calculus.",3.0,3.0,2021 - 2022 Academic Year,B
BB 2050,BB,Biology,2050,Animal Behavior,"Cat. I This course will provide an introduction to the scientific study of animal behavior. A combination of lecture, reading, and video will be used to illustrate how proximate and ultimate forces interact to shape animal behavior in complex and fascinating ways. Behavioral phenomena in all members of the animal kingdom will be discussed and analyzed from ecological, evolutionary, cognitive, and neurobiological perspectives to highlight how the use of an integrative approach has greatly accelerated our ability to solve complex behavioral problems. Primary scientific literature will be used to outline experimental tools and techniques used to investigate behavior in different contexts, including communication, foraging, navigation, mate choice, predation, and social behavior.",3.0,3.0,2021 - 2022 Academic Year,"A,D"
BB 2550,BB,Biology,2550,Cell Biology,"Cat. I The goal of this course is to help students to develop a working understanding of the unifying concepts that define cell structure and function including replication, metabolism, regulation, communication and death. Applications in therapeutics, molecular medicine, and genetic engineering will be introduced. Classic and current research examples will provide practice in hypothesis generation and testing as well as making clear the importance of a working knowledge of cell biology to support advances in biotechnology and medicine. The course serves as the foundation of all fields of modern biology, and is recommended for all BBT and other life science majors. Recommended background: BB 1035 (Biotechnology) or equivalent",3.0,3.0,2021 - 2022 Academic Year,"A,C,D"
BB 2902,BB,Biology,2902,"Enzymes, Proteins, And Purification","Cat. I (1/6 unit) This course gives basic practical experimental experience in enzymology, how enzymes work and how to purify them for later use . These techniques are the foundation the design and production of many therapeutic products . Examples of the types of techniques and experiences included in this course are: • The action and optima of enzyme catalysis • Induction of enzyme production • Quantification and detection techniques for proteins • Extraction and purification of protein from biological material using column chromatography • Identification of compounds using Thin Layer Chromatography Recommended background: a working knowledge of concepts in biotechnology (BB 1035 or equivalent) .",1.5,1.5,2021 - 2022 Academic Year,A
BB 2903,BB,Biology,2903,Anatomy And Physiology,"Cat. I (1/6 unit) This course is an active exploration of a number of topics in anatomy and physiology through the use of simulations, measurement and hands on discovery . It will be particularly relevant to any student considering a health related career, doing work where body structure is relevant or has interest in how body systems connect . A significant portion of this discovery will be accomplished by a hands-on dissection . Examples of the specific types of techniques and experiences included in this course are: • Comparative and general anatomy of several organisms • Physiology and function of body systems, processes and organs • Enzyme Linked Immunosorbent Assay (ELISA) • Microscopy Recommended background: a working knowledge of concepts in human biology (BB 1025 or equivalent) .",1.5,1.5,2021 - 2022 Academic Year,C
BB 2904,BB,Biology,2904,"Ecology, Environment, And Animal Behavior","Cat. I (1/6 unit) This course examines topics in ecology and animal behavior through hands on experimentation and simulation . Activities in this course include interactions and observation of live animals as well as some outdoor activities and environmental sampling . This course will be relevant to students who have an interest in biology at more than the individual organism level as well as those with majors involving environmental and ecological concerns . Examples of the specific types of techniques and experience included in this course are: • Observing, recording, understanding, and analyzing animal behaviors • Handling of organisms • Environmental and ecological assessment and sampling • Observations of population dynamics Recommended background: a working knowledge of concepts in biodiversity (BB 1045 or equivalent) .",1.5,1.5,2021 - 2022 Academic Year,D
BB 2915,BB,Biology,2915,Searching For Solutions In Soil: Microbial And Molecular Investigations,"Students in this course will be part of a national student crowd sourcing initiative, developed in response to a decreasing supply of effective antibiotics and increased microbial resistance, to identify novel antibiotics produced by soil bacteria. Operating in an authentic research paradigm, students will gain skill in the process of scientific inquiry, including hypothesis generation and testing, and in common procedures of microbial culture and characterization. They will learn about and have the opportunity to use the techniques of recombinant DNA including the use of plasmids, restriction enzymes, and PCR. At the conclusion of the course students will report their findings in a poster style format and will be able to see the results of other groups around the country. Recommended background: A familiarity with current topics in biotechnology or microbiology such as those introduced in BB 1035 and BB 2003, or equivalent. Students may not receive credit for this course and either BB2901 and BB2905.",3.0,3.0,2021 - 2022 Academic Year,B
BB 2917,BB,Biology,2917,Hunting For Phage,"Cat. I (1/3 unit) Students in this course will become part of a national crowd sourcing initiative to isolate and identify novel bacteriophage. Students will design experiments to initially isolate phage (bacterial viruses) from environmental samples they have collected, then characterize and determine their DNA sequence. The DNA sequences will be used in the follow-on bioinformatics course BB 3526 Phage Hunters: The Analysis. Students in this course will make significant contributions to the field of genomics while gaining skill in the process of scientific inquiry, including hypothesis generation and testing, and practice in common microbiologic techniques. Recommended background: A working knowledge of biotechnology or microbiology (BB 1035 or BB 2003, or equivalent). Students enrolled in this course may wish to consider enrollment in BB 3526 (Phage Hunters: The Analysis). Students that have already received course credit for BB 291X or BB 2916 may not also receive credit for BB 2917.",3.0,3.0,2021 - 2022 Academic Year,A
BB 2920,BB,Biology,2920,Genetics,"Cat. 1 Through interactive lectures, group problem solving, and analysis of primary scientific literature, this course will help students understand the gene concept and its application in modern biological analysis. This course will cover patterns of inheritance, the relationship between genotype and phenotype, and the transmission, coding, and expression of genetic information contained in DNA, in several model systems. Students will gain an understanding of the modern tools of genetic analysis, including gene cloning, creation of transgenic organisms, high-throughput sequencing and RNA interference. Applications of genetic analysis to current advancements in agriculture through crop improvements, and in human health, including gene therapy and personalized medicine, will be explored. Recommended background: a working knowledge of concepts in biotechnology (BB 1035 or equivalent)",3.0,3.0,2021 - 2022 Academic Year,"A,C"
BB 294X,BB,Biology,294X,"Ecology, Behavior and Environmental History","This course examines topics in ecology, environmental biology and population dynamics. Activities in this course include environmental sampling of sites around the city of Worcester, and isolation and characterization of nematode populations which serve as sentinels of environmental quality. Soil analysis will also be carried out, examining nutrients, minerals and possible environmental contaminants such as heavy metals. The sampling sites will also be investigated from an historical perspective by students in HI 3317, Topics in Environmental History. Students in the two courses will meet together weekly in discussion sections to share their findings. Students in each course will receive credit relevant to that discipline. Students may enroll in both courses and may earn both HUA and BBT credit. This course will be relevant to students who have an interest in biology at more than the individual organism level as well as those with majors involving environmental and ecological concerns. Students of environmental history and social justice may also find it an interesting way to include basic science in their studies. Examples of the specific types of techniques and experience included in this course are: Collection and isolation of experimental organisms Observation, characterization and recording of animal phenotypes and behaviors Environmental and ecological assessment and sampling Observations of population dynamics and diversity Recommended background: a working knowledge of concepts in biodiversity (BB 1045 or equivalent).",3.0,3.0,2021 - 2022 Academic Year,D
BB 2950,BB,Biology,2950,Molecular Biology,"Cat. I Through a combination of lectures and in class discussion, students will learn and understand the essential concept of molecular biology, including the mechanisms by which information stored in nucleic acids is maintained and processed in living systems. An evolutionary framework will help illustrate how genomes are structured and how they change. Basic regulatory mechanisms of gene expression will be addressed, with emphasis in eukaryotic gene regulatory proteins. The concepts learned in this course will provide the foundation to continue exploring this rapidly expanding field. Recommended background: a working knowledge of concepts in biotechnology (BB 1035 or equivalent)",3.0,3.0,2021 - 2022 Academic Year,B
BB 3003,BB,Biology,3003,Medical Microbiology: Plagues Of The Modern World,"Cat. I Using a case study approach, this course will focus on molecular mechanisms of pathogenesis of a wide range of infectious diseases and host-pathogen interactions including a survey of human immunobiology. Students will gain an understanding of microbes that are of medical relevance including bacteria, viruses, fungi, and protozoans, enabling them to make informed decisions about appropriate medical interventions. Students will be able to evaluate how their day-to-day choices impact public health as well as alter microbial communities. This interactive course is designed for all biology and biochemistry majors as well as other students with the recommended background who have an interest in the pathogenesis of disease. Recommended background: a working knowledge of concepts in biotechnology, molecular biology and microbiology (BB 1035, BB 2950, and BB 2003 or equivalent) Students may not receive credit for both BB 2002 Microbiology: Plagues of the Modern World and BB 3003 .",3.0,3.0,2021 - 2022 Academic Year,A
BB 3010,BB,Biology,3010,Simulation In Biology,"Cat. IIComputer simulations are becoming increasingly important in understanding and predicting the behavior of a wide variety of biological systems, ranging from metastasis of cancer cells, to spread of disease in an epidemic, to management of natural resources such as fisheries and forests. In this course, students will learn to use a graphical programming language to simulate biological systems. Most of the classroom time will be spent working individually or in groups, first learning the language, and then programming simulation projects. We will also discuss several papers on biological simulations from the primary scientific literature. In constructing and comparing their simulations, students will demonstrate for themselves how relatively simple behavioral rules followed by individual molecules, cells, or organisms can result in complex system behaviors.Recommended background: Students taking this course must have a solid background in a biological area they would like to simulate, at about the depth provided by a BB 3000 level class. No programming experience is assumed.This course will offered in 2020-21, and in alternating years thereafter.",3.0,3.0,2021 - 2022 Academic Year,D
BB 3050,BB,Biology,3050,Cancer Biology,"Cat.I In this course, students will learn and apply advanced cellular and molecular biology concepts to understand causes and consequences of cancer cell transformation. Through an integration of primary literature and lecture material students will explore how research into basic mechanisms of cancer biology is used to identify therapeutic targets, and inform drug design. This course will cover discussion of the hallmarks of cancer including the deregulation of cell growth, cell death, and metabolism; corruption of genome stability, evasion of immune response, and metastatic potential. Recommended background: A thorough understanding of genetics (BB 2920 or equivalent), molecular biology (BB 2950 or equivalent), and cell biology (BB 2550 or equivalent) .",3.0,3.0,2021 - 2022 Academic Year,C
BB 3080,BB,Biology,3080,Neurobiology,"Cat. I The nervous system underlies every aspect of our behavior, including sensation, movement, emotion, and cognition . In this course, students will develop an understanding of neurobiology at several levels, from the physiology of individual neurons, through the functioning of neural circuits, and finally to the behavior of neural systems such as vision, motion, and memory. The class will be based on lectures accompanied by in-class activities, and will include weekly discussion of a paper from the scientific literature. The class will focus each year on a guiding theme, such as a particular neurotransmitter system, and will emphasize research on human neurological problems, such as schizophrenia, addiction, Alzheimer’s disease, and autism. Recommended background: a working knowledge of concepts in cell biology (BB 2550 or equivalent), and either genetics or molecular biology (BB2920 or BB2950 or equivalent) Suggested background: a working knowledge of concepts related to the anatomy and physiology of movement and communication (BB 3101 or equivalent). Students may not receive credit for both BB 4080 and BB 3080 .",3.0,3.0,2021 - 2022 Academic Year,B
BB 3101,BB,Biology,3101,Human Anatomy & Physiology: Movement And Communication,"Cat. I The form and function of the systems that are responsible for the support, movement, internal communication, and interaction of the human body with its environment will be presented and discussed: Integumentary, Skeletal, Muscular, Nervous (including the senses), and Endocrine. Recommended background: BB 1025 and BB 2550. Suggested background: Concurrent Laboratory Module: BB 3511 . Students who have received credit for BB 2130 may not take BB 3101 for credit .",3.0,3.0,2021 - 2022 Academic Year,A
BB 3102,BB,Biology,3102,Human Anatomy & Physiology: Transport And Maintenance,"Cat. I The form and function of the systems of the human body that provide for the intake, distribution, and processing of nutrients, water, and oxygen, and the systems that safeguard health by elimination of wastes, regulation of metabolism, and surveillance against disease will be presented and discussed. Digestive, Respiratory, Circulatory, Lymphatic, Endocrine, Urinary, and Reproductive. Recommended Background: BB 1025 and BB 2550; CH 1010 and CH 1020. Suggested background: Concurrent Laboratory Module: BB 3514. Students who have received credit for BB 3110 may not take BB 3102 for credit.",3.0,3.0,2021 - 2022 Academic Year,B
BB 3120,BB,Biology,3120,Plant Physiology,"Cat. II This course explores the remarkable physiology of plants and emphasizes their importance in past and future life on earth. Conserved and unique aspects of plant cellular physiology will provide the foundation to understand the challenges of life on land and multicellularity. Topics such as water relations, mineral nutrition, intra- and inter-cellular transport, photosynthesis, and light responses will be discussed. Examples from the recent literature will be used to illustrate some of the key existing problems in plant physiology. Recommended background: a working knowledge of concepts in biodiversity and cell biology (BB 1045 and BB 2550 or equivalent) and in chemical reactions (CH 1020 or equivalent) This course will be offered in 2019-20, and in alternating years thereafter. Some sections of this course may be offered as Writing Intensive (WI).",3.0,3.0,2021 - 2022 Academic Year,C
BB 3140,BB,Biology,3140,Evolution: Pattern And Process,"Cat. II In this course, students will explore the foundations of micro- and macro-evolutionary theory and will learn to apply these fundamental evolutionary principles through critical analysis of the primary scientific literature. In a course format that emphasizes team-based case studies, discussion of recent and classic papers, and computer simulation of evolutionary processes, students will explore the evolutionary foundations of a wide range of biological disciplines, and will gain experience in critical evaluation of approaches, arguments, and points of view in the field. Topics may include the history of life on Earth; biogeography and the origins of biodiversity; host-pathogen coevolution; and genomic and molecular evolution, among others. Recommended background: a working knowledge of the principles of ecology and genetics (BB2040 and BB2920 or equivalent) and integral and differential calculus This course will be offered in 2019-20, and in alternating years thereafter .",3.0,3.0,2021 - 2022 Academic Year,D
BB 3511,BB,Biology,3511,Nerve And Muscle Physiology,"Cat. 1 Exercises in this course focus on computer and wet laboratory studies of nerve and muscle structure and function. Students will gain experience in hypothesis generation and testing, and will have extensive experience using an interactive biomedical/physiological data acquisition and analysis system. Recommended background: a working knowledge of laboratory skills and concepts in anatomy and physiology (BB 2903 and BB 3101 or equivalent) .",1.5,1.5,2021 - 2022 Academic Year,"A,D"
BB 3512,BB,Biology,3512,Molecular Genetics Lab,"Cat. I (1/6 unit) The topic of gene therapy will be used to give students experience with several fundamental skills in biotechnological research and practice: on-line information search and retrieval, computer cloning, and biological sequence analysis and manipulation. Course is entirely computer based. Recommended background: a working knowledge of laboratory skills and concepts in molecular biology, microbiology and genetics (BB 2901, BB 2950, BB 2002, and BB 2920 or equivalent) .",1.5,1.5,2021 - 2022 Academic Year,B
BB 3513,BB,Biology,3513,Cell Culture Techniques For Animal Cells,"Cat. I (1/6 unit) Basic laboratory skills in mammalian cell culture to include cell counting, freezing and thawing cell lines, culture of suspension and attached cells. Recommended background: BB 2901, BB 2550 and knowledge of aseptic techniques. Concurrent or prior registration in BB 4008 is recommended .",1.5,1.5,2021 - 2022 Academic Year,"A,B,D"
BB 3514,BB,Biology,3514,Circulatory And Respiratory Physiology,"Cat. I (1/6 unit) Exercises in this course focus on wet laboratory and computer studies of circulatory and respiratory system structure, function and physiology. Students will gain experience in hypothesis generation and testing, and will be introduced to an interactive biomedical/physiological data acquisition and analysis system. Recommended background: a working knowledge of laboratory skills and concepts in anatomy and physiology (BB 2903 and BB 3102 or equivalent).",1.5,1.5,2021 - 2022 Academic Year,"B,C"
BB 3517,BB,Biology,3517,Fermentation,"Cat. I (1/6 unit) The experiments in this course focus on basic fermentation theory and practice, common to any bio-product production facility. Students will gain significant experience in hypothesis generation and testing as they work toward the goal of optimizing their proposed culture media. Recommended background: a working knowledge of laboratory techniques in molecular biology, and microbiology (BB 2901 or equivalent), and concepts in cell biology (BB 2550 or equivalent) .",1.5,1.5,2021 - 2022 Academic Year,D
BB 3521,BB,Biology,3521,Microscopy,"Cat. II (1/6 unit) Through a research-based laboratory and short lectures, students will learn the basic principles of image formation, resolution, and digital imaging. Students will develop confidence in the use of the light microscope and be able to apply different modes of microscopy to solve biological problems. This course emphasizes a quantitative approach to microscopy and digital imaging applied toward simple phenotypic analysis. Student will develop scientific writing skills and learn how to prepare professional quality images. Recommended background: a working knowledge of laboratory techniques in molecular biology, and microbiology (BB 2901 or equivalent), and concepts in cell biology (BB 2550 or equivalent) Some sections of this course may be offered as Writing Intensive (WI).",1.5,1.5,2021 - 2022 Academic Year,B
BB 3525,BB,Biology,3525,Plant Physiology,Cat. I (1/6 unit) Basic studies in the biochemical and physical systems plants use to sustain life; includes an introduction to plant cell culture techniques. Recommended background: BB 1045 and BB 2903. Concurrent or prior registration in BB 3120 is recommended. Students who have received credit for BB 325X may not receive credit for BB 3525. Some sections of this course may be offered as Writing Intensive (WI).,1.5,1.5,2021 - 2022 Academic Year,B
BB 3526,BB,Biology,3526,Phage Hunters: The Analysis,"Cat. I (1/6 unit) In this computer lab students will work with phage genomic sequences obtained from novel bacteriophages isolated in BB 2910, Phage Hunters: The Quest. The raw genome files will be finished and oriented; students will then search the sequence to identify and map existing genes and other genomic components (sequence annotation). Additional course goals are to do an initial comparative genomic analysis and post-annotation experimentation. The ultimate goal is to produce novel bacteriophage genome sequences that are ready to be submitted to GenBank, the US repository of DNA sequence information at the National Institute of Health. Recommended background: a working knowledge of genome structure and function (BB 2920, BB 2950, or equivalent). Students planning to take this course may wish to consider enrollment in BB 2916 (Phage Hunters: The Quest) Students may not receive credit for both BB 350X and BB 3526",1.5,1.5,2021 - 2022 Academic Year,C
BB 3527,BB,Biology,3527,Molecular Biology And Genetic Engineering: Approaches And Applications,"Cat. I (1/3 unit) In this laboratory based course, students will learn to use current techniques in molecular and genetic engineering to address authentic research questions. Students will design and execute experiments to assess hypotheses, and evaluate data relative to those hypotheses. Specific approaches may include the generation of novel plasmids, genes, and cells, designed to specifically address contemporary problems in biology and biomedical science. In each offering, the problem addressed will be selected from and the results contribute to current faculty research initiatives. Recommended background: Working knowledge of the principles of molecular biology (BB 2950 or BB 2920 or equivalent) and cell biology (BB 2550 or equivalent), as well as relevant biology laboratory experience (BB 2905, BB 2915, or BB 2916). Students may not receive credit for both BB 356X and BB 3527 .",3.0,3.0,2021 - 2022 Academic Year,D
BB 3530,BB,Biology,3530,Immunotherapies: The Next Generation of PharmaceuticalsImmunotherapies: The Next Generation of Pharmaceuticals,"While the production of monoclonal antibodies has been around since the 1970s, their clinical use as human therapeutics represents an increasingly popular and promising application. Beginning with a hybridoma cell line and using a discovery based approach, students in this course will explore the processes involved in the production and purification of monoclonal antibodies. Using cells in culture to produce the antibody, students will explore the efficacy and cost of a purification scheme involving separation techniques such as ion exchange and affinity chromatography to produce a purified product. Purification will be assessed using typical analytical techniques such as spectroscopy, electrophoresis and immunological based methods. Recommended background: a working knowledge of laboratory skills in enzyme and protein purification (BB 2902 or equivalent) and concepts in cell biology and biochemistry (BB2550 and CH4110 or equivalent). Some knowledge of immunology may be beneficial.",3.0,3.0,2021 - 2022 Academic Year,A
BB 3570,BB,Biology,3570,Cell Culture Models for Tissue RegenerationCell Culture Models for Tissue Regeneration,"This course is an intensive hands-on laboratory that explores mammalian cells as building blocks of complex tissues in vitro. In addition to learning standard cell culture skills, students will have the opportunity to examine cell survival, proliferation, differentiation, and function under different culture conditions. The course culminates with design and development of a cell-based system for an application in regenerative medicine (e.g., wound healing and fibrosis). Students will synthesize and present their work in the form of a research manuscript. Recommended background: a working knowledge of the principles of cell biology (BB 2550 or equivalent) and molecular biology and/or genetics (BB 2920 or 2950 or equivalent) as well as foundational lab experience such as that offered in the BB 2900 lab sequence.",3.0,3.0,2021 - 2022 Academic Year,C
BB 3620,BB,Biology,3620,Developmental Biology,"Cat. II Through lecture, reading, and discussion, this course will help students understand how developmental biologists study the development of a fertilized egg into a multi-cellular animal. Beginning with the description of developmental events, the major problems of developmental biology such as determination of cell fate, differentiation, and pattern formation will be explored. Emphasis will be placed on techniques such as analysis of mutations, molecular genetics, gene transfer, and the use of model organisms. Societal implications of the ability to control the outcome of development will be discussed. Recommended background: a working knowledge of concepts in microbiology, cell biology and genetics (BB 2002, BB 2550, and BB 2920 or equivalent) This course will be offered in 2019-20, and in alternating years thereafter .",3.0,3.0,2021 - 2022 Academic Year,B
BB 3920,BB,Biology,3920,Immunology,"Cat. I Through lecture, reading, and discussion, this course will help students understand the origin of immune cells in bone marrow development, the distinction between innate and adaptive immunity, and the function of the immune system in health and disease. The mechanisms responsible for the exquisite specificity of the adaptive immune system will be described. Throughout the course, the probable paths of evolution of the immune system will be stressed. As examples of major genetic diseases of immunity, case studies will be discussed on a weekly basis. Recommended background: a working knowledge of the concepts in cell biology, genetics and biochemistry (BB 2550, BB 2920, CH 4110 and 4120 or equivalent)",3.0,3.0,2021 - 2022 Academic Year,D
BB 4801,BB,Biology,4801,Bioinformatics,"Cat. II In an age when the amount of new biological data generated each year is exploding, it has become essential to use bioinformatics tools to explore biological questions. This class will provide an understanding of how we organize, catalog, analyze, and compare biological data across whole genomes, covering a broad selection of important databases and techniques. Students will acquire a working knowledge of bioinformatics applications through hands-on use of software to ask and answer biological questions in such areas as genetic sequence and protein structure comparisons, phylogenetic tree analysis, and gene expression and biological pathway analysis. In addition, the course will provide students with an introduction to some of the theory underlying the software (for example, how alignments are made and scored). Recommended background: a working knowledge of concepts in genetics and molecular biology (BB2920 and BB2950 or equivalent), and statistics (MA 2610 or MA2611 or equivalent) This course will be offered in 2020-21, and in alternating years thereafter.",3.0,3.0,2021 - 2022 Academic Year,B
BB 4900,BB,Biology,4900,Capstone Experience In Biology And Biotechnology,"Cat. I These classes will serve as integrative experiences for students majoring in Biology & Biotechnology . The course will help students integrate concepts from other courses in the curriculum, practice skills of critical analysis, and evaluate and communicate scientific information effectively. The specific theme of each offering will center around a current topic of biological interest, and may include such areas as genomics, cancer, environmental problems, and synthetic biology. Prior to enrolling in the seminar, a student should have completed all of the BB course distribution requirements for BBT majors at the 1000 and 2000 level, or should seek advice from the course instructor. Topics will be announced prior to registration in the year preceding the course offering.",3.0,3.0,2021 - 2022 Academic Year,"A,B,C,D"
BB 501,BB,Biology,501,Seminar,(1 Credit),1.0,1.0,2021 - 2022 Academic Year,"A,B,C,D"
BB 504,BB,Biology,504,Molecular Biology of the Cell,"This course will facilitate a student’s functional knowledge of living cells from a biological, biochemical and technological perspective. Topics covered will include the structure, organization, growth, regulation, movements, and interaction of cells, as well as details of cellular metabolism and molecular biology. Emphasis will be placed on visualizing cellular architecture, describing the structure of DNA, describing the fate of various cellular RNAs, articulating information flow in cells, and describing protein outcomes. This course is intended to achieve a homogenous level of student understanding and can be used as a foundation course for the program. This course is designed to familiarize students with basic concepts of molecular biology including structure, organization, growth, regulation, movements, and interactions within a cell. Details of metabolism and molecular biology will be covered through projects and study of the primary literature to achieve a homogenous level of student understanding and rigor. Weekly online assessments are designed to ensure understanding. Note: Students may not receive credit for BB 504 and BB 570-196.",3.0,3.0,2021 - 2022 Academic Year,"A,B"
BB 505,BB,Biology,505,Fermentation Biology,"Material in this course focuses on biological (especially microbiological) systems by which materials and energy can be interconverted (e .g ., waste products into useful chemicals or fuels). The processes are dealt with at the physiological and the system level, with emphasis on the means by which useful conversions can be harnessed in a biologically intelligent way. The laboratory focuses on measurements of microbial physiology and on bench-scale process design.",3.0,3.0,2021 - 2022 Academic Year,"C,D"
BB 508,BB,Biology,508,Animal Cell Culture,"Animal cell culture technology is about maintaining cells in vitro under controlled conditions. In recent decades this technology has advanced significantly, and animal cells are used in variety of application both in research and product development. The students in this course will be exposed to the different methodologies utilized to grow cells and how this technology is becoming critical in production of many of the health care products used to control human diseases. The course is covers four general skills (1) Basic techniques for culturing and sub-culturing animal cells and growth parameters, (2) Quality control of a cell culture laboratory/How to control contamination, (3) Primary cell culture and development of cell lines, and (4) Scale-up of cell culture from a T-Flask to a bioreactor. Note: Students may not receive credit for BB508 and BB570-198",3.0,3.0,2021 - 2022 Academic Year,"A,B"
BB 509,BB,Biology,509,Scale Up Of Bioprocessing,"Strategies for optimization of bioprocesses for scale-up applications will be explored. In addition to the theory of scaling up unit operations in bioprocessing, students will scale up a bench-scale bioprocess (5 liters), including fermenta- tion and downstream processing to 55 liters. Specific topics include the effects of scaling up on: mass transfer and bioreactor design, harvesting techniques including tangential flow filtration and centrifugation, and chromatography (open column and HPLC).",3.0,3.0,2021 - 2022 Academic Year,
BB 551,BB,Biology,551,Research Integrity In The Sciences,"(1 credit) Students are exposed to various issues related to integrity in doing research to enable development of an appropriately reasonable course of action in order to maintain integrity on a variety of research-related performance and reporting activities. These activities include, but are not limited to data fabrication, authorship, copyright, plagiarism, unintended dual use of technology, and responsibilities towards peers who may request your confidential review or feedback. The course will use class discussion, case studies, and exercises to facilitate an understanding of the responsibilities of scientists to their profession. Students may receive credit for either BB551 or a BB570 course entitled Research Integrity in the Sciences but not both .",1.0,1.0,2021 - 2022 Academic Year,"A,B"
BB 554,BB,Biology,554,Journal Club,"(1 credit) This course is offered every semester covering different topics, both basic and applied, in Biology and Biotechnology and rotates among the faculty. Students read and discuss the literature in relevant topics.",1.0,1.0,2021 - 2022 Academic Year,"A,B,C,D"
BB 560,BB,Biology,560,Methods Of Protein Purification And Downstream Processing,"(3 credits) This course provides a detailed hands-on survey of state-of-the-art methods employed by the biotechnology industry for the purification of products, proteins in particular, from fermentation processes. Focus is on methods that offer the best potential for scale-up. Included is the theory of the design, as well as the operation of these methods both at the laboratory scale and scaled up. It is intended for biology, biotechnology, chemical engineering and biochemistry students. (Prerequisite: knowledge of basic biochemistry is assumed.)",3.0,3.0,2021 - 2022 Academic Year,"C,D"
BB 561,BB,Biology,561,Model Systems: Experimental Approaches And Applications,"(2 credit) The course is intended to introduce students to the use of model experimental systems in modern biological research. The course covers prokaryotic and eukaryotic systems including microbial (Escherichia coli) and single cells eukaryotes (fungi); invertebrate (Caenorhabditis elegans, Drosophila melanogaster) and vertebrate (mice, zebra fish) systems and plants (moss, algae and Arabidopsis thaliana). Use of these systems in basic and applied research will be examined. Students may receive credit for either BB561 or a BB570 course entitled Model Systems: Experimental Approaches and Applications but not both .",2.0,2.0,2021 - 2022 Academic Year,"C,D"
BB 570,BB,Biology,570,Special Topics,(variable credit) Speciality subject courses are offered based on the expertise of the department faculty such as Stem Cell Biology.,3.0,3.0,2021 - 2022 Academic Year,"A,B,C,D"
BB 581,BB,Biology,581,Bioinformatics,"This course will provide an overview of bioinformatics, covering a broad selection of the most important techniques used to analyze biological sequence and expression data. Students will acquire a working knowledge of bioinformatics applications through hands-on use of software to ask and answer biological questions. In addition, the course will provide students with an introduction to the theory behind some of the most important algorithms used to analyze sequence data (for example, alignment algorithms and the use of hidden Markov models). Topics covered will include protein and DNA sequence alignments, evolutionary analysis and phylogenetic trees, obtaining protein secondary structure from sequence, and analysis of gene expression including clustering methods. Students may not receive credit for both BCB 4001 and BCB 501. (Prerequisite: knowledge of genetics, molecular biology, and statistics at the undergraduate level.)",3.0,3.0,2021 - 2022 Academic Year,"C,D"
BB 590,BB,Biology,590,Capstone Experience In Biology And Biotechnology,"These classes will serve as integrative experiences for graduate students who are early in their doctoral training. The course will help students integrate concepts from other courses in the curriculum, practice skills of critical analysis, and evaluate and communicate scientific information effectively. The specific theme of each offering will center around a current topic of biological interest, and may include such areas as genomics, cancer, environmental problems, and synthetic biology. Topics will be announced prior to registration in the year preceding the course offering. NOTE: Students may not earn credit for both BB 4900 and BB 590 that bear the same section number and course description.",3.0,3.0,2021 - 2022 Academic Year,"A,B,C,D"
BCB 1003,BCB,Bioinformatics & Computational Biology,1003,Explrng Bioinfmtcs & Compu Bio,"Life scientists are generating huge amounts of data on many different scales, from DNA and protein sequence, to information on biological systems such as protein interaction networks, brain circuitry, and ecosystems . Analyzing these kinds of data requires quantitative knowledge and approaches using computer science and mathematics . In this project-based course, students will use case studies to learn about both important biological problems and the computational tools and algorithms used to study them . Students will study a sampling of topics in the field; recent topics included complex disease genetics, HIV evolution, antibiotic resistance, and animal migration behavior . In addition, students will hear from several guest speakers about their interdisciplinary research . Computational tools explored will include both freely-available tools to analyze sequences and build phylogenetic trees (e .g . BLAST, MUSCLE, MEGA) as well as guided programming using languages such as Python, R, and Netlogo . Students may not receive credit for both BCB / BB 100X and BCB / BB 1003 . BBT majors may count this course as fulfilling part of their quantitative science and engineering requirement, but not as part of their BB 1000 level course requirement . Recommended background: High school biology . Programming experience is not required .",3.0,3.0,2021 - 2022 Academic Year,B
BCB 3010,BCB,Bioinformatics & Computational Biology,3010,Simulation In Biology,"Cat. IIComputer simulations are becoming increasingly important in understanding and predicting the behavior of a wide variety of biological systems, ranging from metastasis of cancer cells, to spread of disease in an epidemic, to management of natural resources such as fisheries and forests. In this course, students will learn to use a graphical programming language to simulate biological systems. Most of the classroom time will be spent working individually or in groups, first learning the language, and then programming simulation projects. We will also discuss several papers on biological simulations from the primary scientific literature. In constructing and comparing their simulations, students will demonstrate for themselves how relatively simple behavioral rules followed by individual molecules, cells, or organisms can result in complex system behaviors.Recommended background: Students taking this course must have a solid background in a biological area they would like to simulate, at about the depth provided by a BB 3000 level class. No programming experience is assumed.This course will offered in 2020-21, and in alternating years thereafter.",3.0,3.0,2021 - 2022 Academic Year,D
BCB 4001,BCB,Bioinformatics & Computational Biology,4001,Bioinformatics,"Cat. II In an age when the amount of new biological data generated each year is exploding, it has become essential to use bioinformatics tools to explore biological questions. This class will provide an understanding of how we organize, catalog, analyze, and compare biological data across whole genomes, covering a broad selection of important databases and techniques. Students will acquire a working knowledge of bioinformatics applications through hands-on use of software to ask and answer biological questions in such areas as genetic sequence and protein structure comparisons, phylogenetic tree analysis, and gene expression and biological pathway analysis. In addition, the course will provide students with an introduction to some of the theory underlying the software (for example, how alignments are made and scored). Recommended background: a working knowledge of concepts in genetics and molecular biology (BB2920 and BB2950 or equivalent), and statistics (MA 2610 or MA2611 or equivalent) This course will be offered in 2020-21, and in alternating years thereafter.",3.0,3.0,2021 - 2022 Academic Year,B
BCB 4002,BCB,Bioinformatics & Computational Biology,4002,Biovisualization,"Cat. IIThis course will use interactive visualization to model and analyze biological information, structures, and processes. Topics will include the fundamental principles, concepts, and techniques of visualization (both scientific and information visualization) and how visualization can be used to study bioinformatics data at the genomic, cellular, molecular, organism, and population levels. Students will be expected to write small to moderate programs to experiment with different visual mappings and data types. Recommended background: CS 2102 or CS 2103, CS 2223, and one or more biology courses.This course will be offered in 2020-21, and in alternating years thereafter.",3.0,3.0,2021 - 2022 Academic Year,C
BCB 4003,BCB,Bioinformatics & Computational Biology,4003,Biological And Biomedical Database Mining,"Cat. II This course will investigate computational techniques for discovering patterns in and across complex biological and biomedical sources including genomic and proteomic databases, clinical databases, digital libraries of scientific articles, and ontologies. Techniques covered will be drawn from several areas including sequence mining, statistical natural language processing and text mining, and data mining. Recommended Background: CS 2102 or CS 2103, CS 2223, MA 2610 orMA 2611, and one or more biology courses. This course will be offered in 2019-20, and in alternating years thereafter",3.0,3.0,2021 - 2022 Academic Year,B
BCB 4004,BCB,Bioinformatics & Computational Biology,4004,Statistical Methods In Genetics And Bioinformatics,"Cat. IIThis course provides students with knowledge and understanding of the applications of statistics in modern genetics and bioinformatics. The course generally covers population genetics, genetic epidemiology, and statistical models in bioinformatics. Specific topics include meiosis modeling, stochastic models for recombination, linkage and association studies (parametric vs. nonparametric models, family-based vs. population-based models) for mapping genes of qualitative and quantitative traits, gene expression data analysis, DNA and protein sequence analysis, and molecular evolution. Statistical approaches include log-likelihood ratio tests, score tests, generalized linear models, EM algorithm, Markov chain Monte Carlo, hidden Markov model, and classification and regression trees.Recommended background: MA 2612, MA 2631 (or MA 2621), and one or more biology courses.This course is offered in 2019-20, and in alternating years thereafter.",3.0,3.0,2021 - 2022 Academic Year,A
BCB 501,BCB,Bioinformatics & Computational Biology,501,Bioinformatics,"This course will provide an overview of bioinformatics, covering a broad selection of the most important techniques used to analyze biological sequence and expression data. Students will acquire a working knowledge of bioinformatics applications through hands-on use of software to ask and answer biological questions. In addition, the course will provide students with an introduction to the theory behind some of the most important algorithms used to analyze sequence data (for example, alignment algorithms and the use of hidden Markov models). Topics covered will include protein and DNA sequence alignments, evolutionary analysis and phylogenetic trees, obtaining protein secondary structure from sequence, and analysis of gene expression including clustering methods. Students may not receive credit for both BCB 4001 and BCB 501. (Prerequisite: knowledge of genetics, molecular biology, and statistics at the undergraduate level.)",3.0,3.0,2021 - 2022 Academic Year,"C,D"
BCB 502,BCB,Bioinformatics & Computational Biology,502,Biovisualization,"This course uses interactive visualization to explore and analyze data, structures, and processes. Topics include the fundamental principles, concepts, and techniques of visualization and how visualization can be used to analyze and communicate data in domains such as biology. Students will be expected to design and implement visualizations to experiment with different visual mappings anddata types, and will complete a research oriented project. Prerequisite: experience with programming(especially JavaScript), databases, and data structures. Students may not receive credit for bothBCB 502 and BCB 4002.",3.0,3.0,2021 - 2022 Academic Year,"C,D"
BCB 503,BCB,Bioinformatics & Computational Biology,503,Biological And Biomedical Database Mining,"This course will investigate computational techniques for discovering patterns in and acrosscomplex biological and biomedical sources, including genomic and proteomic databases,clinical databases, digital libraries of scientific articles, and ontologies. Techniques coveredwill be drawn from several areas including sequence mining, statistical natural languageprocessing and text mining, and data mining.(Prerequisite: Strong programming skills, an undergraduate or graduate course in algorithms, an undergraduate course in statistics, and one or more undergraduate biology courses.)",3.0,3.0,2021 - 2022 Academic Year,"C,D"
BCB 504,BCB,Bioinformatics & Computational Biology,504,Statistical Methods In Genetics And Bioinformatics,"This course provides students with knowledge and understanding of the applications of statistics in modern genetics and bioinformatics. The course generally covers population genetics, genetic epidemiology, and statistical models in bioinformatics. Specific topics include meiosis modeling, stochastic models for recombination, linkage and association studies (parametric vs. nonparametric models, family-based vs. population-based models) for mapping genes of qualitative and quantitative traits, gene expression data analysis, DNA and protein sequence analysis, and molecular evolution. Statistical approaches include log-likelihood ratio tests, score tests, generalized linear models, EM algorithm, Markov chain Monte Carlo, hidden Markov model, and classification and regression trees. Students may not receive credit for both BCB 4004 and BCB 504. (Prerequisite: knowledge of probability and statistics at the undergraduate level.)",3.0,3.0,2021 - 2022 Academic Year,"A,B"
BCB 510,BCB,Bioinformatics & Computational Biology,510,Bcb Seminar,"(0 credits; pass/fail grading) This seminar provides an opportunity for students in the BCB program to present their research work, as well as hear research talks from guest speakers.",0.0,0.0,2021 - 2022 Academic Year,"A,B,C,D"
BCB 590,BCB,Bioinformatics & Computational Biology,590,Special Topics,An offering of this course will cover a topic of current interest in detail. See the Supplement section of the online catalog at www.wpi.edu/+gradcat for descriptions of courses to be offered in this academic year. Prerequisites will vary with topic.,1.0,1.0,2021 - 2022 Academic Year,"A,B"
BME 1001,BME,Biomedical Engineering,1001,Introduction To Biomedical Engineering,"This course uses lectures, demonstrations, projects and scientific literature readings on the major branches of biomedical engineering. A series of guest lectures, including device demonstrations introduce students to the many branches of biomedical engineering. Course work for BME 1001 is based on small, creative projects focusing on primary literature, department research, global health, and biomedical engineering as a whole.",3.0,3.0,2021 - 2022 Academic Year,"A,B"
BME 1004,BME,Biomedical Engineering,1004,Introduction To Programming In Matlab,"Cat. IThis course will introduce basic and essential programming skills in modern engineering program language, Matlab, to all BME students. The course will include basic programming syntax, control structures, data structures (vectors, matrices, structures, cell arrays), 2D images, 3D image volumes, string manipulations, File I/O, figure plotting/visualization, image display, and basic graphical user interface (GUI) design.Recommended background: none.NOTE: The course does not count for engineering credits, but will fulfill the computer programming requirement for BME students.",3.0,3.0,2021 - 2022 Academic Year,"C,D"
BME 2001,BME,Biomedical Engineering,2001,Introduction To Biomaterials,"Cat. I This beginning course provides important background for all science and engineering disciplines regarding the capabilities and limitations of materials relevant to the development of medical devices. Students are introduced to the fundamental theme of materials science-- structureproperty-processing relationships in biomaterials, specifically metals, ceramics, and plastics. Aspects of material structure range from the atomic to microstructural and macroscopic scales. In turn, these structural features determine the properties of materials. In particular, this course investigates connections between structure and mechanical properties, and how working and thermal treatments may transform structure and thus alter material properties. This knowledge is then applied to material selection decisions for the design of medical devices and engineered tissues. Recommended background: prior knowledge of college-level chemistry and physics. Students who have previously received credit for ES 2001 or BME 2811 may not receive credit for BME 2001.",3.0,3.0,2021 - 2022 Academic Year,"A,C"
BME 2210,BME,Biomedical Engineering,2210,"Biomedical Signals, Instruments And Measurements","Cat I. This course is an introduction to the instrumentation methods used to measure, store and analyze the signals produced by biomedical phenomena. The goal of this course is to familiarize students with the basic design and implementation of techniques for measuring a broad scope of signal types for molecular, cellular and physiological research. Sensors used for acquiring electrical, magnetic, optical/spectral and chemical signals will be covered. Topics include the underlying physics and chemistry of biomedical signals, biosensor types and usage, amplification and signal conditioning, data acquisition methods, and sources of artifact and noise. Recommended background: PH 1120/21, CH 1010 or equivalent.",3.0,3.0,2021 - 2022 Academic Year,"B,C"
BME 2211,BME,Biomedical Engineering,2211,Biomedical Data Analysis,"Cat. I To learn the fundamentals of basic signal processing methods as well as linear time series analyses framework for modeling and mining biological data. Tools of data analysis include statistics for determining significance of a result, Laplace and Z transforms, convolution, correlation, sampling theorem, Fourier transform, transfer function, coherence function and various filtering techniques. The goal of this course is to offer the students an opportunity to learn and model and simulate static and dynamic physiological systems using linear systems theory. First principles of chemistry and physics are used to quantitatively model physiological systems. Most of the models are based on linear systems theory. Simulations and estimation are performed using Matlab and already-developed software. Recommended background: BME 2210, CS 1004 or equivalent.",3.0,3.0,2021 - 2022 Academic Year,"A,D"
BME 2502,BME,Biomedical Engineering,2502,Introduction To Biomechanics: Stress Analysis,"Cat. I This is an introductory course that addresses the analysis of basic mechanical and structural elements relevant to biomechanics. Topics include general concepts of stresses, strains, and material properties of biomaterials and biological materials including viscoelasticity. Also covered are stress concentrations, two-dimensional stress transformations, principal stresses, and Mohr’s circle. Applications are to uniaxially loaded bars, circular shafts under torsion, bending and shearing and deflection of beams. Both statically determinate and indeterminate problems are analyzed. Recommended background: Differential (MA 1021) and integral (MA 1022) calculus, vector algebra (MA 1023), physics mechanics (PH 1110 or PH 1111), and statics (ES 2501). Students who have previously received credit for BME 2511 or ES 2502 may not receive credit for BME 2502.",3.0,3.0,2021 - 2022 Academic Year,"B,D"
BME 2610,BME,Biomedical Engineering,2610,Introduction To Bioprocess Engineering,"Cat. I This course is an introduction to fundamental material and energy balances related to the field of Biomedical Engineering. The fundamentals of bioprocess engineering calculations and data analysis, and bioengineering processes and process variables will be covered. Students will learn to identify a system, define boundary conditions, and characterize the system processes to generate appropriate material and energy balances using the principles of conservation of mass and energy. Fundamentals and applications in the human body and biomanufacturing are examined. Specific examples may include an organ, multiple organs or the entire body, bioprocess instrumentation, individual or groups of cells, cell culture bioreactors, tissue engineered scaffolds, and drug delivery systems. Recommended background: Basic knowledge of differential and integral calculus (e.g. MA 1021 and MA 1022 or equivalent), human biology (e.g., BB 1025 or equivalent), and chemistry (e.g. CH 1010 and CH1020 or equivalent).",3.0,3.0,2021 - 2022 Academic Year,A
BME 3012,BME,Biomedical Engineering,3012,Biomedical Sensors Laboratory,"Cat. I (1/6 unit)This laboratory-based course is designed to develop hands-on experimental skillsrelevant to the selection and application of various sensors used to acquirebiomedical signals.Recommended background: BME 2210, BME 2211, ECE 2010, ECE 2019 or equivalent.Students who have previously taken BME 3011 cannot receive credit for thiscourse.",1.5,1.5,2021 - 2022 Academic Year,D
BME 3013,BME,Biomedical Engineering,3013,Biomedical Instrumentation Laboratory,"Cat. I (1/6 unit)This laboratory-based course is designed to develop hands-on experimental skillsrelevant to the design and application of analog instrumentation commonlyused to acquire biomedical signals.Recommended background: BME 2210, BME 2211, ECE 2010, ECE 2019or equivalent.Students who have previously taken BME 3011 cannot receive credit for thiscourse.",1.5,1.5,2021 - 2022 Academic Year,D
BME 3014,BME,Biomedical Engineering,3014,Signal Processing Laboratory,"Cat. I (1/6 unit) This course is an introduction to the computational methods used to extract and analyze the signals produced by biomedical phenomena. The goal of this course is to familiarize the student with implementing the most common algorithmic approaches for data analysis used in biomedical engineering. Coursework will cover programming for topics such as peak detection, spectral analysis and the fast Fourier transform FFT method, auto-regression analysis, polynomial trend removal, and signal filtering methods. Recommended background: BME 2211, CS1004 or equivalent",1.5,1.5,2021 - 2022 Academic Year,"B,D"
BME 3111,BME,Biomedical Engineering,3111,Physiology And Engineering,"Cat. I This course provides students with an understanding of mammalian physiology and the engineering aspects of different physiological systems. The course will have both a lecture and laboratory portion. The laboratory portion will provide the students with the ability to analyze and interpret data from living systems, which is a required ABET program criteria for student majoring in Biomedical Engineering. The course will focus on a number of organ systems that may include cardiovascular, respiratory, and renal. Engineering principles that include biomechanical, bioelectrical, and biofluids will be applied to physiological systems. Recommended background: A knowledge of Cell Biology (such as BB 2550), biomechanics and biotransport (such as BME 2511), and signal analysis (such as BME 2210) or equivalent.",3.0,3.0,2021 - 2022 Academic Year,"A,D"
BME 3300,BME,Biomedical Engineering,3300,Biomedical Engineering Design,"Cat. IStudents are guided through the open-ended, real-world, design process startingwith the project definition, specification development, management, teaminteractions and communication, failure and safety criteria, progress reporting,marketing concepts, documentation and technical presentation of the finalproject outcome. The course will include a significant writing component, willmake use of computers, and hands-on design explorations.Students who have previously received credit for BME 2300 may not receivecredit for BME 3300.",3.0,3.0,2021 - 2022 Academic Year,"A,C"
BME 3503,BME,Biomedical Engineering,3503,Skeletal Biomechanics Laboratory,"Cat. I (1/6 unit)This laboratory course will help students increase their knowledge of themechanics of the musculoskeletal system. Students will gain understanding ofthe course materials and technical skills through the combined hands-onapplication of state-of-the-art biomechanical testing equipment and computersimulation modules towards solving authentic problems involving balance,strength, and movement.Recommended background: Statics (ES 2501) and dynamics (ES 2503).Students who have previously taken BME 3504 cannot receive credit for this course.",1.5,1.5,2021 - 2022 Academic Year,"A,C"
BME 3505,BME,Biomedical Engineering,3505,Solid Biomechanics Laboratory: Techniques,"Cat. I (1/6 unit) This laboratory-driven solid biomechanics course provides hands-on experience in characterizing the mechanical properties of biological tissues such as bone, tendons, ligaments, skin, and blood vessels and their synthetic analogs. Students gain an in-depth understanding of the course material by performing uniaxial tension and compression, bending, and torsion tests on hard and soft tissues using industry-standard testing equipment and completing mechanical and statistical analysis of the data. Recommended background: A solid knowledge of mechanics of materials (ES2502) and material science (ES 2001). Students who have previously taken BME3504 may not receive credit for this course. Some sections of this course may be offered as Writing Intensive (WI).",1.5,1.5,2021 - 2022 Academic Year,"A,B,C"
BME 3506,BME,Biomedical Engineering,3506,Solid Biomechanics Laboratory: Applications,"Cat. I (1/6 unit) This laboratory-driven solid biomechanics course provides hands-on experience in characterizing the mechanical properties of biological tissues such as bone, tendons, ligaments, skin, and blood vessels and their synthetic analogs, in the context of an authentic challenge. Students gain an in-depth understanding of the course material from personal observations, measurements, and analysis of biological tissues and synthetic replacement/fixation materials using industry-standard testing equipment. A challenge-based laboratory project will be assigned which will require the students to determine and execute effective test methods at their own pace in a team setting and communicate their findings effectively. Recommended background: Ability to independently perform tensile and bending tests using a uniaxial mechanical testing machine and to perform mechanical and statistical analysis of test data (BME3505). Students who have previously taken BME3504 may not receive credit for this course. Some sections of this course may be offered as Writing Intensive (WI).",1.5,1.5,2021 - 2022 Academic Year,"B,D"
BME 3605,BME,Biomedical Engineering,3605,Biotransport Laboratory,"Cat. I (1/6 unit) This laboratory-driven transport course provides hands-on experience in measuring heat, flow, and transport in biologically-relevant systems. Students gain an in-depth understanding of the course material from personal observations and measurements on model cardiovascular systems and connective tissues. Challenge-based laboratory projects will be assigned which will require the students to determine and execute effective test methods at their own pace in a team setting and communicate their findings effectively. Systems modeled may include blood vessels, stenotic vessels, and aneurysms. Connective tissues tested may include blood vessels and skin. Recommended background: Basic Chemistry (CH 1010, CH 1020), Basic Physics (PH 1010), Material Science (ES 2001 or BME 2811), stress analysis (ES 2502 or BME 2502) and a knowledge of cell biology (BB 2550), or equivalent.",1.5,1.5,2021 - 2022 Academic Year,"B,D"
BME 3610,BME,Biomedical Engineering,3610,Transport Analysis In Bioengineering,"Cat I.This course provides an overview of the modeling and analysis of fluid and mass transport processes related to the field of Biomedical Engineering and Bioprocess Engineering. Fundamentals and applications of hydrostatics, conservation of mass and momentum in modeling and analysis of biological fluid transport processes in the human body and bioprocess equipment are presented and discussed. It includes modeling and analysis of blood and biological fluid flow through blood vessels, capillary beds and bioprocess equipment. Modeling and analysis of diffusive and convective mass transport in biological conduits and membranes, selective permeability and nutrient/waste exchange in parenchymal tissues with transport barriers unique to biological systems such as intact and fenestrated endothelium. Basic concepts of pharmacokinetics such as plasma clearance, volume of distribution of drugs and other biological solutes in body tissues are also covered. Surface adsorption and membrane permeability concepts are covered in the context of biological soluted exchange in capillaries and bioprocess operations. Students may not receive credit for both BME 3610 and BME 361X.Recommended background: Basic knowledge of differential and integral calculus (e.g., MA 2051 or equivalent), fundamental knowledge of biological system function or cell function (e.g., BB 1035 or BB 2550 or equivalent), fundamentals of data analysis and process modeling such as some of the topics covered in BME 2211 or BME 2610 or ChE 2011, or equivalent.",3.0,3.0,2021 - 2022 Academic Year,C
BME 3811,BME,Biomedical Engineering,3811,Biomaterials Lab,"Cat I (1/6 units)This laboratory-driven course provides hands-on experience in the design, fabrication and characterization of biomaterials for medical applications. Students will use synthetic and natural polymer materials to fabricate a scaffold for applications such as tissue engineering, wound healing or controlled drug delivery. A challenge-based laboratory project will be assigned which will require the students to design a biomaterial scaffold that meets specific design criteria, and quantitatively assess the properties of this scaffold to evaluate how well the criteria were met. Design criteria may include mechanical strength, biocompatibility, porosity, degradation rate, or release kinetics. Students will complete the project at their own pace in a team setting and communicate their findings effectively.Recommended background: Basic chemistry (CH 1010 and CH 1020) and a knowledge of material science (ES 2001) or equivalent.",1.5,1.5,2021 - 2022 Academic Year,"A,D"
BME 3813,BME,Biomedical Engineering,3813,Cellular Engineering Lab,"Cat. I (1/6 units) This laboratory-driven course provides hands-on experience in the application of bioengineering to control cellular processes. Students will be challenged to design an intervention to manipulate a specific cellular process (adhesion, proliferation, migration, differentiation) and use modern cellular and molecular biology tools to assess and refine their approach. Laboratory exercises will provide an overview of cell culture technique, microscopy and molecular probes, quantification of cell proliferation and migration, and assessment of cellular differentiation in the context of the assigned projects. Students will complete the project at their own pace in a team setting and communicate their findings effectively. Recommended background: Basic chemistry (CH 1010 and CH 1020) and a solid knowledge of cell biology (BB 2550) or equivalent.",1.5,1.5,2021 - 2022 Academic Year,"B,C"
BME 4011,BME,Biomedical Engineering,4011,Biomedical Signal Analysis,"Cat. II Introduction to biomedical signal processing and analysis. Fundamental techniques to analyze and process signals that originate from biological sources: ECGs, EMGs, EEGs, blood pressure signals, etc. Course integrates physiological knowledge with the information useful for physiologic investigation and medical diagnosis and processing. Biomedical signal characterization, time domain analysis techniques (transfer functions, convolution, auto- and cross-correlation), frequency domain (Fourier analysis), continuous and discrete signals, deterministic and stochastic signal analysis methods. Analog and digital filtering. Recommended background: ECE 2311, ECE 2312, or equivalent. This course will be offered in 2020-21, and in alternating years thereafter.",3.0,3.0,2021 - 2022 Academic Year,B
BME 4023,BME,Biomedical Engineering,4023,Biomedical Instrumentation Design,"Cat. II This course builds on the fundamental knowledge of instrumentation and sensors. Lectures cover the principles of designing, building and testing analog instruments to measure and process biomedical signals. The course is intended for students interested in the design and development of electronic bioinstrumentation. Emphasis is placed on developing the student’s ability to design a simple medical device to perform real-time physiological measurements. Recommended background: BME 3012, BME 3013, ECE 2010 and ECE 2019. This course will be offered in 2020-21, and in alternating years thereafter.",3.0,3.0,2021 - 2022 Academic Year,A
BME 4300,BME,Biomedical Engineering,4300,MQP Capstone Design,"Cat. I (1/6 unit)This course guides students through the engineering design process during the first term of their MQP to aid them in fulfilling their capstone design requirement. The course focuses on developing a revised client statement based on the objectives, constraints, and functions of the design. Methods for concept generation, concept selection and development strategy will be covered. In addition, project planning tools, business plans, ethics, and design for manufacturability and sustainability will be covered.Recommended background: Principles of engineering design such as BME 3300 or equivalent. Course should be taken concurrently with the MQP. Students who have taken BME 430X cannot get credit for BME 4300. BME 4300 cannot be used to fulfill graduate degree requirements.",1.5,1.5,2021 - 2022 Academic Year,A
BME 4503,BME,Biomedical Engineering,4503,Computational Biomechanics,"Cat. II This course will focus on using computational modeling approaches, particularly, finite element models, to simulate, validate, and analyze the biomechanics involved in soft and hard tissue deformation and stress/strain analysis in quasi-static or impact conditions. First, students will be introduced to the process of setting specific analytical goals and establishing the need for a specific quantitative biomechanical model. Then, basic underlying principles of forward and inverse static/dynamics simulations are covered. Finally, multi-scale and multi-step models will be introduced. During the process, material models and property assignment will also be covered. Model building, testing, optimization and validation with experimental data will be discussed. An introduction to tools and techniques used in computational biomechanics will be provided. Students may not receive credit for both BME 450X and BME 4503. Recommended background: Basic knowledge of solid mechanics (ES 2501, ES 2502, ES 2503, ME 3501 or equivalent), differential and integral calculus (i.e., MA 2051 or equivalent), and prior MATLAB experience (e.g., BME 2211).",3.0,3.0,2021 - 2022 Academic Year,B
BME 4504,BME,Biomedical Engineering,4504,Biomechanics,"Cat. I This course emphasizes the applications of mechanics to describe the material properties of living tissues. It is concerned with the description and measurements of these properties as related to their physiological functions. Emphasis on the interrelationship between biomechanics and physiology in medicine, surgery, body injury and prostheses. Topics covered include: review of basic mechanics, stress, strain, constitutive equations and the field equations, viscoelastic behavior, and models of material behavior. The measurement and characterization of properties of tendons, skin, muscles and bone. Biomechanics as related to body injury and the design of prosthetic devices. Recommended background: Mechanics (ES 2501, ES 2502, ES 2503, ME 3501), Mathematics (MA 2051).",3.0,3.0,2021 - 2022 Academic Year,C
BME 4701,BME,Biomedical Engineering,4701,Cell And Molecular Bioengineering,"Cat. I This course examines the principles of molecular and cell biology applied to the design of engineered molecules, cells and tissues. Topics will include the basic structural, chemical and physical properties of biomolecules (proteins, lipids, DNA and RNA), application of biomolecules to monitor and alter cellular processes in vitro and in vivo, and design considerations for engineering cell and molecular therapeutics. Case studies will be used to examine specific applications of molecular and cellular bioengineering technologies to treat disease and promote tissue repair and regeneration. Recommended background: Cell biology (BB 2550). Additional coursework in molecular biology (BB 2950) and/or genetics (BB 2920) would be beneficial. Students who earned credit for BME 37XX may not receive credit for BME 4701.",3.0,3.0,2021 - 2022 Academic Year,D
BME 4814,BME,Biomedical Engineering,4814,Biomaterials,"Cat. I This course discusses various aspects pertaining to the selection, processing, testing (in vitro and in vivo) and performance of biomedical materials. The biocompatibility and surgical applicability of metallic, polymeric and ceramic implants and prosthetic devices are discussed. The physico-chemical interactions between the implant material and the physiological environment will be described. The use of biomaterials in maxillofacial, orthopedic, dental, ophthalmic and neuromuscular applications is presented. Recommended background: BB 3130 or equivalent introduction to Human Anatomy, ES 2001 or equivalent introduction to Materials Science and Engineering.",3.0,3.0,2021 - 2022 Academic Year,A
BME 4828,BME,Biomedical Engineering,4828,Biomaterial - Tissue Interactions,"Cat. I This course examines the principles of materials science and cell biology underlying the design of medical devices, artificial organs and scaffolds for tissue engineering. Molecular and cellular interactions with biomaterials are analyzed in terms of cellular processes such as matrix synthesis, degradation and contraction. Principles of wound healing and tissue remodeling are used to study biological responses to implanted materials and devices. Case studies will be analyzed to compare tissue responses to intact, bioresorbable and bioerodible biomaterials. Additionally, this course will examine criteria for restoring physiological function of tissue and organs and investigate strategies to design implants and prostheses based on control of biomaterial-tissue interactions. Recommended background: BB 2550 or equivalent, ES 2001 or equivalent, PH 1110 or PH 1111.",3.0,3.0,2021 - 2022 Academic Year,B
BME 4831,BME,Biomedical Engineering,4831,Drug Delivery,"Cat. IThe course examines fundamental composition, structure, property and performance relationships in classical and novel drug delivery systems as part of disease treatment strategies (i.e. cancer, organ damage). Physiological barriers to drug delivery and methods to overcome these barriers are analyze. The course will familiarize students with biomaterial-based drug delivery systems that have recently been developed. Topics include routes of drug administration, diffusion, Fick's law, pharmacokinetics/pharmacodynamics, drug modifications, materials for drug delivery (implantable, transdermal, injectable), antibody therapeutics, cells as drugs and drug delivery vehicles, and novel drug formulations and delivery systems.Recommended background: Fundamental knowledge of biomaterials (e.g. BME 2811 or equivalent), multivariable calculus (e.g. MA 1024 or equivalent) and biological system function or cell function (e.g., BB 1035 or BB 2550 or equivalent).",3.0,3.0,2021 - 2022 Academic Year,C
BME 520,BME,Biomedical Engineering,520,Biomechanics And Robotics,"This course introduces Biomechanics and Robotics as a unified subject addressing living and man-made ""organisms"". It draws deep connections between the natural and the synthetic, showing how the same principles apply to both, starting from sensing, through control, to actuation. Those principles are illustrated in several domains, including locomotion, prosthetics, and medicine. The following topics are addressed: Biological and Artificial sensors, actuators and control, Orthotics Biomechanics and Robotics, Prosthetic Biomechanics and Robotics: Artificial Organs and Limbs, Rehabilitation Robotics and Biomechanics: Therapy, Assistance and Clinical Evaluation, Human-Robot Interaction and Robot Aided Living for Healthier Tomorrow, Sports, Exercise and Games: Biomechanics and Robotics, Robot-aided Surgery, Biologically Inspired Robotics and Micro- (bio)robotics, New Technologies and Methodologies in Medical Robotics and Biomechanics, Neural Control of Movement and Robotics Applications, Applied Musculoskeletal Models and Human Movement Analysis. This course meshes physics, biology, medicine and engineering and introduce students to subject that holds a promise to be one of the most influential innovative research directions defining the 21st century. Recommended background: foundation of physics, linear algebra and differential equations; basic programming skills e.g. using MATLAB, undergraduate level biomechanics, robotics.",3.0,3.0,2021 - 2022 Academic Year,"C,D"
BME 523,BME,Biomedical Engineering,523,Biomedical Instrumentation,"Origins and characteristics of bioelectric signals, recording electrodes, biopotential amplifiers, basic sensors, chemical, pressure, sound, and flow transducers, noninvasive monitoring techniques and electrical safety. (Prerequisites: Circuits and electronics, control engineering or equivalent.)",3.0,3.0,2021 - 2022 Academic Year,"A,B"
BME 530,BME,Biomedical Engineering,530,Biomedical Materials,"This course is intended to serve as a general introduction to various aspects pertaining to the application of synthetic and natural materials in medicine and healthcare. This course will provide the student with a general understanding of the properties of a wide range of materials used in clinical practice. The physical and mechanical property requirements for the long term efficacy of biomaterials in the augmentation, repair, replacement or regeneration of tissues will be described. The physico-chemical interactions between the biomaterial and the physiological environment will be highlighted. The course will provide a general understanding of the application of a combination of synthetic and biological moieties to elicit a specific physiological response. Examples of the use of biomaterials in drug delivery, theranostic, orthopedic, dental, cardiovascular, ocular, wound closure and the more recent lab-on-chip applications will be outlined. This course will highlight the basic terminology used in this field and provide the background to enable the student to review the latest research in scientific journals. This course will demonstrate the interdisciplinary issues involved in biomaterials design, synthesis, evaluation and analysis, so that students may seek a job in the medical device industry or pursue research in this rapidly expanding field. Students cannot receive credit for this course if they have received credit for the Special Topics (ME 593/MTE 594) version of the same course, or for ME/BME 4814 Biomedical Materials.",2.0,2.0,2021 - 2022 Academic Year,A
BME 531,BME,Biomedical Engineering,531,Biomaterials In The Design Of Medical Devices,"Biomaterials are an integral part of medical devices, implants, controlled drug delivery systems, and tissue engineered constructs. Extensive research efforts have been expended on understanding how biologic systems interact with biomaterials. Meanwhile, controversy has revolved around biomaterials and their availability as a result of the backlash to the huge liability resulting from controversies related to material and processing shortcomings of medical devices. This course specifically addresses the unique role of biomaterials in medical device design and the use of emerging biomaterials technology in medical devices. The need to understand design requirements of medical devices based on safety and efficacy will be addressed. Unexpected device failure can occur if testing fails to account for synergistic interactions from chronic loading, aqueous environments, and biologic interactions. Testing methodologies are readily available to assess accelerated effects of loading in physiologic-like environments. This combined with subchronic effects of animal implants is a potential tool in assessing durability. It is difficult to predict the chronic effects of the total biologic environment. The ultimate determination of safety comes not only from following the details of regulations, but with an understanding of potential failure modes and designs that lowers the risk of these failures. This course will evaluate biomaterials and their properties as related to the design and reliability of medical devices.",3.0,3.0,2021 - 2022 Academic Year,"C,D"
BME 532,BME,Biomedical Engineering,532,Medical Device Regulation,"This course provides an overview of regulations that guide the medical devices industry. Primary focus is on the Food, Drug and Cosmetic Act (FD&C Act) and its associated regulations. The course covers the FD&C Act, including definitions, prohibited acts, penalties and general authority. The course also covers regulations, including establishment registration, premarket approval (PMA) and current good manufacturing practices. Requirements of other federal agencies (NRC, FCC, EPA) will also be discussed.",3.0,3.0,2021 - 2022 Academic Year,"A,B,C,D"
BME 533,BME,Biomedical Engineering,533,Medical Device Innovation and Development,"The goal of this course is to introduce medical device innovation strategies, design and development processes, and provide students with an understanding of how medical device innovations are brought from concept to clinical adoption. Students will have opportunities to practice medical device innovation through a team-based course project. Specific learning outcomes include describing and applying medical device design and development concepts such as value proposition, iterative design, concurrent design and manufacturing, intellectual property, and FDA regulation; demonstrating an understanding of emerging themes that are shaping medical device innovation; demonstrating familiarity with innovation and entrepreneurship skills, including customer discovery, market analysis, development planning, and communicating innovation; and gaining capability and confidence as innovators, problem solvers, and communicators, particularly in the medical device industry but transferable to any career path.",2.0,2.0,2021 - 2022 Academic Year,A
BME 535,BME,Biomedical Engineering,535,Medical Device Design Controls,"An introduction to the fundamentals of medical device design controls from concept generation to manufacturing. Students work in teams to navigate through the medical device design and development lifecycle on various device types, fulfilling design control requirements while learning what is required to bring a concept to life in industry. Students may not receive credit if they previously completed this course as BME 595: Special Topics. *Does not fulfil technical depth requirement.",3.0,3.0,2021 - 2022 Academic Year,"C,D"
BME 550,BME,Biomedical Engineering,550,Tissue Engineering,"This biomaterials course focuses on the selection, processing, testing and performance of materials used in biomedical applications with special emphasis upon tissue engineering. Topics includematerial selection and processing, mechanisms and kinetics of material degradation, cell-material interactions and interfaces; effect of construct architecture on tissue growth; and transport through engineered tissues. Examples of engineering tissues for replacing cartilage, bone, tendons, ligaments, skin and liver will be presented. (Prerequisites: A first course in biomaterials equivalent to BME/ME 4814 and a basic understanding of cell biology and physiology. Admission of undergraduate students requires the permission of the instructor.)",3.0,3.0,2021 - 2022 Academic Year,"A,B"
BME 560,BME,Biomedical Engineering,560,Physiology For Engineers,"An introduction to fundamental principles in cell biology and physiology designed to provide the necessary background for advanced work in biomedical engineering. Quantitative methods of engineering and the physical sciences are stressed. Topics include cell biology, DNA technology and the physiology of major organ systems. NOTE: This course can be used to satisfy a life science requirement in the biomedical engineering program. It cannot be used to satisfy a biomedical engineering course requirement.",3.0,3.0,2021 - 2022 Academic Year,"C,D"
BME 562,BME,Biomedical Engineering,562,Laboratory Animal Surgery,"A study of anesthesia, surgical techniques and postoperative care in small laboratory animals. Anatomy and physiology of species used included as needed. Class limited to 15 students. Approximately 15 surgical exercises are performed by each student. (Prerequisite: Graduate standing. Admission of undergraduate students requires the permission of the department head and the instructor.) NOTE: This course can be used to satisfy a life science requirement in the biomedical engineering program. It cannot be used to satisfy a biomedical engineering course requirement",3.0,3.0,2021 - 2022 Academic Year,"A,B"
BME 580,BME,Biomedical Engineering,580,Biomedical Robotics,"This course will provide an overview of a multitude of biomedical applications of robotics. Applications covered include: image-guided surgery, percutaneous therapy, localization, robot-assisted surgery, simulation and augmented reality, laboratory and operating room automation, robotic rehabilitation, and socially assistive robots. Specific subject matter includes: medical imaging, coordinate systems and representations in 3D space, robot kinematics and control, validation, haptics, teleoperation, registration, calibration, image processing, tracking, and human-robot interaction. Topics will be discussed in lecture format followed by interactive discussion of related literature. The course will culminate in a team project covering one or more of the primary course focus areas. Recommended background: Linear algebra, ME/ RBE 501 or equivalent. Students cannot receive credit for this course if they have taken the Special Topics (ME 593U) version of the same course.",2.0,2.0,2021 - 2022 Academic Year,D
BME 583,BME,Biomedical Engineering,583,Biomedical Microscopy And Quantitative Imaging,"This course introduces fundamental principles of biomedical imaging focused on quantitative microscopy. Topics include physical basis of light microscopy, fluorescence microscopy, live cell imaging and computer vision algorithms. Advanced topics include 3D imaging (confocal, light sheet, 2-photon), super-resolution, sample preparation, and equipment considerations. Selected topics in medical imaging (CT, MRI, ultrasound) may be included, with hands-on instruction on commercial and student-built systems.NOTE: Students who received credit for BME 581 in Spring 2016 may not also receive credit for BME 583.",3.0,3.0,2021 - 2022 Academic Year,"C,D"
BME 591,BME,Biomedical Engineering,591,Graduate Seminar,"(0 credits) Topics in biomedical engineering are presented both by authorities in the field and graduate students in the program. Provides a forum for the communication of current research and an opportunity for graduate students to prepare and deliver oral presentations. Students may meet the attendance requirement for this course in several ways, including attendance at weekly biomedical engineering seminars on the WPI campus, attendance at similar seminar courses at other universities or biotech firms, attendance at appropriate conferences, meetings or symposia, or in any other way deemed appropriate by the course instructor.",0.0,0.0,2021 - 2022 Academic Year,"A,B,C,D"
BME 592,BME,Biomedical Engineering,592,Healthcare Systems And Clinical Practice,"(1 cr., letter grading) This course fulfills the Clinical Competency requirement in Biomedical Engineering. The course will follow a seminar format, with healthcare professionals, faculty, and medical device industry experts serving as invited lecturers and case study presenters. The course is designed to introduce BME graduate students to clinical environments and practice, healthcare delivery systems, and communication with clinical stakeholders.",1.0,1.0,2021 - 2022 Academic Year,"A,B"
BME 595,BME,Biomedical Engineering,595,Special Topics In Biomedical Engineering,Topics in biomedical engineering. Presentations and discussions of the current literature in an area of biomedical engineering.,2.0,2.0,2021 - 2022 Academic Year,"A,B,C,D"
BUS 1010,BUS,Business,1010,Leadership Practice,"Cat. I Leadership is a critical role in any global, technological organization. This course explores how the concepts of creativity, entrepreneurial and critical thinking, emotional and self-awareness, passion, diversity, communication, and ethics inform and affect leadership practice. The course considers a variety of contemporary leadership challenges including how leaders work effectively across cultural, technological, and disciplinary boundaries, how leaders foster new ideas and bring them to fruition, how they communicate effectively and persuasively to diverse stakeholders, and how they make decisions that are both ethical and effective. The course is designed to 1) increase students' awareness of their own leadership styles, 2) examine the responsibilities of leadership, and 3) determine best practices in leadership.",3.0,3.0,2021 - 2022 Academic Year,"A,B,C,D"
BUS 1020,BUS,Business,1020,Global Environment Of Business Decisions,"Cat. I The global nature of business is indisputable. This course introduces the students to the complexity of the global environment and adopts a multi-dimensional view (cultural, economic, social, legal, political, and technological) of world economy. It promotes understanding the global environment as integrative forces affecting the success or failure of today’s businesses and fosters a global perspective. Topics may include an overview of the world economy, comparative advantage and international trade, cultural distance, FDI/ globalization theory, outsourcing and global supply chain coordination, political and country risk, the global monetary system and currency risk, legal and ethical issues, and risk management.",3.0,3.0,2021 - 2022 Academic Year,"A,C"
BUS 200X,BUS,Business,200X,WPI Means Business,"This course is designed to broaden student perspectives on business through experiential learning in entrepreneurship, finance, strategy and marketing, organizational behavior, and operations. By exposing students to various business disciplines and a wide range of firms and business models, we intend to accelerate student impact through an engaging, immersive experience. During on- and off-site situation workshops, students will engage with practitioners to discuss business challenges and decisions in a small-group format. Students will also be matched with alumni to de-brief topics related to cases and prepare a learning portfolio as a culminating assignment. By the end of the course students will have a broader understanding of business domains, increased business fluency, and a better understanding of decision-making within a relevant business context. Recommended background: None",3.0,3.0,2021 - 2022 Academic Year,D
BUS 2020,BUS,Business,2020,The Legal Environment Of Business Decisions,"Cat. I This course addresses the impact of law on business. The course covers fundamental areas of business law, such as torts, contracts, intellectual property, and legal forms of business organizations, and their effects on business decisions. Particular attention is paid to technology-based enterprises where global business issues intersect with law.",3.0,3.0,2021 - 2022 Academic Year,"A,C"
BUS 2060,BUS,Business,2060,Financial Statements For Decision Making,"Cat. I This course provides students with an understanding of the primary financial statements used for internal and external business decision-making in start-up firms and large corporations. It emphasizes underlying accounting concepts captured in financial statements, while highlighting the interdependence among these statements. The course will cover analytical techniques, such as ratio analyses and sensitivity analyses to assess the impact of changes in strategy and outcomes on efficiency and effectiveness measures. It also describes the various users of internal and external financial statements, and the potential conflicts between these various stakeholders.",3.0,3.0,2021 - 2022 Academic Year,"A,B,D"
BUS 2070,BUS,Business,2070,Risk Analysis For Decision Making,"Cat. I Financial and operational risks are omnipresent in small entrepreneurial enterprises and in the corporate world. All firms, large and small, must be able to manage risk to create value. This course introduces students to enterprise risk and prepares them to act in the presence of risk. The course will sensitize students to two significant types of risk (namely, financial and operational risk), provide students with tools for assessing risk and minimizing risk exposure, and prepare students to take risk into account when making decisions as leaders, managers, and individuals.",3.0,3.0,2021 - 2022 Academic Year,"A,D"
BUS 2080,BUS,Business,2080,Data Analysis For Decision Making,"Cat. I This course builds upon students’ understanding of statistics and introduces them to the concepts and methods for analyzing data to support business decision-making. Students will explore data sets using data mining and analytics techniques to create business intelligence, to be used for understanding and improving customers’ experiences, supply chain operations, product management, etc. During the course, students will develop an understanding of the uses of business data analytics and associated models for business decision-making, forecasting, and obtaining and maintaining a competitive advantage. Students will learn a comprehensive set of advanced spreadsheet skills, including how to design, build, test, and use spreadsheets for analyzing business decisions. Recommended background: Basic statistics, equivalent to that in MA 2611 and MA 2612.",3.0,3.0,2021 - 2022 Academic Year,"B,D"
BUS 3010,BUS,Business,3010,Creating Value Through Innovation,"Cat. I This course focuses on the ways value can be created and captured through innovation. Focusing on the assessment of customers, organizational capabilities, and competition, students will consider a variety of different types of innovations and their associated ethical and financial value propositions. Students will learn analytic tools to successfully assess and commercialize technology, product, and service innovations in a variety of contexts.",3.0,3.0,2021 - 2022 Academic Year,"A,C"
BUS 3020,BUS,Business,3020,Achieving Effective Operations,"Cat. I Operations are embedded in a constantly changing network of relationships with various stakeholders including customers and suppliers. Within the organization, scarce resources (including financial, human, and technological) need to be ethically allocated and aligned with strategic goals. This course focuses on process analysis, design, and implementation within the constraints of stakeholder networks and available resources.",3.0,3.0,2021 - 2022 Academic Year,"A,B,C"
BUS 4030,BUS,Business,4030,Achieving Strategic Effectiveness,"Cat. I Every successful business has a strategy for how it provides value and earns profit within its particular industry. Focusing on the contexts of technology, innovation and entrepreneurship, this course develops analytic approaches for assessing the various aspects of strategy such as the competitive environment, the network of stakeholders, ethical implications, investor motivation, operational execution, and financial projections that are necessary to create a complete business plan.",3.0,3.0,2021 - 2022 Academic Year,"A,D"
BUS 500,BUS,Business,500,"Business Law, Ethics And Social Responsibility","This course combines analysis of the structure, function and development of the law most important to the conduct of business with an examination of the ethical and social context in which managers make decisions. Emphasizing the social responsibility considerations of all business stakeholders, the course focuses on practical applications via extensive use of case studies. Students will gain a sound understanding of the basic areas of U.S. and international law including: intellectual property law; business formation and organization; international business law; securities regulation; cyber law and e-commerce; antitrust law; employment law and environmental law.",3.0,3.0,2021 - 2022 Academic Year,"C,D"
BUS 596,BUS,Business,596,Master Of Science Capstone Project,"This course is the capstone course for the STEM-based, specialty MS programs in the Foisie School of Business. This course serves as a practical integration of the STEM-based tools, techniques, and skills and the related business theories and practices that students learned in their MS program. The medium is a major teambased project in the form of an actual corporate STEM-based business need for which students will develop solutions. Students will produce a written report that documents and provides the financial, organizational, and technical rationale for the solutions. They will also formally present their results to the project sponsors. Students are expected to have completed (or are currently completing) all the courses requirements for their MS program prior to taking the capstone project. While the capstone requirements are the same for all STEM-based, specialty MS programs in the Foisie School of Business, the actual content of the project will differ by sponsor and by MS program. Students must take the appropriate section of BUS 596 for each MS program they complete.",3.0,3.0,2021 - 2022 Academic Year,"C,D"
BUS 598,BUS,Business,598,Independent Study,The student should have a well-developed proposal before approaching a faculty member about an independent study.,1.5,1.5,2021 - 2022 Academic Year,"A,B"
BUS 599,BUS,Business,599,Capstone Project,"This capstone course integrates management theory and practice, and incorporates a number of skills and tools acquired in the M.B.A. curriculum. The medium is a major team-based project in the form of a corporate venture or green field venture. In addition to a written report, the project is formally presented to a panel of outside experts including serial entrepreneurs and investors. (Prerequisites: ACC 500, ACC 502, ACC 505, BUS 500, BUS 590, FIN 503, FIN 504, MIS 500, MKT 500, OBC 505, OBC 506 and OIE 501 or equivalent content, or instructor consent) (Students cannot get credit for BUS 599 and BUS 517)",3.0,3.0,2021 - 2022 Academic Year,"A,B"
BUS 691,BUS,Business,691,Graduate Seminar,"(0 credits) Seminars on current issues related to entrepreneurship, information technology and operations management are presented by authorities in their fields. All full-time Ph.D. students in Business Administration are required to register and attend.",0.0,0.0,2021 - 2022 Academic Year,"A,B,C,D"
BUS 698,BUS,Business,698,Directed Research,For Ph.D. students wishing to gain research experience peripheral to their thesis topic. (Prerequisite: Consent of research advisor),0.0,0.0,2021 - 2022 Academic Year,"A,B"
CE 1030,CE,Civil Engineering,1030,Civil Engineering And Computer Fundamentals,"Cat. IThis course introduces students to basic fundamentals of civil engineering, groupdynamics, oral presentation skills, engineering report writing techniques, anduses of the computer. Basics of structural engineering, geotechnical engineering,environmental engineering, surveying, materials, and construction engineeringand management are presented in this course through a collaborative groupteaching approach. Background is provided to gain competence in operatingsystems, editors, and spreadsheets. Student groups complete weekly computerlaboratory projects and develop oral presentations and written reports.No previous computer use skills are required or assumed. This course isrecommended for freshman or sophomore students.",3.0,3.0,2021 - 2022 Academic Year,C
CE 2000,CE,Civil Engineering,2000,Analytical Mechanics I,"Cat. I This fundamental civil engineering course provides an introduction to the analysis of structures in static equilibrium. The focus of this course is a classical analysis of concurrent and non-concurrent equilibrium. A variety of engineering problems including trusses, machines, beams, rigid frames, and hydraulic structures involving concentrated and distributed loading systems are analyzed for external reactions and internal forces.",3.0,3.0,2021 - 2022 Academic Year,A
CE 2001,CE,Civil Engineering,2001,Analytical Mechanics II,"Cat. IThis course provides an introduction to the relationship between analysis, design, and the behavior of materials under load. Theory and applications are developed that utilize simple and combined stress-strain behavior of members subjected to axial, torsional, and flexural loadings, with applications to beams, trusses, rigid frames, shafts, and tension and compression structures.Recommended background: CE 2000.",3.0,3.0,2021 - 2022 Academic Year,B
CE 2002,CE,Civil Engineering,2002,Introduction To Analysis And Design,"Cat. IThis course develops an understanding of classical and modern structural analysis. Topics include loading systems, and the analysis of statically determinate and statically indeterminate beams, frames, trusses, structural floor systems for buildings, bridges, and other structural assemblies.Recommended background: CE 2000 and CE 2001.Suggested background: CE 1030.",3.0,3.0,2021 - 2022 Academic Year,C
CE 2020,CE,Civil Engineering,2020,Surveying,"Cat. I This course develops fundamental skills in the theoretical and practical aspects of plane surveying through the use and care of modern instruments and the associated computations. Topics include the classification of errors incurred in observed field data and necessary correction applications, the use and care of surveying equipment, traversing, differential leveling, stadia and mapping, and electronic data transfer. Computer applications are used where appropriate.",3.0,3.0,2021 - 2022 Academic Year,A
CE 3006,CE,Civil Engineering,3006,Design Of Steel Structures,"Cat. IThis course covers the theory and practice of structural steel design. The structural design process for beams, columns, trusses, frames, and connections is based on Load and Resistance Factor Design (LRFD) specifications of the American Institute of Steel Construction.Recommended background: CE 2002 and CE 3010.Suggested background: CE 1030.",3.0,3.0,2021 - 2022 Academic Year,C
CE 3008,CE,Civil Engineering,3008,Design Of Reinforced Concrete Structures,"Cat. I This course covers the theory and practice of reinforced concrete design. The structural design process for beams, columns, slabs, frames, flat slabs, footings, and retaining walls uses the ultimate strength design codes of the American Concrete Institute. Recommended background: CE 2002 and CE 3010. Suggested background: CE 1030.",3.0,3.0,2021 - 2022 Academic Year,B
CE 3010,CE,Civil Engineering,3010,Structural Engineering.,"Cat. IThis course provides an understanding of the practice of structural engineering. It builds upon the fundamental skills developed in CE 2000, CE 2001, and CE 2002 to present the principles of structures and their elements. The courseprovides a perspective for dealing with the issues of strength, stiffness, and stability. Although wood is the principle material used to develop the study of the interrelationship between analysis and design of structural systems, structural steel and reinforced concrete systems are also discussed. It also introduces students to the use of building codes for design criteria. The role of the structural engineer in the design process and cost factors are also discussed.Recommended background: CE 2000, CE 2001, and CE 2002.Suggested background: CE 1030.",3.0,3.0,2021 - 2022 Academic Year,D
CE 3020,CE,Civil Engineering,3020,Project Management,"Cat. I This course presents the fundamental concepts and process of project management applied to public and private works. The principle focus of the course is the management of civil engineering projects including planning, scheduling, organization and control, as well as management concepts of leadership, motivation, trust, project team development, division of work, and conflict resolution. Ancillary engineering and construction practices involving financial practices, construction documents, contract negotiation and administration, quality and safety control, insurance and bonding are covered. Recommended background: CE 1030.",3.0,3.0,2021 - 2022 Academic Year,A
CE 3022,CE,Civil Engineering,3022,Legal Aspects Of Professional Practice,"Cat. I The course focuses on the legal underpinnings that regulate the design and execution of construction projects and the relations between their participants. The subject is presented according to the various phases of a construction project, from inception to handover. The overall objective is to develop an awareness of the legal aspects that regulate the exercise of the architectural and civil engineering profession and of the environmental constraints of construction. Topics such as permitting process, design/engineering services and ethical issues are included. Some sections of this course may be offered as Writing Intensive (WI).",3.0,3.0,2021 - 2022 Academic Year,D
CE 3025,CE,Civil Engineering,3025,Project Evaluation,"Cat. IIn this course students are provided with a systematic framework for evaluating the economic sustainability and financial aspects of a building investment through its life cycle: project definition, design, construction and operation. The course develops according to several interrelated topics: budgeting (square foot cost and parametric estimating) and economic feasibility analysis, financing mechanisms, cash flow analysis, (time-value -of -money factors, present worth and rate of return), life-cycle assessment (environmental impact analysis), taxes, depreciation and regulations as well as consideration of risks and uncertainties.Recommended background: AREN 2023. This course will be offered in 2020-21, and in alternating years thereafter.",3.0,3.0,2021 - 2022 Academic Year,B
CE 3026,CE,Civil Engineering,3026,Materials Of Construction,"Cat. IThis course provides an understanding of the use and acquisition of engineering properties of construction materials. Topics include relationships between the structure of materials, their engineering properties, and the selection of suitable materials for applications involving strength, durability, and serviceability. Experimental laboratory procedures including design of experiments, data collection, analysis, and representation, and report writing are an integral part ofthe work.Recommended background: CE 1030 and CE 2001. Some sections of this course may be offered as Writing Intensive (WI).",3.0,3.0,2021 - 2022 Academic Year,C
CE 3030,CE,Civil Engineering,3030,Fundamentals Of Civil Engineering Autocad,"Cat. IThis course introduces Civil Engineering students to fundamental uses of the AutoCAD software package. Basic two dimensional drawing techniques are covered. Advanced topics that may be covered include three dimensional drawing, rendering and animation. Students are required to become familiar with AutoCAD. Knowledge of the subject matter in at least two civil engineering design courses is expected background for this course.",3.0,3.0,2021 - 2022 Academic Year,D
CE 3031,CE,Civil Engineering,3031,Building Information Modeling: Software Tools And Principles,"Cat. IThis course introduces students to fundamental software applications for design and construction planning throughout the different phases of the development of civil engineering projects in a collaborative fashion as established by the principles of Building Information Modeling. The course covers the principles of basic 3D software environments, object creation and manipulation, assemblies of objects, surface and terrain modeling, building modeling, geographic and building information databases. Emphasis is given to the adaptability of this software to changes in design and to the production of graphic design documentation. Application software such as AutoCAD Civil 3D, Autodesk Revit and Navisworks are used in this course.Recommended background: CE 1030 or AREN 3001 or equivalent.",3.0,3.0,2021 - 2022 Academic Year,C
CE 3041,CE,Civil Engineering,3041,Soil Mechanics,"Cat. I This is an introductory course dealing with the science and technology of earth materials with an emphasis on fundamental concepts of particulate mechanics. The topics which are discussed include fluid flow through porous media, deformation and shear characteristics of soil, consolidation, lateral earth pressure, and slope stability. Recommended background: CE 2000 and CE 2001. Suggested background: GE 2341.",3.0,3.0,2021 - 2022 Academic Year,B
CE 3044,CE,Civil Engineering,3044,Foundation Engineering,"Cat. IFoundation engineering is a study of the applications of the principles of soil mechanics and structural theory to the analysis, design and construction of foundations for engineering works with the emphasis on the soil engineering aspects of soil structure interaction. Subsurface exploration techniques, design of rigid and flexible retaining structures, and design of, shallow and deep foundations are considered. Although the course deals mainly with aspects of the design of buildings and bridges, certain parts of the course (design of temporary trench bracing, for example) are very relevant to construction engineering.Recommended background: CE 3041.Suggested background: CE 3008.",3.0,3.0,2021 - 2022 Academic Year,D
CE 3050,CE,Civil Engineering,3050,Traffic Engineering,"Cat. IThis course provides an introduction to the field of transportation engineering with particular emphasis on traffic engineering. Topics covered include a description of the transportation industry and transportation modes; characteristics of drivers, pedestrians, vehicles and the roadway; traffic engineering studies, highway safety, principles of traffic flow, intersection design and control, capacity analysis, and level of service analysis.Suggested background: CE 2020.",3.0,3.0,2021 - 2022 Academic Year,B
CE 3051,CE,Civil Engineering,3051,Pavement Engineering,"Cat. IThis course provides an introduction to concepts required for design construction and management of pavements. Topics include Highway Drainage, Soil Engineering for Highway Design, Bituminous Materials, Design of Flexible and Rigid Pavements and Pavement Management.Knowledge of the subject matter in CE 3050 is helpful but not required.",3.0,3.0,2021 - 2022 Academic Year,D
CE 3059,CE,Civil Engineering,3059,Environmental Engineering,"Cat. I This course provides an introduction to engineering aspects of environmental quality control. Students will learn fundamental science and engineering principles needed for environmental engineering, including concepts in chemistry, biology, physics, mass conservation, kinetics and reactor design. These principles are then applied to environmental engineering problems, including modeling of pollutants in natural systems and design of unit processes in engineered systems. Topics covered include environmental regulations, surface and ground water quality, drinking water treatment, wastewater treatment, air pollution, and hazardous waste management. Recommended background: college-level chemistry.",3.0,3.0,2021 - 2022 Academic Year,A
CE 3060,CE,Civil Engineering,3060,Water Treatment,"Cat. I This course provides in-depth coverage of processes used in water treatment. Topics include: review of water chemistry and drinking water standards, impurities in natural waters, aeration, water softening coagulation, flocculation, sedimentation, filtration, disinfection, taste and odor control, corrosion control, and iron and manganese removal. Recommended background: CE 3059 and ES 3004.",3.0,3.0,2021 - 2022 Academic Year,B
CE 3061,CE,Civil Engineering,3061,Waste Water Treatment,"Cat. IThis course provides in-depth coverage of processes used in wastewater treatment. Topics include: review of water quality standards, wastewater characteristics, application of biochemical oxygen demand, sources and effects of pollution, physical, chemical, and biological wastewater treatment processes, and waste sludge management.Recommended background: CE 3059 and ES 3004.",3.0,3.0,2021 - 2022 Academic Year,C
CE 3062,CE,Civil Engineering,3062,Hydraulics,"Cat. IThis course provides a background for applying the principles of fluid mechanics to analyze and design hydraulic and fluid flow systems for projects related to water resources and civil and environmental engineering. Topics include hydraulics in pipes and closed systems, open channels and rivers, water supply systems and water distribution networks, pump systems and turbines, wastewater collection and treatment systems, and coastal and other natural environmental systems. Course content includes water quality and energy considerations, as well as the development and application of hydraulic models.Recommended background: ES 3004.",3.0,3.0,2021 - 2022 Academic Year,D
CE 3070,CE,Civil Engineering,3070,Urban And Environmental Planning,"Cat. I This course introduces to the student the social, economic, political, and environmental factors that affect the complex relationship between the built and natural environment. By using the principles of sustainable development and the procedures of planning, the optimal development pattern may be examined, and the infrastructure (roads, water supply systems, waste-water treatment systems, shopping malls, etc.) necessary to support present and future growth patterns may be determined. The information necessary in planning, which involves conscious procedures of analysis, formulation of alternative solutions, rational assessment and deliberate choice in accordance with evaluation criteria, is obtained through extensive reading. As such, the course introduces a variety of topics of concern to engineers and environmental scientists. The course is intended not only for civil engineering majors, but also for students preparing for an IQP in areas of urban or environmental concerns. Some sections of this course may be offered as Writing Intensive (WI).",3.0,3.0,2021 - 2022 Academic Year,A
CE 3074,CE,Civil Engineering,3074,Environmental Analysis,"Cat. I This course provides a background in the principles and techniques of assessing areas of natural environment and applying environmental assessments to evaluate the inherent suitability of these areas for sustainable urban and resource-based uses. Topic areas include basic concepts in sustainability, landscape characterization and analysis, and environmental impact assessment and planning. The concepts and techniques developed in this course are useful for land use planning, site design, natural resources management, and the determination of the impact of engineering projects on the environment. Suggested background: CE 3059 or CE 3070.",3.0,3.0,2021 - 2022 Academic Year,B
CE 4007,CE,Civil Engineering,4007,Matrix Analysis Of Structures,"Cat. IIThis course presents the principles of matrix analysis of structural elements and systems; fundamentals of matrix algebra, solution of simultaneous equations, matrix inversion; analysis of plane trusses, method of joints; displacementmethod, principle of virtual work, analysis of continuous beams, analysis of plane frames, plane trusses, analysis of building frames and bridges; computer aided structural analysis and principles of software development.Recommended background: CE 2002.This course will be offered in 2019-20, and in alternating years thereafter.",3.0,3.0,2021 - 2022 Academic Year,D
CE 4017,CE,Civil Engineering,4017,Prestressed Concrete Design,"Cat. IIThis course covers analysis and design aspects of prestressed concrete structural elements and systems: principles of prestressing, materials for prestressing, high strength steel, flexural analysis and design methods; allowable stress and strength design methods; design of beams, load balancing, partial prestressing and cracking moment; design for shear, partial loss of prestress; deflections of prestressed concrete and precast construction; connections.Recommended background: CE 2002 and CE 3026.Suggested background: CE 3008.This course will be offered in 2019-20, and in alternating years thereafter.",3.0,3.0,2021 - 2022 Academic Year,A
CE 4020,CE,Civil Engineering,4020,Resilient Infrastructure for a Changing Climate,"This course is intended to provide students with understanding, knowledge, skills, and tools to evaluate the risk to, and resilience of, infrastructure components to climate change-related and extreme weather events, and to conduct further study and research on this subject. Methods to consider impact of climate change and extreme weather events on the infrastructure, understand different Intergovernmental Panel on Climate Change (IPCC) scenarios, utilize downscaled data for design of infrastructure, estimation of vulnerability, criticality, consequence, risk and resiliency, in both qualitative and quantitative ways. Available adaptation frameworks and tools/software for increasing resiliency will be presented. Recommended background: Basic knowledge of applied statistics (MA 2611 or similar), probability for applications (MA 2621 or similar), statics (CE 2000 or similar), structural engineering (CE 3010 or similar), and materials of construction (CE 3026 or similar ).",3.0,3.0,2021 - 2022 Academic Year,A
CE 4060,CE,Civil Engineering,4060,Environmental Engineering Laboratory,"Cat. IThis course familiarizes students with the laboratory studies used to obtain the design parameters for water and wastewater treatment systems. The topics include laboratory experiments dealing with physical, chemical, and biological treatment systems.Recommended background: CE 3060 and CE 3061.",3.0,3.0,2021 - 2022 Academic Year,D
CE 4061,CE,Civil Engineering,4061,Hydrology,"Cat. II This course introduces the concepts and principles governing the distribution and transport of water in the environment, and also provides a background for quantifying hydrologic processes as required for the development of water resources projects. Topics include the hydrologic cycle, precipitation, evaporation and transpiration, infiltration, runoff analysis, streamflow, hydrologic routing, statistics and probability in hydrology, and the quantification of hydrologic processes for water quality protection. The course introduces field techniques and the use of hydrologic models for solving problems in water resources and hydrology. Recommended background: ES 3004. This course will be offered in 2020-21, and in alternating years thereafter.",3.0,3.0,2021 - 2022 Academic Year,A
CE 4063,CE,Civil Engineering,4063,Transport & Transformations In The Environment,"Cat. IIIn this course, students will learn to make quantitative relationships between human activities and the effects on water, soil, and air in the environment. Students will learn the scientific and engineering principles that are needed to understand how contaminants enter and move in the environment, how compounds react in the environment, how to predict their concentrations in the environment, and how to develop solutions to environmental problems. Topics to be covered may include water quality engineering (including microbial interactions), air quality engineering, and hazardous waste management. Recommended Background: familiarity with transport phenomena, such as in ES 3004 (Fluid Mechanics) and ES 3002 (Mass Transfer), and familiarity with reaction kinetics and reactor design, such as through CHE 3201 (Kinetics and Reactor Design). Background such as CE 3059 (Environmental Engineering), CE 3060 (Water Treatment), or CE3061 (Wastewater Treatment) is suggested. This course will be offered in 2020-21, and in alternating years thereafter",3.0,3.0,2021 - 2022 Academic Year,D
CE 4071,CE,Civil Engineering,4071,Land Use Development And Controls,"Cat. IThe purpose of this course is to provide an understanding of the regulatory framework under which land is developed and the built environment is designed. The quality of our environment depends upon the development which is permitted to take place and the controls which direct that development. Through this course, the student will learn the principles, methods, and techniques which a planner or engineer may use to plan and design the highest and best uses and development of land. In particular, the use and limits of zoning, special permits, subdivision control, and other tools with which a developer or planner should be familiar will be examined in detail. Some sections of this course may be offered as Writing Intensive (WI).",3.0,3.0,2021 - 2022 Academic Year,C
CE 4600,CE,Civil Engineering,4600,Hazardous And Industrial Waste Management,"Cat. IIThis course will cover concepts and techniques for handling hazardous andindustrial wastes. Regulations governing hazardous waste, water & soilremediation concepts, and the fundamentals of waste treatment processes will bediscussed. Instruction will be provided through lectures, fieldtrips, practitionerseminars, and class problem solving sessions.Recommended background: ES 3004 and CE 3059.This course will be offered in 2019-20, and in alternating years thereafter.",3.0,3.0,2021 - 2022 Academic Year,D
CE 4610,CE,Civil Engineering,4610,Solid Waste Engineering,"Cat. II This course will provide an overview of municipal solid waste (MSW) engineering with specific attention to municipal solid waste quantities and characteristics, refuse collection systems, landfilling, recycling and material processing, pollution prevention, biological processing, and energy recovery. Recommended background: Basic knowledge of general chemistry (CH 1010, CH 1020 or equivalent), differential equations (MA 2051 or equivalent), fluid mechanics (ES 3004 or equivalent), thermodynamics (ES 3001, or equivalent), and Environmental Engineering (CE 3059).",3.0,3.0,2021 - 2022 Academic Year,B
CE 501,CE,Civil Engineering,501,Professional Practice,"Professional practices in engineering. Legal issues of business organizations, contracts and liability; business practice of staffing, fee structures, accounts receivable, negotiation and dispute resolution, and loss prevention; marketing andproposal development; project management involving organizing and staffing, budgeting, scheduling, performance and monitoring, and presentation of deliverables; professionalism, ethics and responsibilities.",3.0,3.0,2021 - 2022 Academic Year,"C,D"
CE 514,CE,Civil Engineering,514,Continuum Mechanics,"This course covers the fundamentals of continuum mechanics at an introductory graduate level. Topics covered include: 1) Introduction: essential mathematics - scalars, vectors, tensors, and indicial notation; 2) Basics: three-dimensional states of stress, finite and infinitesimal measures strain, and principal axes; 3) Conservations laws: mass, linear momentum, angular momentum and energy; 4) Constitutive equations: ideal materials, Newtonian fluids, isotropy and anisotropy, elasticity and thermoelasticity, plasticity, and viscoelasticity; 5) Applications to classical problems and emerging topics in solid and fluid mechanics. Recommended background: undergraduate knowledge of strength of materials, fluid mechanics, and linear algebra.",2.0,2.0,2021 - 2022 Academic Year,A
CE 519,CE,Civil Engineering,519,Advanced Structural Anaylsis,"Energy methods in structural analysis, concepts of force method and displacement methods, methods of relaxation and numerical techniques for the solution of problems in buildings, and long-span structures and aircraft structural systems. Effects of secondary stress in structures. Course may be offered by special arrangement. (Prerequisites: Structural mechanics and undergraduate courses in structural analysis, differential equations.)",3.0,3.0,2021 - 2022 Academic Year,"A,B"
CE 5303,CE,Civil Engineering,5303,Applied Finite Element Methods In Engineering,"This course is devoted to the numerical solution of partial differential equations encountered in engineering sciences. Finite element methods are introduced and developed in a logical progression of complexity. Topics covered include matrix structural analysis variation form of differential equations, Ritz and weighted residual approximations, and development of the discretized domain solution. Techniques are developed in detail for the one- and twodimensional equilibrium and transient problems. These numerical strategies are used to solve actual problems in heat flow, diffusion, wave propagation, vibrations, fluid mechanics, hydrology and solid mechanics. Weekly computer exercises are required to illustrate the concepts discussed in class. Students cannot receive credit for this course if they have taken the Special Topics (ME 593E) version of the same course or ME 533 or CE 524.",2.0,2.0,2021 - 2022 Academic Year,D
CE 534,CE,Civil Engineering,534,Structural Design For Fire Conditions,"The development of structural analysis and design methods for steel and reinforced concrete members subjected to elevated temperatures caused by building fires. Beams, columns and rigid frames will be covered. The course is based on research conducted during the past three decades in Europe, Canada and the United States. Course may be offered by special arrangement. (Prerequisites: Knowledge of statically indeterminate structural analysis, structural steel design and reinforced concrete design.)",3.0,3.0,2021 - 2022 Academic Year,"C,D"
CE 562,CE,Civil Engineering,562,Biosystems In Environmental Engineering,"Application of microbial and biochemical understanding to river and lake pollution; natural purification processes; biological conversion of important elements such as C, N, S, O and P; biological aspects of wastewater treatment; disease producing organisms with emphasis on waterborne diseases; and quantitative methods used in indicator organism counts and disinfection.",3.0,3.0,2021 - 2022 Academic Year,"C,D"
CE 571,CE,Civil Engineering,571,Water Chemistry,"This course covers the topics of chemical equilibrium, acid/base chemistry, the carbonate system, solubility of metals, complexation and oxidation-reduction reactions. These principles will be applied to understanding of the chemistry of surface waters and groundwaters, and to understanding the behavior of chemical processes used in water and wastewater treatment.",3.0,3.0,2021 - 2022 Academic Year,"A,B"
CE 572,CE,Civil Engineering,572,Physical And Chemical Treatment Processes,"This course presents the physical and chemical principles for the treatment of dissolved and particulate contaminants in water and wastewater. These concepts will provide an understanding of the design of commonly used unit operations in treatment systems. Applications will be discussed as well. Topics covered include water characteristics, reactor dynamics, filtration, coagulation/flocculation, sedimentation, adsorption, gas stripping, disinfection, and chemical oxidation.",3.0,3.0,2021 - 2022 Academic Year,"A,B"
CE 574,CE,Civil Engineering,574,Water Resources Management,"This course provides an introduction to water resources engineering and management, with an emphasis on water resources protection and water supply. Course content addresses technical aspects as well as the legal, regulatory and policy aspects of water resources management. Topics include surface water hydrology and watershed protection, development of water supplies, conjunctive use of groundwater and surface water, management of reservoirs and rivers, the role of probability and statistics, systems analysis techniques, and planning of water resources projects.",3.0,3.0,2021 - 2022 Academic Year,"C,D"
CE 575,CE,Civil Engineering,575,Climate and the Earth System,"This course deals with the Earth’s operation as a system, covering its energy budget along with its interacting atmosphere, ocean, biosphere and geologic systems. By showing how all systems work together to form feedback loops that can amplify or counteract input perturbations and forcings of the overall system, the course illustrates how these systems modulate and control our planet’s climate system. Throughout, an Anthropocene point of view is taken to study not only “natural” systems but also the ways in which human societies interact with and are an integral part of the Earth system. The course integrates physical, chemical, and biological basics to arrive at an understanding of complex natural and human systems.",2.0,2.0,2021 - 2022 Academic Year,A
CE 580,CE,Civil Engineering,580,Advanced Project Management,"This course develops an understanding of the managerial principles and techniques used throughout a construction project as they are applied to its planning, preconstruction and construction phases. The course emphasizes the integrative challenges of the human, physical and capital resources as experienced from the owner’s point of view in the preconstruction phase of a project. Through assignments and case studies, the course reviews the complex environment of the construction industry and processes, project costing and economic evaluation, project organization, value engineering, time scheduling, contracting and risk allocation alternatives, contract administration, and cost and time control techniques. (Prerequisites: CE 3020, CE 3025, or equivalent.)",3.0,3.0,2021 - 2022 Academic Year,"A,B"
CE 583,CE,Civil Engineering,583,Contracts And Law For Civil Engineers,"An introduction to the legal aspects of construction project management, emphasis on legal problems directly applied to the practice of project management, contracts and specifications documents, codes and zoning laws, and labor laws.",3.0,3.0,2021 - 2022 Academic Year,"C,D"
CE 584,CE,Civil Engineering,584,Advanced Cost Estimating Procedures,"This course examines cost estimating as a key process in planning, designing and constructing buildings. Topics include the analysis of the elements of cost estimating; database development and management, productivity, unit costs, quantity surveys and pricing, and the application of these tools in business situations; marketing, sales, bidding, negotiating, value engineering, cost control, claims management and cost history. Computerization is evaluated as an enhancement to the process.",3.0,3.0,2021 - 2022 Academic Year,"C,D"
CE 587,CE,Civil Engineering,587,Building Information Modeling (BIM),"This course introduces the concept of Building Information Modeling (BIM) which is a relatively new approach in planning, design, construction and operation of constructed facilities in a technologically enabled and collaborative fashion. The course reviews fundamental concepts for collaboration and integration; it also reviews technologies that support the BIM approach and provides discipline specific as well as global perspectives on BIM. The course format includes formal lectures, computer laboratory sessions, student presentations based on assigned readings and a project developed collaboratively by the students throughout the course. Guest speakers may be invited based on the topics covered and discussed in class. Prerequisites: Basic knowledge of computers. Exposure to professional practice in any area of the Architecture / Engineering / Construction / Facilities Management (A/E/C/FM) industry is desirable. Students are not permitted to receive credit for CE 587 if they have previously received credit for CE 585 or CE 590A-BIM.",3.0,3.0,2021 - 2022 Academic Year,"A,B"
CE 590,CE,Civil Engineering,590,Special Problems,Individual investigations or studies of any phase of civil engineering as may be selected by the student and approved by the faculty member who supervises the work.,2.0,2.0,2021 - 2022 Academic Year,"A,B,C,D"
CH 1010,CH,Chemistry,1010,"Chemical Properties, Bonding, And Forces","Cat. IThe CH1010 course is an introduction to chemistry using the fundamental structures of atoms as a starting point. Emphasis is placed on discussing how all properties of matter as well as bonding mechanisms arise from atomic structure. Lewis structures and molecular orbitals are used to understand bonding, and the intermolecular forces present in chemicals systems are used as a prelude to reactivity patterns covered in future courses.",3.0,3.0,2021 - 2022 Academic Year,"A,C"
CH 1020,CH,Chemistry,1020,Chemical Reactions,"Cat. I Bonding theories introduced earlier in the sequence are applied to chemical reactions, including reduction/oxidation reactions, to demonstrate patterns in reactivity. Solution thermodynamics, concentration scales, and colligative properties are discussed in the context of balanced chemical reactions both in aqueous solution and in the gas phase. Recommended background: Properties of matter, basic bonding theory, Lewis structures and molecular orbitals, intermolecular forces. See CH1010.",3.0,3.0,2021 - 2022 Academic Year,"B,D"
CH 1030,CH,Chemistry,1030,"Kinetics, Equilibrium And Thermodynamics","Cat. IThis course will examine the dynamic nature of solutions at the molecular level, and will develop an understanding of the mathematical aspects of molecular dynamics and equilibrium. Reaction kinetics will be outlined in detail leading into exploration of various fundamentals and examples of equilibrium processes in the gas phase as well as in solution, including acid-base chemistry and precipitation. Principles of thermodynamics will be introduced (entropy, free energy), and relationships with equilibrium will be explored. Case studies in current topics will be emphasized throughout the course.Recommended background: Properties of matter, basic bonding theory, Lewis structures and molecular orbitals, intermolecular forces. Redox reactions, solution thermodynamics, colligative properties, balancing of chemical reactions. See CH1010 and CH1020.",3.0,3.0,2021 - 2022 Academic Year,C
CH 1040,CH,Chemistry,1040,Spectroscopy In Organic And Polymer Chemistry,"Cat. IWe will examine the nature of molecular motions and their interaction with electromagnetic radiation, which provides us with all of our structural information about molecules. In addition, students will be introduced to the fundamentals of mass spectrometry and electrochemistry. The concepts of these techniques will be discussed in the context of structural organic chemistry and polymer characterizationRecommended background: Properties of matter, basic bonding theory, Lewis structures and molecular orbitals, intermolecular forces. Redox reactions, solution thermodynamics, colligative properties, balancing of chemical reactions. Reaction kinetics, equilibrium processes, acid-base chemistry and principles of thermodynamics (entropy, free energy). See CH1010, CH1020 and CH1030.",3.0,3.0,2021 - 2022 Academic Year,D
CH 2310,CH,Chemistry,2310,Organic Chemistry I,"Cat. I A systematic survey of the major reaction types and functional groups in organic chemistry. The course will provide a representative collection of characteristic reactions and transformations of a variety of types of organic molecules. Most of the examples will be drawn from aliphatic chemistry. Some theoretical models will be introduced with a view toward establishing a general overview of the material. The course is intended for chemists, chemical engineers, pre-medical students and all those interested in the biosciences. A familiarity with the material presented in the general chemistry courses is assumed.",3.0,3.0,2021 - 2022 Academic Year,B
CH 2320,CH,Chemistry,2320,Organic Chemistry II,"Cat. I Modern theories of aromaticity, including a general assessment of delocalized bonding. The chemistry of some significant functional groups not surveyed in Organic Chemistry I, and the meaning of acidity and basicity in organic chemistry, will be more fully explored. The course will provide an introduction to the systematic synthesis of polyfunctional organic compounds. Recommended background: CH 2310. The course is intended for chemists, chemical engineers and bio-science majors.",3.0,3.0,2021 - 2022 Academic Year,C
CH 2330,CH,Chemistry,2330,Organic Chemistry III,"Cat. IThis course fully explores three most important analytical methods in organic chemistry: infrared spectroscopy, mass spectrometry, and nuclear magnetic resonance spectroscopy. It will continue the coverage of aromatic chemistry. New topics to be introduced include structures, properties, and reactivities of aldehydes and ketones, carboxylic acids and their derivatives, amines, and the interaction among polyfunctional compounds. It reinforces the retrosynthetic analysis and multistep synthesis of organic compounds and revisits reaction mechanisms and stereochemistry of all the new functional groups studied.Recommended background: CH2310 and CH2320. The course is intended for biochemists, chemists, chemical engineers and bioscience majors.",3.0,3.0,2021 - 2022 Academic Year,D
CH 2360,CH,Chemistry,2360,Organic Laboratory,"Cat. I Laboratory experience in standard methods for the preparation and purification of organic compounds. The course will provide sufficient training in laboratory technique so that no previous laboratory experience beyond that of general chemistry is required. This course may be taken concurrently or following lecture courses in organic chemistry. Recommended for pre-medical students and students majoring in disciplines outside of chemistry and biochemistry that desire laboratory experience in basic methods of organic synthesis. Recommended background: Fundamentals of chemistry, basic chemistry laboratory techniques (e.g., basic synthesis, spectral analysis and chemical separation skills).",3.0,3.0,2021 - 2022 Academic Year,"A,B,D"
CH 2640,CH,Chemistry,2640,Experimental Chemistry I: Instrumental Analysis,"Cat. I This laboratory course focuses on the application of modern instrumental methods of analysis to chemical, biochemical and environmental problems. Practical experience is gained in quantitative electrochemistry, ultraviolet-visible spectrophotometry, fluorometry and bioluminescence, high performance liquid chromatography, and capillary electrophoresis. Principles of experimental design and execution are developed as student teams select a chemical, biochemical or environmental problem, formulate an approach, conduct the analysis, and present findings to the class. Methods of data analysis and common statistical approaches are emphasized throughout the course. Recommended background: CH 1010, CH 1020, CH 1030, CH 1040.",3.0,3.0,2021 - 2022 Academic Year,A
CH 2650,CH,Chemistry,2650,Modern Physical Chemistry Methods,"Cat. I This laboratory course emphasizes principles, techniques, and instrumentation employed in modern physical chemistry with a view towards applications throughout the molecular sciences. Investigations include chemical thermodynamics and phase equilibria; gas-phase, solution-phase, and interfacial reaction kinetics and dynamics; and molecular modeling of small molecules. Emphasis includes data collection, interpretation, error analysis, and write-up. Recommended background: Fundamentals in chemistry (see CH 1010 – CH 1040), knowledge in thermodynamics (see CH 3510).",3.0,3.0,2021 - 2022 Academic Year,B
CH 2660,CH,Chemistry,2660,Organic Synthesis And Analysis Laboratory,"Cat. I The emphasis in CH 2660 is on fundamental techniques essential for the synthesis, purification, and characterization of organic compounds. These techniques include setting up, running and monitoring reactions, isolation and purification by solvent extraction, crystallization, distillation, and chromatographic techniques, followed by determination of physical properties and characterization by infrared (IR) and nuclear magnetic resonance (NMR) spectroscopy. Micro-synthetic methods and multi-step synthesis are introduced. This course differs from CH 2360 by providing in-depth experience with spectroscopic characterization of molecular structure and hands-on training operating core instruments in addition to methods of organic synthesis. This course is required for students majoring in chemistry, and is recommended for students majoring in biochemistry and disciplines outside of chemistry that desire a strong background in methods of organic synthesis and characterization. Recommended background: Fundamentals of chemistry (see CH 1010, CH 1020, CH 1030) and chemical characterization techniques (see CH1040), basic chemistry laboratory techniques (e.g., basic chemical synthesis, spectral analysis and chemical separation skills).",3.0,3.0,2021 - 2022 Academic Year,C
CH 2670,CH,Chemistry,2670,Investigation Of Coordination Complexes Through Inquiry,"Cat. IThe synthesis, isolation, and characterization of inorganic compounds are emphasized. Syntheses of main group compounds, classical transition metal complexes, and organotransition metal compounds are included. In addition to reinforcing and building on standard techniques of synthesis and characterization, several new techniques are introduced: synthesis under inert atmosphere, measurement of magnetic susceptibility by NMR, and cyclic voltammetry. Some exposure to 13C NMR is also provided. The final experiment of the course requires the student to design a synthesis for a compound selected from a list provided, based on strategies learned in the course.Recommended background: Principles of inorganic chemistry, chemical bonding and reactions, thermodynamic stability of inorganic species, solubility and precipitation of inorganic compounds. Advanced chemistry laboratory skills (see CH 2660)",3.0,3.0,2021 - 2022 Academic Year,D
CH 3410,CH,Chemistry,3410,"Structure, Bonding, And Reactivity In Inorganic Chemistry","Cat. I This course provides the fundamental understanding of atomic, molecular and solid state structures and properties. Orbital structures of atoms, symmetry of molecules and point groups are used to understand chemical bonding and reactions. Various acid-base concepts are explored to analyze the acidity of cations and basicity of anions, solubility and precipitations of inorganic compounds, and metal-ligand binding affinities. Redox properties are discussed using Pourbaix diagrams. Thermodynamic stabilities of inorganic species are discussed using acid-base and redox concepts and thermochemical analyses are used to analyze chemical reactivity at atomic, molecular, and solid state level. Recommended background: Firm understanding of general chemistry topics (CH 1010 – CH 1030).",3.0,3.0,2021 - 2022 Academic Year,A
CH 3510,CH,Chemistry,3510,Chemical Thermodynamics,"Cat. I The content of this course will be the development of the principles of classical thermodynamics. The laws of thermodynamics will be developed by using a series of increasingly complex model systems and a universal equation of state is formulated which incorporates the relationships illustrated by these model systems. Using this equation it will be possible to appreciate that thermodynamic laws are applicable to all systems of matter, regardless of their complexity. Finally, the principles developed are applied to problems of a chemical nature, focusing on predicting the spontaneity of chemical reactions. The material in this course will be of greatest interest to those students enrolled in the basic sciences including biology, chemistry, and physics, and in applied fields such as chemical engineering, materials science and biotechnology. Recommended background: Students should be familiar with the material covered in the general chemistry sequence CH 1010-1040, and calculus including multi variables.",3.0,3.0,2021 - 2022 Academic Year,A
CH 3530,CH,Chemistry,3530,Quantum Chemistry,"Cat. I An introduction to quantum mechanics with applications to atomic and molecular species. The course will be developed systematically beginning with the postulates of quantum mechanics. The Schroedinger equation will be applied to systems such as the particle in a box, the rigid rotor, the harmonic oscillator and the hydrogen atom. Emphasis will be given to a quantum mechanical description of multielectron atoms, molecular bonding and spectroscopy. Recommended background: a solid foundation in elementary physics and calculus. This course is normally for students in their third year.",3.0,3.0,2021 - 2022 Academic Year,C
CH 3550,CH,Chemistry,3550,Chemical Dynamics,"Cat. I This course deals in a general way with the interactions between energy and molecules, and considers how energetic and structural considerations affect the outcome of molecular interactions. The manipulation of kinetic data and results is stressed. Selected topics from both organic and inorganic chemistry are analyzed in terms of reaction thermodynamics, rates and mechanisms. Students are expected to be familiar with thermodynamics, equilibria, reaction rates and the Periodic Table of the elements. The following three courses, CH 4110, CH 4120, and CH 4130, are a three-term sequence intended to provide a strong emphasis in biochemistry. As background for this sequence, CH 1010, CH 1020, CH 1030, CH 1040, CH 2310, CH 2320, and CH 2330, or their equivalents, are recommended.",3.0,3.0,2021 - 2022 Academic Year,B
CH 4110,CH,Chemistry,4110,Protein Structure And Function,"Cat. I The fundamental concepts of protein architecture and dynamics are presented with an emphasis on the functional outcomes of chemistry coordinated in three dimensional space. Catalytic mechanics and enzyme function are outlined in detail. Current methods in the determination of enzyme structure and function will be discussed, and students will use common tools in macromolecular analysis and structural modeling. Case studies in enzyme dysfunction, disease, and current research will be used throughout the course. Recommended background: Familiarity with organic chemistry topics including functional groups, nucleophilic addition and substitution reactions, stereochemistry, and carbonyl chemistry. General knowledge of cellular architecture is also recommended. See CH 2310, CH 2320, CH 2330, and BB2550 or equivalent.",3.0,3.0,2021 - 2022 Academic Year,A
CH 4120,CH,Chemistry,4120,Lipids And Biomembrane Functions,"Cat. I Oriented around biological membranes, this course begins with a description of lipids and proteins forming biomembranes. Permeability and the mechanism of transmembrane mass transport are presented. Transport of electrons and redox equivalents is explained within the context of aerobic production of ATP and plant photosynthesis. Finally the transport of information across biomembranes in signal transduction and neurotransmission are discussed. Recommended background: Knowledge of organic chemistry fundamentals as well as concepts including protein structure and folding, catalytic mechanics, enzyme kinetics, and ATP synthesis and hydrolysis mechanisms. See CH 2310, BB 2550, and CH 4110 or equivalent.",3.0,3.0,2021 - 2022 Academic Year,C
CH 4130,CH,Chemistry,4130,Nucleic Acids And Bioinformation,"Cat. I This course presents the structure and function of DNA. Precursors and biomolecules that give rise to DNA, the mechanism of DNA replication, RNA synthesis, and protein synthesis are described in detail. In addition to mechanistic studies, regulation of these processes is covered as well as those of genetic mutation, DNA repair, and epigenetics. Recommended background: Knowledge of organic chemistry fundamentals as well as concepts including protein structure and folding, catalytic mechanics, enzyme kinetics, and ATP synthesis and hydrolysis mechanisms. See CH 2310, CH 2320, CH 2330, BB 2550, and CH 4110 or equivalent.",3.0,3.0,2021 - 2022 Academic Year,B
CH 4140,CH,Chemistry,4140,Metabolism And Disease,"Cat. I This course presents a thorough analysis of the most relevant metabolic processes in cells. The catabolism of sugars and lipids will be presented in the context of energy generation and storage. Nucleotide and amino acid metabolism will discussed as building blocks for large biomolecules. Throughout the course the links between metabolism, hereditary pathologies, as well as risk of metabolic imbalances such as diabetes and obesity will be presented.Recommended background: Familiarity with organic chemistry topics including functional groups, nucleophilic addition and substitution reactions, stereochemistry, and carbonyl chemistry. General knowledge of cellular architecture is also recommended. See CH 2310, CH 2320, CH 2330, and BB2550 or equivalent.Specific concepts that we will discuss are: Glucose and glycogen metabolism; Gluconeogenesis; Citric Acid Cycle; Lipid, amino acid and nucleotide metabolisms; Mammalian Fuel Metabolism: Integration and Regulation.",3.0,3.0,2021 - 2022 Academic Year,D
CH 4150,CH,Chemistry,4150,Enzymology And Protein Characterization Laboratory,"Cat. I The experiments in this laboratory course have been designed to acquaint the students with the basic skills necessary to perform biochemical studies. The course will cover, for instance, protein purification, subcellular fractionation, enzyme kinetics (Km, Vmax, specific activity, effector-protein interaction, etc.), exclusion and ion exchange chromatography, and electrophoresis. Recommended background: Knowledge of organic chemistry fundamentals as well as concepts including protein structure and folding, catalytic mechanics, enzyme kinetics, and ATP synthesis and hydrolysis mechanisms. See CH 2310, BB 2550, and CH 4110 or equivalent.",3.0,3.0,2021 - 2022 Academic Year,"B,C"
CH 415X,CH,Chemistry,415X,Biophotonics,"This course has been designed to familiarize students with the theoretical and practical aspects of advanced biophotonic techniques, including FRET, fluorescence lifetime and fluorescence anisotropy measurements. In the synthetic part of the lab course, students will learn to link molecular structures with fluorescent properties. Cell based experiments will be used to study labeling of subcellular compartments using fluorescent probe molecules. Recommended background: experimental organic chemistry (CH 2360 or CH 2660) instrumental analysis (CH 2640), and biochemistry (CH 4110).",3.0,3.0,2021 - 2022 Academic Year,B
CH 4160,CH,Chemistry,4160,Membrane Biophysics,"Cat. II This course will focus on different areas of biophysics with special emphasis on membrane phenomena. The biomedical-biological importance of biophysical phenomena will be stressed. The course will begin with the introduction of the molecular forces relevant in biological media and subsequently develop the following topics: Membrane Structure and Function; Channels, Carriers and Pumps; Nerve Excitation and related topics; and Molecular Biophysics of Motility. Recommended background: prior knowledge of Biochemistry (CH 4110, CH 4120), Mechanics (PH 1110) and Electricity (PH 1120). This course will be offered in 2019-20, and in alternating years thereafter.",3.0,3.0,2021 - 2022 Academic Year,A
CH 4170,CH,Chemistry,4170,Experimental Genetic Engineering,"Cat. IThis laboratory course focuses on modern DNA technologies and general applications of gene manipulation. Topics include gene amplification and recombination, promoter and plasmid engineering, gene expression and analysis, model systems, CRISPR, genomics and transgenics. Experiments in this course are integrated into an overall genetic engineering project throughout the term that will involve techniques such as electrophoresis, quantitative spectrofluorimetry, and real-time quantitative PCR. Methods of data analysis, common statistical approaches and technical writing will be emphasized throughout the course.Recommended background: Knowledge of organic chemistry fundamentals as well as biochemical concepts including DNA replication and recombination, RNA synthesis and protein synthesis. Familiarity with cellular architecture is also recommended. See CH 2310, BB 2550, BB 4010 and CH 4110 or equivalent.",3.0,3.0,2021 - 2022 Academic Year,D
CH 4420,CH,Chemistry,4420,Application Of Molecular Orbital Theory To Metal Complexes,"Cat. I Complexes of the transition metals are discussed. Covered are the electronic structures of transition metal atoms and ions, and the topological and electronic structures of their complexes. Symmetry concepts are developed early in the course and used throughout to simplify treatments of electronic structure. The molecular orbital approach to bonding is emphasized. The pivotal area of organotransition metal chemistry is introduced, with focus on complexes of carbon monoxide, metal-metal interactions in clusters, and catalysis by metal complexes. Recommended background: CH 1010 - CH 1040, CH 2640 - CH 2670, CH 3410, CH 3530, and CH 3550. Recommended background: Fundamental understanding of atomic, molecular and solid state structures and properties. Thermodynamic stabilities of inorganic species. Acidity, solubility and precipitation of inorganic compounds (see CH3410).",3.0,3.0,2021 - 2022 Academic Year,B
CH 4520,CH,Chemistry,4520,Chemical Statistical Mechanics,"Cat. IIThis course deals with how the electronic, translational, rotational and vibrational energy levels of individual molecules, or of macromolecular systems, are statistically related to the energy, entropy, and free energy of macroscopic systems, taking into account the quantum mechanical properties of the component particles. Ensembles, partition functions, and Boltzmann, Fermi-Dirac and Bose-Einstein statistics are used. A wealth of physical chemical phenomena, including material related to solids, liquids, gases, spectroscopy and chemical reactions are made understandable by the conceptslearned in this course. Recommended background: CH 3510 and CH 3530, or equivalent, and mathematics through differential and integral calculus.This course will be offered in 2019-20, and in alternating years thereafter.",3.0,3.0,2021 - 2022 Academic Year,D
CH 516,CH,Chemistry,516,Chemical Spectroscopy,"The emphasis is on using a variety of spectroscopic data to arrive at molecular structures, particularly of organic molecules. Major emphasis is on Hand C-NMR, IR and MS. There is relatively little emphasis on theory or on sampling handling techniques.",3.0,3.0,2021 - 2022 Academic Year,C
CH 538,CH,Chemistry,538,Medicinal Chemistry,"This course will focus on the medicinal chemistry aspects of drug discovery from an industrial pharmaceutical research and development perspective. Topics will include chemotherapeutic agents (such as antibacterial, antiviral and antitumor agents) and pharmacodynamic agents (such as antihypertensive, antiallergic, antiulcer and CNS agents). (Prerequisite: A good foundation in organic chemistry, e.g., CH 2310 Organic Chemistry I and CH 2320 Organic Chemistry II.)",3.0,3.0,2021 - 2022 Academic Year,A
CH 541,CH,Chemistry,541,Membrane Biophysics,"This course will focus on different areas of biophysics with special emphasis on membrane phenomena. The biomedical-biological importance of biophysical phenomena will be stressed. The course will begin with an introduction to the molecular forces relevant in biological media and subsequently develop the following topics: membrane structure and function; channels, carriers and pumps; nerve excitation and related topics; and molecular biophysics of motility. Topics will be developed assuming a good understanding of protein and lipid chemistry, enzyme kinetics, cell biology, and electricity.",2.0,2.0,2021 - 2022 Academic Year,A
CH 542,CH,Chemistry,542,Drugs In The Brain,"This class will introduce the concepts of basic neuropharmacology and the action of major neurotransmitter families in the brain. The mechanisms of action of the major psychoactive drugs families including cannabis, opioids, and psychedelics will be covered. The effects of pharmaceutical treatments for anxiety and depression on brain chemistry will be discussed as well. This course will be offered in 2020-2021 and alternating years thereafter. Recommended Background: Fundamental understanding of introductory biochemistry (CH4110, CH4120, and/or CH4130).",3.0,3.0,2021 - 2022 Academic Year,B
CH 544,CH,Chemistry,544,Elucidation Of Organic Reaction Mechanisms,"In this advanced course, students will develop skill sets to independently understand, explain, and predict reactions of organic molecules. Principles of modern physical organic chemistry, such as bonding, hybridization, molecular orbital theory, non-covalent interactions, stereochemistry, and conformational analysis, will be introduced alongside experimental techniques related to thermodynamics and kinetics to provide scientists with tools to understand existing reaction pathways and study new reactions. The interplay between mechanistic hypotheses and experimental observations will be demonstrated using case studies from the primary literature. Recommended for graduate students and undergraduates who have completed the sequence in organic chemistry (CH2310, CH2320, and CH2330). This course will be offered in 2019-2020 and alternating years thereafter.",3.0,3.0,2021 - 2022 Academic Year,B
CH 555,CH,Chemistry,555,Advanced Topics,A course of advanced study in selected areas whose content and format varies to suit the interest and needs of faculty and students. This course may be repeated for different topics covered.,3.0,3.0,2021 - 2022 Academic Year,"A,B,C,D"
CH 571,CH,Chemistry,571,Seminar,Reports on current advances in the various branches of chemistry.,1.0,1.0,2021 - 2022 Academic Year,"A,B,C,D"
CHE 1011,CHE,Chemical Engineering,1011,Introduction To Chemical Engineering,"Cat. I. This course provides an introduction to the broad and vital discipline of chemical engineering including conventional and developing chemical technologies. An introduction is provided to the first principles of chemical engineering, as well as environmental, health, safety and ethical issues in chemical engineering practice. An overview is provided of the chemical engineering profession, career choices, the course of study, and a survey of the chemical industry, e.g., polymer, pharmaceutical, food processing, microelectronic, electrochemical, biotechnology, process control, energy, and petroleum refining. Course activities include guest speakers and plant trips. Recommended for first-year students with a basic knowledge of chemistry.",3.0,3.0,2021 - 2022 Academic Year,B
CHE 2011,CHE,Chemical Engineering,2011,Chemical Engineering Fundamentals,"Cat. I This first course in chemical engineering is designed to give students the ability to use techniques and solve problems of interest to chemical engineers. Students will learn fundamental material by completing analysis, design, and/or laboratory projects. Topics covered include: material balances and stoichiometry, pressure, volume, and temperature behavior of pure fluids, 1st law of thermodynamics, vapor-liquid equilibria with ideal thermodynamics, and staged separation processes. Recommended background: Elementary college chemistry and calculus. Students may not receive credit towards CHE distribution requirements for both CHE 2011 and CM 2001.",3.0,3.0,2021 - 2022 Academic Year,A
CHE 2012,CHE,Chemical Engineering,2012,Elementary Chemical Processes,"Cat. I This course aims to build a strong foundation in analysis of chemical processes via a project-based approach. Topics covered include analysis and design of stagewise separation processes such as distillation, 1st and 2nd law (of thermodynamics) analysis of power and refrigeration cycles, and application of material and energy balances in industrial chemical processes, including those with recycle and non-ideal systems. Recommended background: Elementary college chemistry and calculus and some familiarity with the topics listed in CHE 2011. Students may not receive credit towards CHE distribution requirements for both CHE 2012 and ES 3000.",3.0,3.0,2021 - 2022 Academic Year,B
CHE 2013,CHE,Chemical Engineering,2013,Applied Chemical Engineering Thermodynamics,"Cat. IThis course uses a project-based approach to build confidence and competence in the use of chemical engineering thermodynamics for the analysis and design of chemical processes. Topics covered include extractive separation systems, solution thermodynamics and nonreacting multicomponent mixtures, phase equilibria and property changes on mixing.Recommended background: Elementary college chemistry and calculus and some familiarity with the topics listed in CHE 2011 and CHE 2012.Students may not receive credit towards CHE distribution requirements for both CHE 2013 and CM 2102.",3.0,3.0,2021 - 2022 Academic Year,C
CHE 2014,CHE,Chemical Engineering,2014,Advanced Chemical Processes,"Cat. IThis course builds on prior work in material and energy balances, chemical engineering thermodynamics, and stagewise separation processes to facilitate student mastery and design of more complex processes. Topics covered include chemical reaction equilibria, material and energy balances for non-steady state systems, combined material and energy balances, humidification, and batch distillation.Recommended background: Elementary college chemistry and calculus and some familiarity with the topics listed in CHE 2011, CHE 2012, and CHE 2013.Students may not receive credit towards CHE distribution requirements for both CHE 2014 and CM 2002. Some sections of this course may be offered as Writing Intensive (WI).",3.0,3.0,2021 - 2022 Academic Year,D
CHE 3201,CHE,Chemical Engineering,3201,Kinetics And Reactor Design,"Cat. ITechniques for experimentally determining rate laws for simple and complex chemical reactions, the mechanisms and theories of chemical reactions, the function of catalysts, and the design of isothermal, adiabatic, batch and flow reactors. The course is intended to provide chemists and chemical engineers with the conceptual base needed to study reactions and perform in the design and analysis of reactors.Recommended background: differential equations, thermodynamics and someorganic chemistry.",3.0,3.0,2021 - 2022 Academic Year,"C,D"
CHE 3301,CHE,Chemical Engineering,3301,Introduction To Biological Engineering,"Cat. IIThis course is an introduction to the chemical engineering principles involved in modern applications of biological engineering. Topics may include: an introduction to biology, biochemistry, physiology, and genomics; biological process engineering including fermentation, mammalian cell culture, biocatalysis, and downstream bioseparations; drug discovery, development, and delivery; environmental biotechnology; and chemical engineering aspects of biomedical devices.Recommended background: material and energy balances, thermodynamics, organic chemistry, and differential equations.This course will be offered in 2019-20, and in alternating years thereafter.",3.0,3.0,2021 - 2022 Academic Year,D
CHE 3501,CHE,Chemical Engineering,3501,Applied Mathematics In Chemical Engineering,"Cat. IThe consolidation of the methods of mathematics into a form that can be used for setting up and solving chemical engineering problems. Mathematical formulation of problems corresponding to specific physical situations such as momentum, energy and mass transfer, and chemical reactions. Analytical and numerical techniques for handling the resulting ordinary and partial differential equations and finite difference equations.Recommended background: ordinary differential equations, partial derivatives and vectors, momentum heat and mass transfer.",3.0,3.0,2021 - 2022 Academic Year,D
CHE 3722,CHE,Chemical Engineering,3722,Bioenergy,"Cat II.The primary goal of this course is to provide students the necessary understanding and tools to evaluate biochemical and thermochemical biofuel production technologies. The secondary goals include developing understanding of 1) fuel properties, 2) biomass resources, 3) basic enzyme kinetics, 4) biochemical reactor design, 5) the corn ethanol process, 6) challenges to cellulosic ethanol, 7) biomass gasification reactions and thermochemistry, 8) gasification reactor design, and 9) techno economic concepts of biofuel processes.Recommended background: Knowledge of chemistry (CH 1010, 1020, and 1030 or equivalent), differential and integral calculus and differential equations (MA 1021-1024 and 2051 or equivalent), and chemical processing (CHE 2011 or equivalent).Students may not receive credit for both CHE 372X and CHE 3722. This course will be offered in 2020-21, and in alternating years thereafter.",3.0,3.0,2021 - 2022 Academic Year,C
CHE 4063,CHE,Chemical Engineering,4063,Transport & Transformations In The Environment,"Cat. IIIn this course, students will learn to make quantitative relationships between human activities and the effects on water, soil, and air in the environment. Students will learn the scientific and engineering principles that are needed to understand how contaminants enter and move in the environment, how compounds react in the environment, how to predict their concentrations in the environment, and how to develop solutions to environmental problems. Topics to be covered may include water quality engineering (including microbial interactions), air quality engineering, and hazardous waste management. Recommended Background: familiarity with transport phenomena, such as in ES 3004 (Fluid Mechanics) and ES 3002 (Mass Transfer), and familiarity with reaction kinetics and reactor design, such as through CHE 3201 (Kinetics and Reactor Design). Background such as CE 3059 (Environmental Engineering), CE 3060 (Water Treatment), or CE3061 (Wastewater Treatment) is suggested. This course will be offered in 2020-21, and in alternating years thereafter",3.0,3.0,2021 - 2022 Academic Year,D
CHE 4401,CHE,Chemical Engineering,4401,Unit Operations Of Chemical Engineering I,"Cat. I Laboratory-application of fundamental theories to practical chemical engineering operations. Emphasis is on building the student’s understanding and ability to approach the problems of design and operations of large scale chemical processing equipment. The course is a combination of lectures and laboratory projects in the area of unit operations. Laboratory projects include experiments in fluid-flow phenomena through various media such as: friction in conduits, filtration, pressure drop in packed towers, fluidization of solids, and spray drying. Students are expected to carry out the planning and execution of experimental work as well as the analysis and reporting of experimental results in both written and oral format. Recommended background: knowledge of chemistry, mathematics and engineering principles.",3.0,3.0,2021 - 2022 Academic Year,A
CHE 4402,CHE,Chemical Engineering,4402,Unit Operations Of Chemical Engineering II,"Cat. I Overall format and procedure are essentially the same as in Unit Operations of Chemical Engineering I. Laboratory projects include experiments in heat and mass transfer such as: heat transfer in two heaters and a cooler, climbing film evaporation, multiple effect evaporation, absorption, extraction, distillation and rotary drying of solids. Recommended background: familiarity with techniques and procedures emphasized in CHE 4401.",3.0,3.0,2021 - 2022 Academic Year,B
CHE 4403,CHE,Chemical Engineering,4403,Chemical Engineering Design,"Cat. I Design of equipment, systems and plants; discussion of factors important in chemical plant design such as: economics, cost estimation, profitability, process selection, materials of construction, process control, plant location and safety. Introduction to optimization and computer-aided design. Principles are illustrated with short industrial-type problems. Recommended background: thermodynamics; heat, mass and momentum transfer; inorganic and organic chemistry; chemical kinetics and reactor design.",3.0,3.0,2021 - 2022 Academic Year,A
CHE 4404,CHE,Chemical Engineering,4404,Chemical Plant Design Project,"Cat. I Application of Chemical Engineering design principles to the design of a major chemical plant. Students work in groups to produce a preliminary practical process flowsheet, equipment and plant design, and economic analysis. Recommended background: familiarity with techniques and procedures emphasized in CHE 4403.",3.0,3.0,2021 - 2022 Academic Year,"B,D"
CHE 4405,CHE,Chemical Engineering,4405,Chemical Process Dynamics And Control Laboratory,"Cat. IThis course is intended to provide laboratory application of fundamental principles of chemical process dynamics and feedback control. This includes open-loop dynamics of typical chemical engineering processes such as distillation, fluid flow, chemical reactors and heated stirred tanks. Closed-loop experiments will involve control loop design, controller tuning, multivariable, and computer control.Students will be required to design and execute their own experiments based on supplied objectives. Analysis and presentation of the results will be done through oral and written reports.Recommended background: knowledge of fluid flow and heat transfer, mathematics and chemical engineering principles.",3.0,3.0,2021 - 2022 Academic Year,C
CHE 4410,CHE,Chemical Engineering,4410,Chemical Process Safety Design,"Cat. II Application of chemical engineering design principles to the design of the process safety and environmental controls of a major chemical plant. Students work in groups to produce a preliminary practical flowsheet, equipment design and controls, and economic analysis, all associated with chemical process safety components within a plant. The course will also include an introduction to modeling of off-site impacts. Recommended background: familiarity with techniques and procedures of chemical engineering design (CHE 4403), working knowledge of thermodynamics, heat, mass and momentum transfer, inorganic and organic chemistry, chemical kinetics and reactor design. This course meets the requirements for a core course and a Capstone Design course in chemical engineering. Students may not receive core credit for both CHE 4404 and CHE 4410.",3.0,3.0,2021 - 2022 Academic Year,B
CHE 501,CHE,Chemical Engineering,501,Seminar,Reports on current advances in the various branches of chemical engineering or on graduate research in progress. Must be taken during every semester in residence.,0.0,0.0,2021 - 2022 Academic Year,"A,B"
CHE 502,CHE,Chemical Engineering,502,Seminar,Reports on current advances in the various branches of chemical engineering or on graduate research in progress. Must be taken during every semester in residence.,0.0,0.0,2021 - 2022 Academic Year,"C,D"
CHE 503,CHE,Chemical Engineering,503,Colloquium,Presentations on scientific advances by recognized experts in various fields of chemical engineering and related disciplines. The course will be graded on a Pass/Fail basis.,0.0,0.0,2021 - 2022 Academic Year,"A,B,C,D"
CHE 504,CHE,Chemical Engineering,504,Mathematical Analysis In Chemical Engineering,"An essential skill of an engineer is to provide analytical and numerical solutions to relevant problems. This course will provide students with a solid mathematical background required to solve chemical engineering problems in fields such as fluid mechanics, reactor design, thermodynamics, and process design. Methods of mathematical analysis relevant to engineering will be selected from such topics as vector analysis, matrices, eigenvalue problems, Fourier analysis, Fourier transforms, Laplace transformation, solution of ordinary and partial differential equations, integral equations, calculus of variation, optimization methods, and numerical methods. Students should have a background in undergraduate calculus and differential equations.",3.0,3.0,2021 - 2022 Academic Year,"C,D"
CHE 509,CHE,Chemical Engineering,509,Reactor Design And Kinetics,"This course includes a review of prototypical chemical reactors, including design of batch, stirred tank, and tubular reactors. Theories of reaction kinetics and catalysis for simple and complex reactions are addressed. Reactor design is discussed within the context of complex transport phenomena and reaction kinetics, including effects of bulk and pore diffusion and multiphase reactions/reactors. Techniques for experimentation, reaction data treatment, catalyst preparation and characterization, and computational tools are also included. Students cannot receive credit for this course and CHE 506 or CHE 507, which this class replaces.",3.0,3.0,2021 - 2022 Academic Year,"A,B"
CHE 515,CHE,Chemical Engineering,515,Research Analysis And Design,"Effective research requires understanding methods of data collection and analysis. Students will learn to apply statistical methods to analyzing data, develop mathematical models from data, visually present information, and design experiments to maximize the gain of useful information. Emphasis will also be on performing research ethically and according to accepted practices. Other topics that may be covered include: efficient use of the literature, creating and testing a hypothesis, making sound arguments, and preparing results for publication. Students should have a background in calculus. Students may not receive credit if they previously completed this course as CHE 580: Special Topics.",3.0,3.0,2021 - 2022 Academic Year,A
CHE 521,CHE,Chemical Engineering,521,Biochemical Engineering,"The course emphasizes the basic concepts of biological systems which are relevant to study by chemical engineers. Topics covered include Ligand binding and membrane transport processes, growth kinetics of animal cells and micro-organisms, kinetics of interacting multiple populations, biological reactor design and analysis, soluble immobilized enzyme kinetics, optimization and control of fermentation, biopolymer structure and function, properties of biological molecules, biological separation processes, scale-up of bioprocesses; laboratory work may be included when possible.",3.0,3.0,2021 - 2022 Academic Year,C
CHE 561,CHE,Chemical Engineering,561,Thermodynamics,"Thermodynamics is at the heart of many systems of interest to chemical engineers, from the efficiency of simple mechanical processes to the equilibria of complex reactions. This course is a rigorous treatment of classical thermodynamics, with reference to the field of statistical thermodynamics. Key modules include First and Second Law analysis; behavior and interrelationships of thermodynamic properties; and fluid phase and chemical equilibria. Example topics may include analysis of open and dynamic systems; fundamental relationships; Legendre transforms and generalized potentials; Maxwell relationships; stability theory; thermodynamics of mixtures; fugacity, activity, and chemical potential; phase equilibria of systems containing two or more components; and generalized treatment of chemical equilibria.",3.0,3.0,2021 - 2022 Academic Year,"A,B"
CHE 565,CHE,Chemical Engineering,565,Advanced Process Engineering,"Advanced topics in process synthesis, optimization and process control are examined. Optimization topics include objective functions, multivariable optimization, constrained optimization, mixed integer linear programming and applications of optimization to process industries. Control topics include model predictive control, adaptive control,batch process control, and plant-wide control.Recommended background: Undergraduate degree in Chemical Engineering",3.0,3.0,2021 - 2022 Academic Year,D
CHE 571,CHE,Chemical Engineering,571,Transport Phenomena,"Transport rates of mass, energy, and momentum are key to the design of many chemical technologies. This class adopts a unified approach to transport phenomena, providing the fundamental background required for analysis ofcomplex problems. Students will use mathematical techniques for analytic and approximate solutions such as: separation of variables, similarity solutions, perturbation theory, and Laplace and Fourier transform methods. Methods involvingnon-dimensionalization and scaling will be emphasized. Special problems to be covered may include the lubrication approximation, creeping flow, and potential and laminar boundary-layer flows, as well as heat and mass transport in multicomponent systems. Students are expected to have taken previous courses on transport processesand have mathematical background that includes solution of differential equations.",3.0,3.0,2021 - 2022 Academic Year,"C,D"
CHE 580,CHE,Chemical Engineering,580,Special Topics,This course will focus on various topics of current interest related to faculty research experience.,3.0,3.0,2021 - 2022 Academic Year,"A,C"
CN 1541,CN,Chinese,1541,Elementary Chinese I,Cat. IAn intensive course to introduce the Chinese language (Mandarin) to students with no background in Chinese. Emphasis will be on learning the foundations of the sound system through pinyin and acquiring familiarity with tones. Oral language acquisition will stress structures and vocabulary required for basic communicative tasks. Cultural aspects of China introduced through course material. This course is closed to native speakers of Chinese and heritage speakers except with written permission from the instructor.,3.0,3.0,2021 - 2022 Academic Year,A
CN 1542,CN,Chinese,1542,Elementary Chinese II,"Cat. IContinuation of CN 1541 for non-native, non-heritage speakers. Emphasis on oral communication and vocabulary acquisition continues. Basics of writing system introduced.Recommended background: CN 1541.This course is closed to native speakers of Chinese and heritage speakers except with written permission from the instructor.",3.0,3.0,2021 - 2022 Academic Year,B
CN 1543,CN,Chinese,1543,Elementary Chinese III,"Cat. IContinuation of CN 1542 Mandarin Chinese. Primary emphasis is on conversational skills, with increased character introduction. Recognition of the most-commonly-used Chinese characters will be required by term end.Recommended background: CN 1542.This course is closed to native speakers of Chinese and heritage speakers except with written permission from the instructor.",3.0,3.0,2021 - 2022 Academic Year,C
CN 2541,CN,Chinese,2541,Intermediate Chinese I,"Cat. IContinuation of CN 1542. Course will focus on practical conversations and recognition of Chinese characters, with greater emphasis placed on reading and writing.Recommended background: CN 1543.This course is closed to native speakers of Chinese and heritage speakers except with written permission from the instructor.",3.0,3.0,2021 - 2022 Academic Year,D
CN 2542,CN,Chinese,2542,Intermediate Chinese II,"Cat. I This course will build on intermediate Chinese conversational patterns. Class time will focus on dialogue and mastery of grammatical constructions, as well as character recognition and reading ability. Conversational drills, audio recordings, video, and group interaction will enhance classroom learning. Recommended background: CN 2541 Intermediate Chinese I or the equivalent. This course is closed to native speakers of Chinese and heritage speakers except with written permission from the instructor.",3.0,3.0,2021 - 2022 Academic Year,A
CN 2543,CN,Chinese,2543,Intermediate Chinese III,"Cat. I Continuation of CN 2542. This course continues to build on students’ Chinese conversational skills with a focus on dialogue and mastery of grammatical constructions, as well as character recognition and reading ability. Conversational drills, audio recordings, video, and group interaction will enhance classroom learning. Recommended background: CN 2542 or the equivalent. This course is closed to native speakers of Chinese and heritage speakers except with written permission from the instructor.",3.0,3.0,2021 - 2022 Academic Year,B
CN 2544,CN,Chinese,2544,Intermediate Chinese IV,"Cat. IContinuation of CN 2543. Students continue to build their conversational skills through more complex dialogue and more complicated grammatical constructions. Character recognition and reading ability become more central to class assignments. Conversational drills, audio recordings, video, and group interaction will enhance classroom learning.Recommended background: CN 2543 or equivalent.This course is closed to native speakers of Chinese and heritage speakers except with written permission from the instructor.",3.0,3.0,2021 - 2022 Academic Year,C
CN 3541,CN,Chinese,3541,Advanced Chinese I,"Cat. IThis course focuses on increasingly sophisticated conversational patterns as well as acquiring the vocabulary necessary for reading texts. Emphasis is on developing active skills to move students to a high-intermediate level of proficiency in reading, writing, listening, and speaking, with continued attention on grammar, phrases, sentence patterns, and character recognition.Recommended background: CN 2544 or the equivalent.This course is closed to native speakers of Chinese and heritage speakers except with written permission from the instructor.",3.0,3.0,2021 - 2022 Academic Year,D
CN 3542,CN,Chinese,3542,Advanced Chinese II,"Cat. I This course builds on advanced intermediate Chinese skills, focusing on both conversational patterns and reading/writing. Class time will focus on dialogue and mastery of increasingly complex grammatical constructions, with emphasis on character recognition and production for reading and writing. Emphasis will be placed on integrating materials in real-world applications. Not open to native or heritage speakers without written permission of instructor. Recommended background: CN 3541 Advanced Intermediate Chinese I or equivalent. Students may not receive credit for both CN 3542 and CN 354X.",3.0,3.0,2021 - 2022 Academic Year,A
CN 3543,CN,Chinese,3543,Advanced Chinese III,Cat. I This course continues to build on students’ advanced intermediate Chinese skills with increasing emphasis on reading and writing. Writing assignments will be geared towards expressing more complex topics in Chinese that are related to cultural phenomena in contemporary Chinese societies. Not open to native or heritage speakers without written permission of instructor. Recommended background: CN 3542 Advanced Intermediate Chinese II or equivalent. Students may not receive credit for both CN 3543 and CN 355X.,3.0,3.0,2021 - 2022 Academic Year,B
CN 357X,CN,Chinese,357X,Contemporary China: Culture And Trends,"This content-based advanced Chinese language course aims to develop students’ understanding and perspectives on major social-cultural issues in contemporary Greater China. Through the assigned readings and various media forms, students will learn essential vocabulary to understand, discuss, analyze and research the conflicts between traditional Chinese cultural values and the cultural norms of China today, both in China proper and in the Chinese speaking world. Examples of selected topics include dating and marriage, China’s “excess” males, foreign businesses in China, and China’s floating population. The course will particularly emphasize the cultural backgrounds and attitudes that foster the tensions inherent in social issues of today’s China. Recommended background: CN3543 or equivalent. Heritage speakers allowed with permission of instructor.",3.0,3.0,2021 - 2022 Academic Year,C
CS 1004,CS,Computer Science,1004,Introduction To Programming For Non-Majors,"Cat. IThis course introduces students to the fundamental principles of programming in imperative and scripting languages. Topics include control structures, iterators, functional decomposition, basic data structures (such as records). Students will be expected to implement, test and debug programs. Through the use of compelling applications and lab exercises, students will learn how to interface with external data systems and control devices.Recommended background: none. All Computer Science students and other students wishing to prepare for 3000-level courses in Computer Science should take CS 1101/1102 instead of CS 1004. This course provides sufficient background for CS 2301 Systems Programming for Non-Majors.",3.0,3.0,2021 - 2022 Academic Year,"A,C"
CS 1101,CS,Computer Science,1101,Introduction To Program Design,"This course introduces principles of computation and programming with an emphasis on program design. Topics include the design, implementation, and testing of programs that use a variety of data structures (such as structures, lists, and trees), functions, conditionals, recursion, and higher-order functions. Students will be expected to design simple data models, and implement and debug programs in a functional programming language.Recommended background: none. Either CS 1101 or CS 1102 provides sufficient background for further courses in the CS department. Undergraduate credit may not be earned for both this course and CS 1102.",3.0,3.0,2021 - 2022 Academic Year,"A,C"
CS 1102,CS,Computer Science,1102,Accelerated Introduction To Program Design,"In the first half of the term, this course covers the same functional programming material as CS 1101 at roughly twice the pace. The second half of the term is a preview of selected advanced Computer Science topics, such as the design and implementation of application-specific languages, macros, programming with the HTTP protocol and continuation-passing style. Students will be expected to complete an open-ended individual programming project.Recommended background: Substantial prior programming experience (including functions, recursion, and lists, as would be covered in high-school Advanced Placement Computer Science A courses, but not necessarily AP CS Principles courses). Either CS 1101 or CS 1102 provides sufficient background for further courses in the CS department. Undergraduate credit may not be earned for both this course and CS 1101.",3.0,3.0,2021 - 2022 Academic Year,A
CS 2011,CS,Computer Science,2011,Introduction To Machine Organization And Assembly Language,"Cat. I This course introduces students to the structure and behavior of modern digital computers and the way they execute programs. Machine organization topics include the Von Neumann model of execution, functional organization of computer hardware, the memory hierarchy, caching performance, and pipelining. Assembly language topics include representations of numbers in computers, basic instruction sets, addressing modes, stacks and procedures, low-level I/O, and the functions of compilers, assemblers, linkers, and loaders. The course also presents how code and data structures of higher-level languages are mapped into the assembly language and machine representations of a modern processor. Programming projects will be carried out in the C language and the assembly language of a modern processor. Recommended background: CS 2301 or CS 2303, or a significant knowledge of C/C++.",3.0,3.0,2021 - 2022 Academic Year,"B,D"
CS 2022,CS,Computer Science,2022,Discrete Mathematics,"Cat. I This course serves as an introduction to some of the more important concepts, techniques, and structures of discrete mathematics providing a bridge between computer science and mathematics. Topics include sets, functions and relations, propositional and predicate calculus, mathematical induction, properties of integers, counting techniques, and graph theory. Students will be expected to develop simple proofs for problems drawn primarily from computer science and applied mathematics. Recommended background: None",3.0,3.0,2021 - 2022 Academic Year,"A,C,D"
CS 2102,CS,Computer Science,2102,Object-Oriented Design Concepts,"Cat. IThis course introduces students to an object-oriented model of programming.Building from the design methodology covered in CS 1101/CS 1102, thiscourse shows how programs can be decomposed into classes and objects. Byemphasizing design, this course shows how to implement small defect-freeprograms and evaluate design decisions to select an optimal design under specificassumptions. Topics include inheritance, exceptions, interface, design bycontract, basic design patterns, and reuse. Students will be expected to design,implement, and debug object-oriented programs composed of multiple classesand over a variety of data structures.Recommended background: CS 1101 or CS 1102.",3.0,3.0,2021 - 2022 Academic Year,"B,D"
CS 2103,CS,Computer Science,2103,Accelerated Object-Oriented Design Concepts,"This course covers the data structures and general program-design material from CS 2102, but assumes that students have significant prior experience in object-oriented programming. The course covers object-oriented design principles and data structures more deeply and at a faster pace than in CS 2102. Students will be expected to design, implement, test, debug, and critique programs both for correctness and adherence to good object-oriented design principles. The course is designed to strengthen both the design skills and algorithmic thinking of students who already have a foundation in object-oriented programming. Recommended background: CS 1101 or CS 1102 and significant prior experience writing object-oriented programs from scratch. Advanced Placement Computer Science A courses should provide sufficient background; students from AP CS Principles courses or gentler introductions to Java Programming are advised to take CS 2102 instead. Students may receive credit for only one of the following three courses: CS 2102, CS 210X, CS 2103.",3.0,3.0,2021 - 2022 Academic Year,B
CS 2119,CS,Computer Science,2119,Application Building With Object-Oriented Concepts,"Cat. IThis course introduces students to an object-oriented model of programming, with an emphasis on the programming approaches useful in creating software applications. Students will be expected to design, implement, and debug object-oriented programs. Topics include inheritance, user interfaces, and database access. This course is for non-CS majors with prior programming experience and an interest in building software applications.Recommended background: Some programming experience such as found in CS 1101, CS 1102, or CS 1004.",3.0,3.0,2021 - 2022 Academic Year,D
CS 2223,CS,Computer Science,2223,Algorithms,"Cat. IBuilding on a fundamental knowledge of data structures, data abstraction techniques, and mathematical tools, a number of examples of algorithm design and analysis — worst case and average case — will be developed. Topics include greedy algorithms, divide-and-conquer, dynamic programming, heuristics, and probabilistic algorithms. Problems will be drawn from areas such as sorting, graph theory, and string processing. The influence of the computational model on algorithm design will be discussed. Students will be expected to perform analysis on a variety of algorithms.Recommended background: CS 2102 or CS 2103, and CS 2022.",3.0,3.0,2021 - 2022 Academic Year,"B,D"
CS 2301,CS,Computer Science,2301,Systems Programming For Non-Majors,"Cat. IThis course introduces the C programming language and system programming concepts to non-CS majors who need to program computers in their own fields. The course assumes that students have had previous programming experience. It quickly introduces the major concepts of the C language and covers manual memory management, pointers and basic data structures, the machine stack,and input/output mechanisms. Students will be expected to design, implement, and debug programs in C. Recommended background: CS 1101 or CS 1102 or previous experience programming a computer.All Computer Science students and other students wishing to prepare for upper-level courses in Computer Science should take CS 2303 instead of CS 2301. Students who have credit for CS 2303 may not receive subsequent credit for CS 2301.",3.0,3.0,2021 - 2022 Academic Year,"B,D"
CS 2303,CS,Computer Science,2303,Systems Programming Concepts,"Cat. IThis course introduces students to a model of programming where the programming language exposes details of how the hardware stores and executes software. Building from the design concepts covered in CS 2102, this course covers manual memory management, pointers, the machine stack, and input/output mechanisms. The course will involve large-scale programming exercises and will be designed to help students confront issues of safe programming with system-level constructs. The course will cover several tools that assist programmers in these tasks. Students will be expected to design, implement, and debug programs in C++ and C. The course presents the material from CS 2301 at a fast pace and also includes C++ and other advanced topics.Recommended background: CS 2102, CS 2103, or CS 2119 and/or substantial object-oriented programming experience.",3.0,3.0,2021 - 2022 Academic Year,"A,C"
CS 3013,CS,Computer Science,3013,Operating Systems,"Cat. I This course provides the student with an understanding of the basic components of a general-purpose operating system. Topics include processes, process management, synchronization, input/output devices and their programming, interrupts, memory management, resource allocation, and an introduction to file systems. Students will be expected to design and implement a large piece of system software in the C programming language. Undergraduate credit may not be earned both for this course and for CS 502. Recommended background: CS 2303 or CS 2301, and CS 2011.",3.0,3.0,2021 - 2022 Academic Year,"A,C"
CS 3041,CS,Computer Science,3041,Human-Computer Interaction,"Cat. I This course develops in the student an understanding of the nature and importance of problems concerning the efficiency and effectiveness of human interaction with computer-based systems. Topics include the design and evaluation of interactive computer systems, basic psychological considerations of interaction, interactive language design, interactive hardware design, and special input/output techniques. Students will be expected to complete several projects. A project might be a software evaluation, interface development, or an experiment. Recommended background: CS 2102, CS 2103, or CS 2119.",3.0,3.0,2021 - 2022 Academic Year,"B,D"
CS 3043,CS,Computer Science,3043,Social Implications Of Information Processing,"Cat. I This course makes the student aware of the social, moral, ethical, and philosophical impact of computers and computer-based systems on society, both now and in the future. Topics include major computer-based applications and their impact, human-machine relationships, and the major problems of controlling the use of computers. Students will be expected to contribute to classroom discussions and to complete a number of significant writing assignments. This course is recommended for juniors and seniors. Recommended background: a general knowledge of computers and computer systems.",3.0,3.0,2021 - 2022 Academic Year,"A,B,C,D"
CS 3133,CS,Computer Science,3133,Foundations Of Computer Science,"Cat. I This course introduces the theoretical foundations of computer science. These form the basis for a more complete understanding of the proficiency in computer science. Topics include computational models, formal languages, and an introduction to compatibility and complexity theory, including NP-completeness. Students will be expected to complete a variety of exercises and proofs. Undergraduate credit may not be earned both for this course and for CS 5003. Recommended Background: Discrete mathematics (CS 2022 or equivalent) and algorithms (CS 2223 or equivalent). Students who have credit for CS 4121 may not receive credit for CS 3133.",3.0,3.0,2021 - 2022 Academic Year,"A,C"
CS 3431,CS,Computer Science,3431,Database Systems I,"Cat. I This course introduces the student to the design, use, and application of database management systems. Topics include the relational data model, relational query languages, design theory, and conceptual data design and modeling for relational database design. Techniques that provide for data independence and minimal redundancy will be discussed. Students will be expected to design and implement database system applications. Undergraduate credit may not be earned both for this course and for CS 4431 or CS 542. Recommended background: CS 2022 and either CS 2102, CS 2103, or CS 2119.",3.0,3.0,2021 - 2022 Academic Year,"A,C"
CS 3516,CS,Computer Science,3516,Computer Networks,"Cat. I This course provides a broad view of computer networks. The course exposes students to all seven layers of OSI Reference Model while providing an introduction into newer topics such as wireless networking and Internet traffic concerns. The objective is to focus on an understanding of fundamental concepts of modern computer network architecture from a design and performance perspective. Topics covered include physical layer considerations, network protocols, wide area networks, local area networks, wireless networks, switches and routing, congestion, Internet traffic, and network security. Students will be expected to do extensive systems/network programming and will be expected to make use of simulation and measurement tools to gain an appreciation of current network design and performance issues. This course is also highly recommended for RBE and IMGD majors. Recommended background: CS 2301 or CS 2303, or a significant knowledge of C/C++.",3.0,3.0,2021 - 2022 Academic Year,"B,D"
CS 3733,CS,Computer Science,3733,Software Engineering,"Cat. I This course introduces the fundamental principles of software engineering. Modern software development techniques and life cycles are emphasized. Topics include requirements analysis and specification, analysis and design, architecture, implementation, testing and quality, configuration management, and project management. Students will be expected to complete a project that employs techniques from the topics studied. This course should be taken before any course requiring a large programming project. Undergraduate credit may not be earned both for this course and for CS 509. Recommended background: CS 2102, CS 2103, or CS 2119.",3.0,3.0,2021 - 2022 Academic Year,"B,C,D"
CS 4032,CS,Computer Science,4032,Numerical Methods For Linear And Nonlinear Systems,"Cat. I This course provides an introduction to modern computational methods for linear and nonlinear equations and systems and their applications. Topics covered include solution of nonlinear scalar equations, direct and iterative algorithms for the solution of systems of linear equations, solution of nonlinear systems, and the eigenvalue problem for matrices. Error analysis will be emphasized throughout. Recommended background: MA 2071. An ability to write computer programs in a scientific language is assumed.",3.0,3.0,2021 - 2022 Academic Year,C
CS 4033,CS,Computer Science,4033,Numerical Methods For Calculus And Differential Equations,"Cat. I This course provides an introduction to modern computational methods for differential and integral calculus and differential equations. Topics covered include interpolation and polynomial approximation, approximation theory, numerical differentiation and integration, and numerical solutions of ordinary differential equations. Error analysis will be emphasized throughout. Recommended background: MA 2051. An ability to write computer programs in a scientific language is assumed. Undergraduate credit may not be earned for both this course and for MA 3255/CS 4031.",3.0,3.0,2021 - 2022 Academic Year,B
CS 4100,CS,Computer Science,4100,Artificial Intelligence For Interactive Media And Games,"Cat. II Algorithms and programming techniques from artificial intelligence (AI) are key contributors to the experience of modern computer games and interactive media, either by directly controlling a non-player character (NPC) or through more subtle manipulation of the environment. This course will focus on the practical AI programming techniques currently used in computer games for NPC navigation and decision-making, along with the design issues that arise when AI is applied in computer games, such as believability and real-time performance. The course will also briefly discuss future directions in applying AI to games and media. Students will be expected to complete significant software development projects using the studied techniques. Recommended background: object-oriented design concepts (CS 2102 or CS 2103), algorithms (CS 2223), and knowledge of technical game development (IMGD 3000). This course will be offered in 2019-20, and in alternating years thereafter.",3.0,3.0,2021 - 2022 Academic Year,B
CS 4120,CS,Computer Science,4120,Analysis Of Algorithms,"Cat. IIThis course develops the skill of analyzing the behavior of algorithms. Topics include the analysis — with respect to average and worst case behavior — and correctness of algorithms for internal sorting, pattern matching on strings, graph algorithms, and methods such as recursion elimination, dynamicprogramming, and program profiling.Students will be expected to write and analyze programs.Undergraduate credit may not be earned both for this course and for CS 5084.Recommended background: Algorithms (CS 2223 or equivalent), and some knowledge of probability.This course will be offered in 2020-21, and in alternating years thereafter.",3.0,3.0,2021 - 2022 Academic Year,C
CS 4123,CS,Computer Science,4123,Theory Of Computation,"Cat. II Building on the theoretical foundations from CS 3133, this course addresses the fundamental question of what it means to be “computable,” including different characterization of computable sets and functions. Topics include the halting program, the Church-Turing thesis, primitive recursive functions, recursive sets, recursively enumerable sets, NP-completeness, and reducibilities. Students will be expected to complete a variety of exercises and proofs. Recommended Background: CS 3133. This course will be offered in 2019-20, and in alternating years thereafter.",3.0,3.0,2021 - 2022 Academic Year,A
CS 420X,CS,Computer Science,420X,Graphical Simulation Of Physical Systems,"This course focuses on the digital simulation of physical systems and strategies for interactive representation. Topics include: Parallel computing on graphics processing units (GPUs), realtime graphics techniques, the history of analog interactive visuals, and interaction techniques for controlling digital simulations. Students will explore analog physical systems (such as fluids and video feedback) and use these explorations to guide the development of digital simulations. Recommended background: programming experience, such as is provided by (CS 2102/ CS 2103 / CS 210X / CS 2119) or (CS 2301 / CS 2303). Computer graphics programming, such as is provided by CS 4731.",3.0,3.0,2021 - 2022 Academic Year,C
CS 4233,CS,Computer Science,4233,Object-Oriented Analysis And Design,"Cat. II This Software Engineering course will focus on the process of Object-Oriented Analysis and Design. Students will be expected to complete a large number of exercises in Domain Modeling, Use Case Analysis, and Object-Oriented Design. In addition, the course will investigate Design Patterns, which are elements of reusable object-oriented software designs. This course will survey a set of design patterns and consider how these patterns are described and used to solve design problems. Recommended Background: CS 2303 and CS 3733. This course will be offered in 2020-21, and in alternating years thereafter.",3.0,3.0,2021 - 2022 Academic Year,B
CS 4241,CS,Computer Science,4241,Webware: Computational Technology For Network Information Systems,"Cat. I This course explores the computational aspects of network information systems as embodied by the World Wide Web (WWW). Topics include: languages for document design, programming languages for executable content, scripting languages, design of WWW based human/computer interfaces, client/server network architecture models, high level network protocols (e.g., http), WWW network resource discovery and network security issues. Students in this course will be expected to complete a substantial software project (e.g., Java based user interface, HTML/CGI based information system, WWW search mechanisms). Recommended background: CS 2102, CS 2103, or CS 2119; and CS 3013.",3.0,3.0,2021 - 2022 Academic Year,A
CS 4341,CS,Computer Science,4341,Introduction To Artificial Intelligence,"Cat. I This course studies the problem of making computers act in ways which we call ""intelligent"". Topics include major theories, tools and applications of artificial intelligence, aspects of knowledge representation, searching and planning, and natural language understanding. Students will be expected to complete projects which express problems that require search in state spaces, and to propose appropriate methods for solving the problems. Undergraduate credit may not be earned both for this course and for CS 534. Recommended background: CS 2102 or CS 2103; CS 2223; and CS 3133.",3.0,3.0,2021 - 2022 Academic Year,"A,C"
CS 4342,CS,Computer Science,4342,Machine Learning,"Cat.I In this course, students will explore both theoretical and practical aspects of machine learning, including algorithms for regression, classification, dimensionality reduction, clustering, and density estimation. Specific topics may include neural networks and deep learning, Bayesian networks and probabilistic graphical models, principal component analysis, k-means clustering, decision trees and random forests, support vector machines, and kernel methods. Recommended background: Multivariate Calculus (MA 1024 or MA 1034), Linear Algebra (such as MA 2071), Probability (MA 2621 or MA 2631), and Algorithms (CS 2223). Students may not earn credit for both CS 453X and CS 4342. Undergraduate credit may not be earned both for this course and for CS 539.",3.0,3.0,2021 - 2022 Academic Year,"B,D"
CS 4401,CS,Computer Science,4401,Software Security Engineering,"Cat. IThis course provides an introduction to the pitfalls and practices of building secure software applications. Topics will include threat modeling, secure software development, defensive programming, web security, and the interaction between security and usability. The course focuses on the application level with minor attention to operating-system level security; network-level security is not covered. Assignments involve designing and implementing secure software, evaluating designs and systems for security-related flaws, and presentations on security issues or tools. All students will be required to sign a pledge of responsible conduct at the start of the course.Recommended Background: CS3013 and CS3733. The course assumes nontrivial experience with C and Unix, familiarity with operating systems, filesystems, and databases, and experience with technologies for building web applications (from CS4241 or personal experience).",3.0,3.0,2021 - 2022 Academic Year,D
CS 4432,CS,Computer Science,4432,Database Systems II,"Cat. IIThis course concentrates on the study of the internals of database management systems. Topics include principles and theories of physical storage management, advanced query languages, query processing and optimization, index structures for relational databases, transaction processing, concurrency control, distributed databases, and database recovery, security, client server and transaction processing systems. Students may be expected to design and implement softwarecomponents that make up modern database systems.Undergraduate credit may not be earned both for this course and CS 542.Recommended background: CS 3431 and CS 3733.This course will be offered in 2019-20, and in alternating years thereafter.",3.0,3.0,2021 - 2022 Academic Year,D
CS 4433,CS,Computer Science,4433,Big Data Management and Analytics,"This course introduces the emerging techniques and infrastructures for big data management and analytics including parallel and distributed database systems, map-reduce, Spark, and NO-SQL infrastructures, data stream processing systems, scalable analytics and mining, and cloud-based computing. Query processing and optimization, access methods, and storage layouts developed on these infrastructures will be covered. Students are expected to engage in hands-on projects using one or more of these technologies. Recommended background: Knowledge in database systems at the level of CS4432, and programming experience are assumed.",3.0,3.0,2021 - 2022 Academic Year,C
CS 4445,CS,Computer Science,4445,Data Mining And Knowledge Discovery In Databases,"Cat. II This course provides an introduction to Knowledge Discovery in Databases (KDD) and Data Mining. KDD deals with data integration techniques and with the discovery, interpretation and visualization of patterns in large collections of data. Topics covered in this course include data warehousing and mediation techniques; data mining methods such as rule-based learning, decision trees, association rules and sequence mining; and data visualization. The work discussed originates in the fields of artificial intelligence, machine learning, statistical data analysis, data visualization, databases, and information retrieval. Several scientific and industrial applications of KDD will be studied. Recommended background: MA 2611, CS 2223, and CS 3431, or CS 3733. This course will be offered in 2019-20, and in alternating years thereafter.",3.0,3.0,2021 - 2022 Academic Year,B
CS 4516,CS,Computer Science,4516,Advanced Computer Networks,"Cat. IIThis course provides an in-depth look into computer networks. While repeating some of the areas from CS 3516, the goal is to go deeper into computer networks topics. This in-depth treatment in topics such as routing, congestion control, wireless layer protocols, and physical signaling considerations willrequire the use of basic queuing theory and probability to provide a more formal treatment of computer networks performance. Other topics covered include LAN and WLAN technologies, mobile wireless networks, sensor networks, optical networks, network security, intrusion detection, and network management. Students will be expected to do more sophisticated network programming than seen in CS 3516 and will conduct laboratory activities involving measuring the performance of modern networking applications running on both wired networks and infrastructure wireless networks.Undergraduate credit may not be earned both for this course and for CS 513.Recommended background: CS 3013, CS 3516, and knowledge of probability. The course assumes a familiarity with operating systems including Unix or Linux and significant experience with C/C++.This course will be offered in 2019-20, and in alternating years thereafter.",3.0,3.0,2021 - 2022 Academic Year,D
CS 4518,CS,Computer Science,4518,Mobile & Ubiquitous Computing,"Cat. II The goal of this course is to acquaint students with fundamental concepts and state-of-the-art computer science literature in mobile and ubiquitous computing. Topics to be covered include mobile systems issues, human activity and emotion sensing, location sensing, mobile human-computer interaction, mobile social networking, mobile health, power saving techniques, energy and mobile performance measurement studies, and mobile security. The course will introduce the programming of mobile devices such as smartphones running the Android operating system. Recommended background: Proficiency in programming in Java, including classes, inheritance, exceptions, interfaces, and polymorphism (CS 2102 or equivalent). Students may not earn credit for both CS 403X and CS 4518.",3.0,3.0,2021 - 2022 Academic Year,A
CS 4536,CS,Computer Science,4536,Programming Languages,"Cat. II This course covers the design and implementation of programming languages. Topics include data structures for representing programming languages, implementing control structures (such as functions, recursion, and exceptions), garbage collection, and type systems. Students will be expected to implement several small languages using a functional programming language. Recommended background: CS 2303, CS 3133, and experience programming in a functional language (as provided by CS 1101 or CS 1102). Undergraduate credit may not be earned for both this course and CS 536. This course will be offered in 2019-20, and in alternating years thereafter.",3.0,3.0,2021 - 2022 Academic Year,A
CS 4731,CS,Computer Science,4731,Computer Graphics,"Cat. IThis course studies the use of the computer to model and graphically render two- and three-dimensional structures. Topics include graphics devices and languages, 2- and 3-D object representations, and various aspects of rendering realistic images.Students will be expected to implement programs which span all stages of the 3-D graphics pipeline, including clipping, projection, arbitrary viewing, hidden surface removal and shading.Undergraduate credit may not be earned both for this course and for CS 543.Recommended background: CS 2223, CS 2303 and MA 2071.",3.0,3.0,2021 - 2022 Academic Year,C
CS 4801,CS,Computer Science,4801,Introduction To Cryptography And Communication Security,"Cat. I This course provides an introduction to modern cryptography and communication security. It focuses on how cryptographic algorithms and protocols work and how to use them. The course covers the concepts of block ciphers and message authentication codes, public key encryption, digital signatures, and key establishment, as well as common examples and uses of such schemes, including the AES, RSA-OAEP, and the Digital Signature Algorithm. Basic cryptanalytic techniques and examples of practical security solutions are explored to understand how to design and evaluate modern security solutions. The course is suited for students interested in cryptography or other security related fields such as trusted computing, network and OS security, or general IT security. Recommended background: Experience in expressing algorithms in a modern programming language (e.g., ECE 2049 or CS 2301). Suggested background: Discrete mathematics (CS 2022/MA 2201 or equivalent).",3.0,3.0,2021 - 2022 Academic Year,D
CS 4802,CS,Computer Science,4802,Biovisualization,"Cat. IIThis course will use interactive visualization to model and analyze biological information, structures, and processes. Topics will include the fundamental principles, concepts, and techniques of visualization (both scientific and information visualization) and how visualization can be used to study bioinformatics data at the genomic, cellular, molecular, organism, and population levels. Students will be expected to write small to moderate programs to experiment with different visual mappings and data types. Recommended background: CS 2102 or CS 2103, CS 2223, and one or more biology courses.This course will be offered in 2020-21, and in alternating years thereafter.",3.0,3.0,2021 - 2022 Academic Year,C
CS 4803,CS,Computer Science,4803,Biological And Biomedical Database Mining,"Cat. II This course will investigate computational techniques for discovering patterns in and across complex biological and biomedical sources including genomic and proteomic databases, clinical databases, digital libraries of scientific articles, and ontologies. Techniques covered will be drawn from several areas including sequence mining, statistical natural language processing and text mining, and data mining. Recommended Background: CS 2102 or CS 2103, CS 2223, MA 2610 orMA 2611, and one or more biology courses. This course will be offered in 2019-20, and in alternating years thereafter",3.0,3.0,2021 - 2022 Academic Year,B
CS 480X,CS,Computer Science,480X,Data Visualization,"This course exposes students to the field of data visualization, i.e., the graphical communication of data and information for the purposes of presentation, confirmation, and exploration. The course introduces the stages of the visualization pipeline. This includes data modeling, mapping data attributes to graphical attributes, visual display techniques, tools, paradigms, and perceptual issues. Students learn to evaluate the effectiveness of visualizations for specific data, task, and user types. Students implement visualization algorithms and undertake projects involving the use of commercial and public-domain visualization tools. Recommended background: Knowledge of Linear Algebra (such as MA 2071), Probability theory (MA 2621), and Software Engineering (CS 3733).",3.0,3.0,2021 - 2022 Academic Year,C
CS 5003,CS,Computer Science,5003,Foundations Of Computer Science: An Introduction,"This is the study of mathematical foundations of computing, at a slower pace than that of CS 503 and with correspondingly fewer background assumptions. Topics include finite automata and regular languages, pushdown automata and context-free languages, Turing machines and decidability, and an introduction to computational complexity. (Prerequisite: an undergraduate course in discrete mathematics.)",3.0,3.0,2021 - 2022 Academic Year,"C,D"
CS 5007,CS,Computer Science,5007,Introduction To Applications Of Computer Science With Data Structures And Algorithms,"This is an introductory graduate course teaching core computer science topics typically found in an undergraduate Computer Science curriculum, but at a graduate-level pace. It is primarily intended for students with little formal preparation in Computer Science to gain experience with fundamental Computer Science topics. After a review of programming concepts the focus of the course will be on data structures from the point of view of the operations performed upon the data and to apply analysis and design techniques to non-numeric algorithms that act on data structures. The data structures covered include lists, stacks, queues, trees and graphs. Projects will focus on the writing of programs to appropriately integrate data structures and algorithms for a variety of applications. This course may not be used to satisfy degree requirements for a B.S., M.S., or Ph.D. degree in Computer Science or a minor in Computer Science. It may satisfy the requirements for other degree programs at the discretion of the program review committee for the particular degree. (Prerequisites: Experience with at least one high-level programming language such as obtained in an undergraduate programming course.)",3.0,3.0,2021 - 2022 Academic Year,"A,B,C,D"
CS 5008,CS,Computer Science,5008,Introduction to Systems and Network Programming,"This course is focused on significant programming projects and provides an overview of the principles of computer networks and a general-purpose operating system. The course provides the student with an understanding of the basic components of an operating system, including processes, synchronization and memory management. The course exposes students to the Internet protocol suite networking layers while providing an introduction into topics such as wireless networking and Internet traffic considerations. The objective is to focus on an understanding of fundamental concepts of operating systems and computer network architecture from a design and performance perspective. Students will be expected to design and implement a variety of programming projects to gain an appreciation of the design of operating systems and network technologies. This course may not be used to satisfy degree requirements for a B.S., M.S., or Ph.D. degree in Computer Science or a minor in Computer Science. It may satisfy the requirements for other degree programs at the discretion of the program review committee for the particular degree. (Prerequisites: Experience with at least one high-level programming language such as obtained in CS 5007.)",3.0,3.0,2021 - 2022 Academic Year,"C,D"
CS 502,CS,Computer Science,502,Operating Systems,"The design and theory of multi-programmed operating systems, concurrent processes, process communication, input/output supervisors, memory management, resource allocation and schedulingare studied. (Prerequisites: knowledge of computer organization and elementary data structures, and astrong programming background.)",3.0,3.0,2021 - 2022 Academic Year,"C,D"
CS 503,CS,Computer Science,503,Foundations Of Computer Science,"This is the study of mathematical foundations of computing. Topics include finite automataand regular languages, pushdown automata and context-free languages, Turing machines and decidability, and an introduction to computational complexity. (Prerequisites: Knowledge of discretemathematics and algorithms at the undergraduate level, and some facility with reading and writingmathematical proofs.)",3.0,3.0,2021 - 2022 Academic Year,"C,D"
CS 5084,CS,Computer Science,5084,Introduction To Algorithms: Design And Analysis,"This course is an introduction to the design, analysis and proofs of correctness of algorithms. Examples are drawn from algorithms for many areas. Analysis techniques include asymptotic worst case and average case, as well as amortized analysis. Average case analysis includes the development of a probability model. Techniques for proving lower bounds on complexity are discussed, along with NP-completeness. Prerequisites: an undergraduate knowledge of discrete mathematics and data structures. Note: students with a strong background in design and analysis of computer systems, at the level equal to a BS in computer science, should not take CS 5084 and should consider taking CS 504 or CS 584.",3.0,3.0,2021 - 2022 Academic Year,"A,B,C,D"
CS 509,CS,Computer Science,509,Design Of Software Systems,"This course introduces students to a methodology and specific design techniques for team-based development of a software system. Against the back-drop of the software engineering life-cycle, this course focuses on the object-oriented paradigm and its supporting processes and tools. Students will be exposed to industrial-accepted standards and tools, such as requirements elicitation, specification, modeling notations, design patterns, software architecture, integrated development environments and testing frameworks. Students will be expected to work together in teams in the complete specification, implementation and testing of a software application. Prerequisites: knowledge of a recursive high-level language and data structures. An undergraduate course in software engineering is desirable.",3.0,3.0,2021 - 2022 Academic Year,"A,B"
CS 513,CS,Computer Science,513,Computer Networks,"This course provides an introduction to the theory and practice of the design of computer and communications networks, including the ISO seven-layer reference model. Analysis of network topologies and protocols, including performance analysis, is treated. Current network types including local area and wide area networks are introduced, as are evolving network technologies. The theory, design and performance of local area networks are emphasized. The course includes an introduction to queueing analysis and network programming. (Prerequisites: knowledge of the C programming language is assumed. CS 504 or equivalent background in CS 5084 or CS 584.)",3.0,3.0,2021 - 2022 Academic Year,"A,B"
CS 522,CS,Computer Science,522,Numerical Methods,"This course provides an introduction to a broad range of modern numerical techniques that are widely used in computational mathematics, science, and engineering. It is suitable for both mathematics majors and students from other departments. It covers introductory-level material for subjects treated in greater depth in MA 512 and MA 514 and also topics not addressed in either of those courses. Subject areas include numerical methods for systems of linear and nonlinear equations, interpolation and approximation, differentiation and integration, and differential equations. Specific topics include basic direct and iterative methods for linear systems; classical rootfinding methods; Newton’s method and related methods for nonlinear systems; fixed-point iteration; polynomial, piecewise polynomial, and spline interpolation methods; least-squares approximation; orthogonal functions and approximation; basic techniques for numerical differentiation; numerical integration, including adaptive quadrature; and methods for initial-value problems for ordinary differential equations. Additional topics may be included at the instructor’s discretion as time permits. Both theory and practice are examined. Error estimates, rates of convergence, and the consequences of finite precision arithmetic are also discussed. Topics from linear algebra and elementary functional analysis will be introduced as needed. These may include norms and inner products, orthogonality and orthogonalization, operators and projections, and the concept of a function space. (Prerequisite: knowledge of undergraduate linear algebra and differential equations is assumed, as is familiarity with MATLAB or a higher-level programming language.)",3.0,3.0,2021 - 2022 Academic Year,"A,B"
CS 525,CS,Computer Science,525,Topics In Computer Science,"You probably are interested in the following questions: how does Amazon Alexa communicate with humans with so many smart/weird/funny feedback? How does Google quickly locate or even summarize the information that you are looking for? How does ETS auto-score your TOEFL/GRE essay?... OK, let's find the answers to these super interesting questions in this course - Natural Language Processing (NLP)! This course is intended as a theoretical and methodological introduction to the most widely used and effective current techniques, strategies, and toolkits for NLP, with a primary focus on machine learning and computational linguistics. We will also explore those topics in an industry-driven large-scale data context. For instance, for class projects, you will have the chance to explore very famous datasets like Wikipedia Dump, Microsoft Academic Graph and Yelp Data Challenge. Should be fun! While we don't have any prerequisites for this course, some basic knowledge in machine learning and Python programming will be helpful.",3.0,3.0,2021 - 2022 Academic Year,"A,B,C,D"
CS 526,CS,Computer Science,526,Human-Robot Interaction,"This course focuses on human-robot interaction and social robot learning, exploring the leading research, design principles and technical challenges we face in developing robots capable of operating in real-world human environments. The course will cover a range of multidisciplinary topics, including physical embodiment, mixed-initiative interaction, multi-modal interfaces, human-robot teamwork, learning algorithms, aspects of social cognition, and long-term interaction. These topics will be pursued through independent reading, class discussion, and a final project. (Prerequisites: Mature programming skills and at least undergraduate level knowledge of Artificial Intelligence, such as CS 4341. No hardware experience is required.)",3.0,3.0,2021 - 2022 Academic Year,"A,B"
CS 528,CS,Computer Science,528,Mobile And Ubiquitous Computing,"This course acquaints participants with the fundamental concepts and state-of-the-art computer science research in mobile and ubiquitous computing. Topics covered include mobile systems issues, human activity and emotion sensing, location sensing, mobile HCI, mobile social networking, mobile health, power saving techniques, energy and mobile performance measurement studies and mobile security. The course consists of weekly presentations on current advanced literature, discussions and a term project. The term project involves implementing research ideas on a mobile device such as a smartphone. Prerequisite: CS 502 or an equivalent graduate level course in Operating Systems, and CS 513 or an equivalent graduate level course in Computer Networks, and proficiency in a high level programming language.",3.0,3.0,2021 - 2022 Academic Year,"C,D"
CS 534,CS,Computer Science,534,Artificial Intelligence,"This course gives a broad survey of artificial intelligence. The course will cover methods from search, probabilistic reasoning, and learning, among other topics. Selected topics involving the applications of these tools are investigated. Such topics might include natural language understanding, scene understanding, game playing, and planning. (Prerequisites: familiarity with data structures and a high-level programming language.)",3.0,3.0,2021 - 2022 Academic Year,"A,B,C,D"
CS 539,CS,Computer Science,539,Machine Learning,"The focus of this course is machine learning for knowledge-based systems. It will include reviews of work on similarity-based learning (induction), explanation-based learning, analogical and case-based reasoning and learning, and knowledge compilation. It will also consider other approaches to automated knowledge acquisition as well as connectionist learning. (Prerequisite: CS 534 or equivalent, or permission of the instructor.)",3.0,3.0,2021 - 2022 Academic Year,"A,B,C,D"
CS 541,CS,Computer Science,541,Deep Learning,"This course will offer a mathematical and practical perspective on artificial neural networks for machine learning. Students will learn about the most prominent network architectures including multilayer feedforward neural networks, convolutional neural networks (CNNs), auto-encoders, recurrent neural networks (RNNs), and generative-adversarial networks (GANs). This course will alsoteach students optimization and regularization techniques used to train them -- such as back-propagation, stochastic gradient descent, dropout, pooling, and batch normalization. Connectionsto related machine learning techniques and algorithms, such as probabilistic graphical models,will be explored. In addition to understanding the mathematics behind deep learning, students willalso engage in hands-on course projects. Students will have the opportunity to train neural networksfor a wide range of applications, such as object detection, facial expression recognition, handwriting analysis, and natural language processing. Prerequisite: Machine Learning (CS 539), and knowledge of Linear Algebra (such as MA 2071) and Algorithms (such as CS 2223).",3.0,3.0,2021 - 2022 Academic Year,"C,D"
CS 542,CS,Computer Science,542,Database Management Systems,"An introduction to the theory and design of database management systems. Topics covered include internals of database management systems, fundamental concepts in database theory, and database application design and development. In particular, logical design and conceptual modeling, physical database design strategies, relational data model and query languages, query optimization, transaction management and distributed databases. Typically there are hands-on assignments and/or a course project. Selected topics from the current database research literature may be touched upon as well. (Prerequisite: CS 5084 would be helpful.)",3.0,3.0,2021 - 2022 Academic Year,"A,B,C,D"
CS 545,CS,Computer Science,545,Digital Image Processing,"This course presents fundamental concepts of digital image processing and an introduction to machine vision. Image processing topics will include visual perception, image formation, imaging geometries, image transform theory and applications, enhancement, restoration, encoding and compression. Machine vision topics will include feature extraction and representation, stereo vision, model-based recognition, motion and image flow, and pattern recognition. Students will be required to complete programming assignments in a high-level language. (Prerequisites: working knowledge of undergraduate level signal analysis and linear algebra; familiarity with probability theory is helpful but not necessary.)",3.0,3.0,2021 - 2022 Academic Year,"C,D"
CS 546,CS,Computer Science,546,Human-Computer Interaction,"This course prepares graduate students for research in human-computer interaction. Topics include the design and evaluation of interactive computer systems, basic psychological considerations of interaction, interactive language design, interactive hardware design and special input/output techniques. Students are expected to present and review recent research results from the literature, and to complete several projects. (Prerequisites: students are expected to have mature programming skills. Knowledge of software engineering would be an advantage.)",3.0,3.0,2021 - 2022 Academic Year,"C,D"
CS 547,CS,Computer Science,547,Information Retrieval,"This course introduces the theory, design, and implementation of text-based and Web-basedinformation retrieval systems. Students learn the key concepts and models relevant to information retrieval and natural language processing on largescale corpus such as the Web and social systems. Topics include vector space model, crawling, indexing, web search, ranking, recommendersystems, embedding and language model. Prerequisites: statistical learning at the level of DS 502/MA 543 and programming skills at the level of CS 5007.",3.0,3.0,2021 - 2022 Academic Year,"C,D"
CS 548,CS,Computer Science,548,Knowledge Discovery And Data Mining,"This course presents current research in Knowledge Discovery in Databases (KDD) dealing with data integration, mining, and interpretation of patterns in large collections of data. Topics include data warehousing and data preprocessing techniques; data mining techniques for classification, regression, clustering, deviation detection, and association analysis; and evaluation of patterns minded from data. Industrial and scientific applications are discussed. Recommended background: Background in artificial intelligence, databases, and statistics at the undergraduate level, or permission of the instructor. Proficiency in a high level programming language.",3.0,3.0,2021 - 2022 Academic Year,"C,D"
CS 549,CS,Computer Science,549,Computer Vision,"This course examines current issues in the computer implementation of visual perception. Topics include image formation, edge detection, segmentation, shape-from-shading, motion, stereo, texture analysis, pattern classification and object recognition. We will discuss various representations for visual information, including sketches and intrinsic images. (Prerequisites: CS 534, CS 543, CS 545, or the equivalent of one of these courses.)",3.0,3.0,2021 - 2022 Academic Year,"A,B"
CS 558,CS,Computer Science,558,Computer Network Security,"This course covers core security threats and mitigations at the network level. Topics include: denial-of-service, network capabilities, intrusion detection and prevention systems, worms, botnets, Web attacks, anonymity, honeypots, cybercrime (such as phishing), and legality and ethics. The course prepares students to think broadly and concretely about network security; it is not designed to teach students low-level tools for monitoring or maintaining system security. Assignments and projects will assess each student’s ability to think both conceptually and practically about network security. (Prerequisites: a strong background in computer networking and systems, either at the undergraduate or graduate level, and moderate programming experience.)",3.0,3.0,2021 - 2022 Academic Year,"A,B"
CS 567,CS,Computer Science,567,Empirical Methods For Human-Centered Computing,"This course introduces students to techniques for performing rigorous empirical research in computer Science. Since good empirical work depends on asking good research questions, this course will emphasize creating conceptual frameworks and using them to drive research. In addition to helping students understand what makes a good researchquestion and why, some elementary statistics will be covered. Furthermore, students will use and implement computationally intensive techniques such as randomization, bootstrapping, and permutation tests. The course also covers experiments involving human subjects, and some of the statistical and non-statistical difficulties researchersoften encounter while performing such work (e.g., IRB (Institutional Review Board), correlated trials, and small sample sizes). While this course is designed for students in Human Computer Interaction, Interactive Media and Game Development, and Learning Sciences and Technologies, it is appropriate for any student with programming experience who is doing empirical research. (Prerequisites: MA 511 Applied Statistics for Engineers and Scientists or permission of the instructor.)",3.0,3.0,2021 - 2022 Academic Year,"C,D"
CS 568,CS,Computer Science,568,Artificial Intelligence For Adaptive Educational Technology,"Students will learn how to enable educational technology to adapt to the user and about typical architectures used by existing intelligent tutoring systems for adapting to users. Students will see applications of decision theoretic systems, reinforcement learning, Markov models for action selection, and Artificial Intelligence (AI) planning. Students will read papers that apply AI techniques for the purpose of adapting to users. Students will complete a project that applies these techniques to build an adaptive educational system. (Prerequisites: CS 534 Artificial Intelligence or permission of the instructor.)",3.0,3.0,2021 - 2022 Academic Year,"A,B"
CS 571,CS,Computer Science,571,Case Studies In Computer Security,"This course examines security challenges and failures holistically, taking into account technical concerns, human behavior, and business decisions. Using a series of detailed case studies, students will explore the interplay among these dimensions in creating secure computing systems and infrastructure. Students will also apply lessons from the case studies to emerging secure-systems design problems. The course requires active participation in class discussions, presentations, and writing assignments. It does not involve programming, but assumes that students have substantial prior experience with security protocols, attacks, and mitigations at the implementation level. This course satisfies the behavioral component of the MS specialization in computer security. (Prerequisites: A prior course or equivalent experience in technical aspects of computer security, at either the software or systems level.)",3.0,3.0,2021 - 2022 Academic Year,"C,D"
CS 573,CS,Computer Science,573,Data Visualization,"This course exposes students to the field of data visualization, i.e., the graphical communication of data and information for the purposes of presentation, confirmation, and exploration. The course introduces the stages of the visualization pipeline. This includes data modeling, mapping data attributes to graphical attributes, visual display techniques, tools, paradigms, and perceptual issues. Students learn to evaluate the effectiveness of visualizations for specific data, task, and user types. Students implement visualization algorithms and undertake projects involving the use of commercial and public-domain visualization tools. Students also read papers from the current visualization literature and do classroom presentations. Prerequisite: a graduate or undergraduate course in computer graphics.",3.0,3.0,2021 - 2022 Academic Year,"A,B,C,D"
CS 577,CS,Computer Science,577,Advanced Computer And Communications Networks,"This course covers advanced topics in the theory, design and performance of computer and communications networks. Topics will be selected from such areas as local area networks, metropolitan area networks, wide area networks, queueing models of networks, routing, flow control, new technologies and protocol standards. The current literature will be used to study new networks concepts and emerging technologies. (Prerequisite: CS 533/ECE 581 and either CS 513 or ECE 506)",3.0,3.0,2021 - 2022 Academic Year,"A,B"
CS 578,CS,Computer Science,578,Cryptography And Data Security,"This course gives a comprehensive introduction to the field of cryptography and data security. The course begins with the introduction of the concepts of data security, where classical algorithms serve as an example. Different attacks on cryptographic systems are classified. Some pseudo-random generators are introduced. The concepts of public and private key cryptography are developed. As important representatives for secret key schemes, DES and IDEA are described. The public key schemes RSA and ElGamal, and systems based on elliptic curves are then developed. Signature algorithms, hash functions, key distribution and identification schemes are treated as advanced topics. Some advanced mathematical algorithms for attacking cryptographic schemes are discussed. Application examples will include a protocol for security in a LAN and a secure smart card system for electronic banking. Special consideration will be given to schemes which are relevant for network environments. For all schemes, implementation aspects and up-to-date security estimations will be discussed. (Prerequisites: Working knowledge of C; an interest in discrete mathematics and algorithms is highly desirable. Students interested in a further study of the underlying mathematics may register for MA 4891 [B term], where topics in modern algebra relevant to cryptography will be treated.)",3.0,3.0,2021 - 2022 Academic Year,"A,B"
CS 582,CS,Computer Science,582,Biovisualization,"This course uses interactive visualization to explore and analyze data, structures, and processes. Topics include the fundamental principles, concepts, and techniques of visualization and how visualization can be used to analyze and communicate data in domains such as biology. Students will be expected to design and implement visualizations to experiment with different visual mappings anddata types, and will complete a research oriented project. Prerequisite: experience with programming(especially JavaScript), databases, and data structures. Students may not receive credit for bothBCB 502 and BCB 4002.",3.0,3.0,2021 - 2022 Academic Year,"C,D"
CS 583,CS,Computer Science,583,Biological And Biomedical Database Mining,"This course will investigate computational techniques for discovering patterns in and acrosscomplex biological and biomedical sources, including genomic and proteomic databases,clinical databases, digital libraries of scientific articles, and ontologies. Techniques coveredwill be drawn from several areas including sequence mining, statistical natural languageprocessing and text mining, and data mining.(Prerequisite: Strong programming skills, an undergraduate or graduate course in algorithms, an undergraduate course in statistics, and one or more undergraduate biology courses.)",3.0,3.0,2021 - 2022 Academic Year,"C,D"
CS 584,CS,Computer Science,584,Algorithms: Design And Analysis,"This covers the same material as CS 5084 though at a more advanced level. As background, students should have experience writing programs in a recursive, high-level language and should have the background in mathematics that could be expected from a BS in Computer Science.",3.0,3.0,2021 - 2022 Academic Year,"A,B"
CS 585,CS,Computer Science,585,Big Data Management,"Big Data Management deals with emerging applications in science and engineering disciplines that generate and collect data at unprecedented speed, scale, and complexity that need to be managed and analyzed efficiently. This course introduces the latest techniques and infrastructures developed for big data management including parallel and distributed database systems, map-reduce infrastructures, scalable platforms for complex data types, stream processing systems, and cloud-based computing. Query processing, optimization, access methods, storage layouts, and energy management techniques developed on these infrastructures will be covered. Students are expected to engage in hands-on projects using one or more of these technologies. Prerequisites: A beginning course in databases at the level of CS 4432 or equivalent knowledge, and programming experience.",3.0,3.0,2021 - 2022 Academic Year,"A,B"
CS 586,CS,Computer Science,586,Big Data Analytics,"Big Data Analytics addresses the obstacle that innovation and discoveries are no longer hindered by the ability to collect data, but by the ability to summarize, analyze, and discover knowledge from the collected data in a scalable fashion. This course covers computational techniques and algorithms for analyzing and mining patterns in large-scale datasets. Techniques studied address data analysis issues related to data volume (scalable and distributed analysis), data velocity (high-speed data streams), data variety (complex, heterogeneous, or unstructured data), and data veracity (data uncertainty). Techniques include mining and machine learning techniques for complex data types, and scale-up and scale-out strategies that leverage big data infrastructures. Real-world applications using these techniques, for instance social media analysis and scientific data mining, are selectively discussed. Students are expected to engage in hands-on projects using one or more of these technologies. Prerequisites: A beginning course in databases and a beginning course in data mining, or equivalent knowledge, and programming experience.",3.0,3.0,2021 - 2022 Academic Year,"A,B,C,D"
CS 595,CS,Computer Science,595,Independent Study,,0.0,0.0,2021 - 2022 Academic Year,"A,B"
CS 673,CS,Computer Science,673,Advanced Cryptography,"This course provides deeper insight into areas of cryptography which are of great practical and theoretical importance. The three areas treated are detailed analysis and the implementation of cryptoalgorithms, advanced protocols, and modern attacks against cryptographic schemes. The first part of the lecture focuses on public key algorithms, in particular ElGamal, elliptic curves and Diffie-Hellman key exchange. The underlying theory of Galois fields will be introduced. Implementation of performance security aspects of the algorithms will be looked at. The second part of the course deals with advanced protocols. New schemes for authentication, identification and zero-knowledge proof will be introduced. Some complex protocols for real-world application— such as key distribution in networks and for smart cards—will be introduced and analyzed. The third part will look into state-of-the-art cryptoanalysis (i.e., ways to break cryptosystems). Brute force attacks based on special purpose machines, the baby-step giantstep and the Pohlig-Hellman algorithms will be discussed. (Prerequisites: ECE 578/ CS 578 or equivalent background.)",3.0,3.0,2021 - 2022 Academic Year,"C,D"
DEV 1200,DEV,Development,1200,International Development And Society,"Cat. IWhat is development? How has international development been understood andwhat has been done about it? How do development scholars explain why somecountries are rich while others are poor? How can students understand andincorporate development studies in the contexts of their own global engagements?This course addresses these questions by looking at theories, ideologies,and processes that have influenced and embodied development thinking andpractice over the past five decades. We will examine the role of colonization,modernization, dependency, globalization, democratization, industrialization,and urbanization in processes of development in countries across the globe. Thecourse encourages students to think critically about what development is, abouthow it is carried out and, most importantly of all, about what it can achieve.DEV 1200 provides excellent preparation for international projects and careers.Recommended background: None.",3.0,3.0,2021 - 2022 Academic Year,C
DEV 4400,DEV,Development,4400,"Science, Engineering And Design In International Development","Cat. II This course provides students with a set of skills that will allow them to address complex problems and design challenges in development engineering. Students will learn to participate in and lead innovation and creativity in collaborative settings. This course includes design projects and case studies, many related to projects at WPI. Student teams will work with preliminary data to define the problem. They will then collect and analyze interview and survey data to learn about user needs. Students will explore how to understand end-user needs. Students will use a variety of tools to analyze their data, ideate potential solutions, and prototype. The teams will use their projects to develop plans for rapid improvement, scaling, continuous improvement and a rigorous impact evaluation. Recommended background: None. This course will be offered in 2021-22, and in alternating years thereafter.",3.0,3.0,2021 - 2022 Academic Year,A
DEV 501,DEV,Development,501,Social Innovation and Global Development,"Social Innovation and Global Development provides a broad overview of the program. We will touch on many of the themes that will be explored in depth in the core courses. These themes include but are not limited to: design thinking, cross-cultural design, ethics in design, and visual expression. We will also employ team building exercises bring the cohort together as a cohesive group. The mornings will be spent in interactive classroom experiences where students will engage in seminar discussions, small group activities, and feedback sessions. This course will take place in the two weeks leading up to the students first semester in the program. The course will run two weeks, for approximately six hours per day, Monday through Friday.",3.0,3.0,2021 - 2022 Academic Year,"A,B"
DEV 502,DEV,Development,502,Design for Social Change,"Everyone is entitled to good design, without distinction of any kind. Race, color, sex, language, religion, political or other opinions, national or social origins, property, birth or other status should have effective visual communication. Social Impact Design Course is a place where student designers learn to create “good design” for the “good of others.” Community engagement through community-based design projects is just one aspect of the course. Students will learn additional practice skills in design thinking and cause branding. This course explores various community and professional practices when designing for social change. Through community-based projects with non-profit organizations, students explore the many roles creative professionals can play when executing socially-minded work. Students will be challenged to expand their comprehension of design problem solving for new audiences. Design teams will develop skills in design methodology for visual communication: identifying problems, design research, ideation, and implementation.",3.0,3.0,2021 - 2022 Academic Year,"A,B"
DEV 510,DEV,Development,510,Design Studio 1,"This studio course introduces students to a variety of design case studies from developing world infrastructure projects, to human computer interaction, autonomous vehicles, and others to give students an opportunity to explore and critique design processes and to develop a sense of their own approach with some depth.",1.0,1.0,2021 - 2022 Academic Year,"A,B"
DEV 520,DEV,Development,520,Design Studio 2,This studio course is taken in E(1) term. Here students will begin to develop their own GQP or thesis projects. They will share their work with their peers in weekly feedback sessions. Faculty will act as mentors who push the students toward project and process clarity. For students traveling abroad the studio will provide an opportunity to raise and explore important cultural considerations.,2.0,2.0,2021 - 2022 Academic Year,"C,D"
DEV 530,DEV,Development,530,"Ethics and Social Justice in Science, Engineering and Development",,3.0,3.0,2021 - 2022 Academic Year,"C,D"
DEV 540,DEV,Development,540,Research Methods,,3.0,3.0,2021 - 2022 Academic Year,"C,D"
DS 1010,DS,Data Science,1010,Data Science I: Introduction To Data Science,"Cat. I This course provides an introduction to the core concepts in Data Science. It covers a broad range of methodologies for working with and making informed decisions based on real-world data. Core topics introduced in this course include basic statistics, data exploration, data cleaning, data visualization, business intelligence, and data analysis. Students will utilize various techniques and tools to explore, understand and visualize real-world data sets from various domains and learn how to communicate data results to decision makers. Recommended background: None",3.0,3.0,2021 - 2022 Academic Year,"A,B,C,D"
DS 2010,DS,Data Science,2010,Data Science II: Modeling And Data Analysis,"Cat. I This course focuses on model- and data-driven approaches in Data Science. It covers methods from applied statistics (regression), optimization, and machine learning to analyze and make predictions and inferences from real-world data sets. Topics introduced in this course include basic statistics (regression), analytics (explanatory and predictive), basics of machine learning (classification and clustering), eigen values and singular matrices, data exploration, data cleaning, data visualization, and business intelligence. Students will utilize various techniques and tools to explore and understand real-world data sets from various domains. Recommended background: Data science basics equivalent to DS 1010, applied statistics and regression equivalent to MA2611 and MA 2612, and the ability to write computer programs in a scientific language equivalent to a CS programming course at the CS 1000 or CS 2000 level are assumed.",3.0,3.0,2021 - 2022 Academic Year,"B,C,D"
DS 3010,DS,Data Science,3010,Data Science III: Computational Data Intelligence,"Cat. I This course introduces core methods in Data Science. It covers a broad range of methodologies for working with large and/or high-dimensional data sets to making informed decisions based on real-world data. Core topics introduced in this course include data collection through use cycle, data management of large-scale data, cloud computing, machine learning and deep learning. Students will acquire experience with big data problems through hands-on projects using real-world data sets. Recommended background: Data science basics equivalent to DS 1010, and data analysis principles and modeling equivalent to DS 2010, knowledge of basic statistics equivalent to (MA2611 and MA 2612), and the ability to program equivalent to (CS 1004 or CS 1101 or CS 1102) and (CS 2102, CS2103 or CS 2119), as well as understanding of databases equivalent to (CS3431 or MIS3720) are assumed.",3.0,3.0,2021 - 2022 Academic Year,"B,C,D"
DS 4433,DS,Data Science,4433,Big Data Management and Analytics,"This course introduces the emerging techniques and infrastructures for big data management and analytics including parallel and distributed database systems, map-reduce, Spark, and NO-SQL infrastructures, data stream processing systems, scalable analytics and mining, and cloud-based computing. Query processing and optimization, access methods, and storage layouts developed on these infrastructures will be covered. Students are expected to engage in hands-on projects using one or more of these technologies. Recommended background: Knowledge in database systems at the level of CS4432, and programming experience are assumed.",3.0,3.0,2021 - 2022 Academic Year,C
DS 4635,DS,Data Science,4635,Data Analytics And Statistical Learning,"Cat. I The focus of this class will be on statistical learning – the intersection of applied statistics and modeling techniques used to analyze and to make predictions and inferences from complex real-world data. Topics covered include: regression; classification/clustering; sampling methods (bootstrap and cross validation); and decision tree learning. Students may not receive credit for both MA 463X and MA 4635. Recommended background: Linear Algebra (MA 2071 or equivalent), Applied Statistics and Regression (MA 2612 or equivalent), Probability (MA 2631 or equivalent). The ability to write computer programs in a scientific language is assumed.",3.0,3.0,2021 - 2022 Academic Year,D
DS 501,DS,Data Science,501,Introduction To Data Science,"Introduction to Data Science provides an overview of Data Science, covering a broad selection of key challenges in and methodologies for working with big data. Topics to be covered include data collection, integration, management, modeling, analysis, visualization, prediction and informed decision making, as well as data security and data privacy. This introductory course is integrative across the core disciplines of Data Science, including databases, data warehousing, statistics, data mining, data visualization, high performance computing, cloud computing, and business intelligence. Professional skills, such as communication, presentation, and storytelling with data, will be fostered. Students will acquire a working knowledge of data science through hands-on projects and case studies in a variety of business, engineering, social sciences, or life sciences domains. Issues of ethics, leadership, and teamwork are highlighted. Prerequisites: None beyond meeting the Data Science admission criteria.",3.0,3.0,2021 - 2022 Academic Year,"A,B,C,D"
DS 502,DS,Data Science,502,Statistical Methods For Data Science,"Statistical Methods for Data Science surveys the statistical methods most useful in data science applications. Topics covered include predictive modeling methods, including multiple linear regression, and time series, data dimension reduction, discrimination and classification methods, clustering methods, and committee methods. Students will implement these methods using statistical software. Prerequisites: DS 517/ MA 517, Statistics at the level of MA 2611 and MA 2612 and linear algebra at the level of MA 2071.",3.0,3.0,2021 - 2022 Academic Year,"A,B,C,D"
DS 503,DS,Data Science,503,Big Data Management,"Big Data Management deals with emerging applications in science and engineering disciplines that generate and collect data at unprecedented speed, scale, and complexity that need to be managed and analyzed efficiently. This course introduces the latest techniques and infrastructures developed for big data management including parallel and distributed database systems, map-reduce infrastructures, scalable platforms for complex data types, stream processing systems, and cloud-based computing. Query processing, optimization, access methods, storage layouts, and energy management techniques developed on these infrastructures will be covered. Students are expected to engage in hands-on projects using one or more of these technologies. Prerequisites: A beginning course in databases at the level of CS 4432 or equivalent knowledge, and programming experience.",3.0,3.0,2021 - 2022 Academic Year,"A,B"
DS 504,DS,Data Science,504,Big Data Analytics,"Big Data Analytics addresses the obstacle that innovation and discoveries are no longer hindered by the ability to collect data, but by the ability to summarize, analyze, and discover knowledge from the collected data in a scalable fashion. This course covers computational techniques and algorithms for analyzing and mining patterns in large-scale datasets. Techniques studied address data analysis issues related to data volume (scalable and distributed analysis), data velocity (high-speed data streams), data variety (complex, heterogeneous, or unstructured data), and data veracity (data uncertainty). Techniques include mining and machine learning techniques for complex data types, and scale-up and scale-out strategies that leverage big data infrastructures. Real-world applications using these techniques, for instance social media analysis and scientific data mining, are selectively discussed. Students are expected to engage in hands-on projects using one or more of these technologies. Prerequisites: A beginning course in databases and a beginning course in data mining, or equivalent knowledge, and programming experience.",3.0,3.0,2021 - 2022 Academic Year,"A,B,C,D"
DS 517,DS,Data Science,517,Mathematical Foundations For Data Science,"The foci of this class are the essential statistics and linear algebra skills required for Data Science students. The class builds the foundation for theoretical and computational abilities of the students to analyze high dimensional data sets. Topics covered include Bayes’ theorem, the central limit theorem, hypothesis testing, linear equations, linear transformations, matrix algebra, eigenvalues and eigenvectors, and sampling techniques, including Bootstrap and Markov chain Monte Carlo. Students will use these techniques while engaging in hands-on projects with real data. Prerequisites: Some knowledge of integral and differential calculus is recommended.",3.0,3.0,2021 - 2022 Academic Year,"A,B,C,D"
DS 541,DS,Data Science,541,Deep Learning,"This course will offer a mathematical and practical perspective on artificial neural networks for machine learning. Students will learn about the most prominent network architectures including multilayer feedforward neural networks, convolutional neural networks (CNNs), auto-encoders, recurrent neural networks (RNNs), and generative-adversarial networks (GANs). This course will alsoteach students optimization and regularization techniques used to train them -- such as back-propagation, stochastic gradient descent, dropout, pooling, and batch normalization. Connectionsto related machine learning techniques and algorithms, such as probabilistic graphical models,will be explored. In addition to understanding the mathematics behind deep learning, students willalso engage in hands-on course projects. Students will have the opportunity to train neural networksfor a wide range of applications, such as object detection, facial expression recognition, handwriting analysis, and natural language processing. Prerequisite: Machine Learning (CS 539), and knowledge of Linear Algebra (such as MA 2071) and Algorithms (such as CS 2223).",3.0,3.0,2021 - 2022 Academic Year,"C,D"
DS 547,DS,Data Science,547,Information Retrieval,"This course introduces the theory, design, and implementation of text-based and Web-basedinformation retrieval systems. Students learn the key concepts and models relevant to information retrieval and natural language processing on largescale corpus such as the Web and social systems. Topics include vector space model, crawling, indexing, web search, ranking, recommendersystems, embedding and language model. Prerequisites: statistical learning at the level of DS 502/MA 543 and programming skills at the level of CS 5007.",3.0,3.0,2021 - 2022 Academic Year,"C,D"
DS 595,DS,Data Science,595,Special Topics In Data Science,Special Topics in Data Science is course offering that will cover a topic of current interest in detail. This serves as a flexible vehicle to provide a one-time offering of topics of current interest as well as to offer new topics before they are made into a permanent course. Prerequisites: will vary with topic.,3.0,3.0,2021 - 2022 Academic Year,"A,B,C,D"
DS 598,DS,Data Science,598,Graduate Qualifying Project,"The Graduate Qualifying Project, or GQP, is a 3-credit project, typically done in teams that is carried out in cooperation with a sponsor or industrial partner. It will be overseen by a faculty member affiliated with the Data Science Program and will offer integrated theory and practice of Data Science including the utilization of tools and techniques acquired in the Data Science Program. In addition to a written report, this project must be presented in a formal demonstration to the faculty of the Data Science program and sponsors. Professional development skills, such as communication, teamwork, leadership, and collaboration, along with storytelling, will be practiced. Prerequisites: DS 501, completion of at least 24 credits of the DS degree, and consent of the instructor.",3.0,3.0,2021 - 2022 Academic Year,"A,B,C,D"
ECE 1799,ECE,Electrical & Computer Engineering,1799,Frontiers And Current Issues Of Electrical And Computer Engineering,"Cat. I (1/6 unit semester course, spread out evenly over A and B terms) This is a seminar-based course intended for First Year students seeking to understand the breadth of activities, career choices and technology that are considered to comprise Electrical and Computer Engineering. Students considering ECE as a major, both those who are “decided” as well as those who are “undecided” should enroll in ECE 1799. The class meets once a week during the fall semester (A & B terms). Note: There are no “recommended” or “suggested” courses for this description",1.5,1.5,2021 - 2022 Academic Year,"A,B"
ECE 2010,ECE,Electrical & Computer Engineering,2010,Introduction To Electrical And Computer Engineering,"Cat. I The objective of this course is to introduce students to the broad field of electrical and computer engineering within the context of real world applications. This course is designed for first-year students who are considering ECE as a possible major or for non-ECE students fulfilling an out-of-major degree requirement. The course will introduce basic electrical circuit theory as well as analog and digital signal processing methods currently used to solve a variety of engineering design problems in areas such as entertainment and networking media, robotics, renewable energy and biomedical applications. Laboratory experiments based on these applications are used to reinforce basic concepts and develop laboratory skills, as well as to provide system-level understanding. Circuit and system simulation analysis tools are also introduced and emphasized. Topics: Basic concepts of AC/DC and Digital electrical circuits, power, linear circuit simulation and analysis, op-amp circuits, transducers, feedback, circuit equivalents and system models, first order transients, the description of sinusoidal signals and system response, analog/digital conversion, basic digital logic gates and combinatorial circuits. Recommended Background: high school physics, and MA 1022 (concurrent).",3.0,3.0,2021 - 2022 Academic Year,"A,B,C,D"
ECE 2019,ECE,Electrical & Computer Engineering,2019,"Sensors, Circuits, And Systems","Cat. I This course investigates commonly used sensors such as resistive temperature sensors, capacitive touch sensors, and inductive motion sensors and actuators. Numerous applications are presented to motivate coverage of fundamental operating principles of circuit elements such as resistors, capacitors, and inductors; model the signals produced by these sensors; and analyze the circuits and systems used to amplify and process these signals. After a review of Kirchhoff ‘s current and voltage laws, fundamental analysis techniques such as Thevenin and Norton’s theorems and the superposition principle are used to model and analyze sensors, circuits, and systems. Concepts from analysis of linear, time-invariant continuous-time signals and systems are introduced as necessary, including Fourier series and characterization of systems such as filters in both the frequency domain (bandwidth, transfer function) and time domain (rise time, step response). Capacitance, inductance and mutual inductance are explored as energy storage elements, including consideration of resonance and energy losses in power systems. Concepts will be reinforced with the use of laboratory exercises and computer simulation. Recommended background: ECE 2010, MA 1024 (or equivalent), PH 1120/21 and MA 2051 (concurrent). Note: Students who have received credit for ECE 2111 may not receive credit for ECE 2019.",3.0,3.0,2021 - 2022 Academic Year,"A,C"
ECE 2029,ECE,Electrical & Computer Engineering,2029,Introduction To Digital Circuit Design,"Cat. I Digital circuits are the foundation upon which the computers, cell phones, and calculators we use every day are built. This course explores these foundations by using modern digital design techniques to design, implement and test digital circuits ranging in complexity from basic logic gates to state machines that perform useful functions like calculations, counting, timing, and a host of other applications. Students will learn modern design techniques, using a hardware description language (HDL) such as Verilog to design, simulate and implement logic systems consisting of basic gates, adders, multiplexers, latches, and counters. The function and operation of programmable logic devices, such as field programmable gate arrays (FPGAs), will be described and discussed in terms of how an HDL logic design is mapped and implemented. Experiments involving the design of combinational and sequential circuits will provide students a hands-on introduction to basic digital electrical engineering concepts and the skills needed to gain more advanced skills. In the laboratory, students will construct, troubleshoot, and test the digital circuits that they have developed using a hardware description language. These custom logic designs will be implemented using FPGAs and validated using test equipment. Topics: Number representations, Boolean algebra, design and simplification of combinational circuits, arithmetic circuits, analysis and design of sequential circuits, and synchronous state machines. Lab exercises: Design, analysis and construction of combinational and sequential circuits; use of hardware description languages to implement, test, and verify digital circuits; function and operation of FPGAs. Recommended background: Introductory Electrical and Computer Engineering concepts covered in a course such as ECE 2010 or RBE 1001, and MA 1022. Note: Students who have received credit for ECE 2022 may not receive credit for ECE 2029.",3.0,3.0,2021 - 2022 Academic Year,"B,C,D"
ECE 2049,ECE,Electrical & Computer Engineering,2049,Embedded Computing In Engineering Design,"Cat. I Embedded computers are literally everywhere in modern life. On any given day we interact with and depend on dozens of small computers to make coffee, run cell phones, take pictures, play music play, control elevators, manage the emissions and antilock brakes in our automobile, control a home security system, and so on. Using popular everyday devices as case studies, students in this course are introduced to the unique computing and design challenges posed by embedded systems. Students will then solve real-world design problems using small, resource constrained (time/memory/power) computing platforms. The hardware and software structure of modern embedded devices and basic interactions between embedded computers and the physical world will also be covered in lecture and as part of laboratory experiments. In the laboratory, emphasis is placed on interfacing embedded processors with common sensors and devices (e.g. temperature sensors, keypads, LCD display, SPI ports, pulse width modulated motor controller outputs) while developing the skills needed to use embedded processors in systems design. This course is also appropriate for RBE and other engineering and CS students interested in learning about embedded system theory and design. Topics: Number/data representations, embedded system design using C, microprocessor and microcontroller architecture, program development and debugging tools for a small target processor, hardware/software dependencies, use of memory mapped peripherals, design of event driven software, time and resource management, applications case studies. Lab Exercises: Students will solve commonly encountered embedded processing problems to implement useful systems. Starting with a requirements list students will use the knowledge gained during the lectures to implement solutions to problems which explore topics such as user interfaces and interfacing with the physical world, logic flow, and timing and time constrained programming. Exercises will be performed on microcontroller and/or microprocessor based embedded systems using cross platform development tools appropriate to the target platform. Recommended Background: ECE 2010 or equivalent knowledge in basic circuits, devices and analysis; and C language programming (CS 2301 or equivalent) Suggested Background: ECE 2029 or equivalent knowledge of digital logic, logic signals and logic operations; Note: Students who have received credit for ECE 2801 may not receive credit for ECE 2049.",3.0,3.0,2021 - 2022 Academic Year,"A,C,D"
ECE 2112,ECE,Electrical & Computer Engineering,2112,Electromagnetic Fields,"Cat. I The object of this course is a comprehensive treatment of electromagnetic engineering principles covering the entire application spectrum from static to dynamic field phenomena. The starting point will be the basic electric and magnetic field definitions of Coulomb and Biot-Savart leading to Gauss’s and Ampere’s laws. They form the foundation of electro- and magnetostatics fields. Students will examine capacitive and inductive systems and relate them to lumped element circuit models. By introducing temporal and spatial magnetic flux variations, Faraday’s law is established. The engineering implications of this law are investigated in terms of transformer and motor actions. Incorporation of the displacement current density into Ampere’s law and combining it with Faraday’s law will then culminate in the complete set of Maxwell’s field equations. As a result of these equations, students will develop the concept of wave propagation in the time and frequency domain with practical applications such as wireless communication, radar, Global Positioning Systems, and microwave circuits. Recommended background: ECE 2019.",3.0,3.0,2021 - 2022 Academic Year,C
ECE 2201,ECE,Electrical & Computer Engineering,2201,Microelectronic Circuits I,"Cat. I This course is the first of a two-course sequence in electronic circuit design. It begins with a substantive treatment of the fundamental behavior of semiconductor materials and moves on to the semiconductor diode, the bipolar transistor, and the field-effect transistor. Laboratory exercises are provided to reinforce the theory of operation of these devices. Numerous circuit applications are considered, including: power supplies, transistor amplifiers, and FET switches. Topics include: the pn junction, diode operation, transducers, rectification, voltage regulation, limiting and clamping circuits, transistor operation, biasing, small-signal and large-signal models, transistors amplifiers, and switching applications. Recommended background: ECE 2019.",3.0,3.0,2021 - 2022 Academic Year,"A,C"
ECE 2305,ECE,Electrical & Computer Engineering,2305,Introduction To Communications And Networks,"Cat. I This course provides an introduction to the broad area of communications and networking, providing the context and fundamental knowledge appropriate for all electrical and computer engineers, as well as for further study in this area. The course is organized as a systems approach to communications and networking. Topics include key concepts and terminology (delay, loss, throughput, bandwidth, etc.), types of transmission media, addressing, switching, routing, networking principles and architectures, networking protocols, regulatory and applications issues. Recommended background: ECE 2010",3.0,3.0,2021 - 2022 Academic Year,D
ECE 2311,ECE,Electrical & Computer Engineering,2311,Continuous-Time Signal And System Analysis,"Cat. I This course provides an introduction to time and frequency domain analysis of continuous time signals and linear systems. Topics include signal characterization and operations; singularity functions; impulse response and convolution; Fourier series; the Fourier transform and its applications; frequency-domain characterization of linear, time-invariant systems such as filters; and the Laplace transform and its applications. Recommended background: MA 2051, ECE 2019, and a prior course in computer programming such as CS 2301 or CS 1101/2/4.",3.0,3.0,2021 - 2022 Academic Year,"B,D"
ECE 2312,ECE,Electrical & Computer Engineering,2312,Discrete-Time Signal And System Analysis,"Cat. I This course provides an introduction to the time and frequency domain analysis of discrete-time signals and linear systems. Topics include sampling and quantization, characterization of discrete-time sequences, the discrete-time Fourier transform, the discrete Fourier transform and its applications, the Z transform and its applications, convolution, characterization of FIR and IIR discrete-time systems, and the analysis and design of discrete-time filters. The course will include a focus on applications such as sampling and quantization, audio processing, navigation systems, and communications. Extensive use will be made of simulation tools including Matlab. Recommended background: MA 2051, ECE 2311, and a prior course in computer programming such as CS 2301 or CS 1101/2/4.",3.0,3.0,2021 - 2022 Academic Year,"A,C"
ECE 2799,ECE,Electrical & Computer Engineering,2799,Electrical And Computer Engineering Design,"Cat. I The goal of this course is to provide experience with the design of a system, component, or process. Basic sciences, mathematics, and engineering sciences are applied to convert resources to meet a stated objective. Fundamental steps of the design process are practiced, including the establishment of objectives and criteria, synthesis, analysis, manufacturability, testing, and evaluation. Student work in small teams and are encouraged to use creativity to solve specific but open-ended problems, and then present their results. ECE 2799 is strongly recommended for all students as a preparation for the design element of the MQP. It is anticipated that ECE 2799 will be of most benefit to students when taken well in advance of the MQP (late sophomore year or early junior year). Recommended background: At least three of ECE 2019, ECE 2029, ECE 2049, ECE 2311.",3.0,3.0,2021 - 2022 Academic Year,"B,D"
ECE 3012,ECE,Electrical & Computer Engineering,3012,Introduction To Control Systems Engineering,"Cat. I This course provides an introduction to the analysis and design of continuoustime control systems. Topics covered in the course include: modeling in the frequency and time domain, characteristics of control systems time response, reduction of multiple subsystems, analysis of systems transient response, stability, steady-state errors, root locus techniques, design of PI, PD, and PID controllers via root locus, frequency response techniques, and design via frequency response. The course will not have a formal laboratory. It will include projects which will require the use of software such as MATLAB, Simulink, or LabVIEW for analysis and design of control systems. Recommended Background: Ordinary Differential Equations (MA 2051), Sensors, Circuits, and Systems (ECE 2019), and Continuous-time Signal and System Analysis (ECE 2311). Students may not receive credit for both ES 3011 and ECE 3012.",3.0,3.0,2021 - 2022 Academic Year,D
ECE 3113,ECE,Electrical & Computer Engineering,3113,Introduction To Rf Circuit Design,"Cat. I This course is designed to provide students with the basic principles of radio frequency (RF) circuit design. It concentrates on topics such as designing tuning and matching networks for analog and digital communication, satellite navigation, and radar systems. After reviewing equivalent circuit representations for RF diodes, transistors, FETs, and their input/output impedance behavior, the course examines the difference between lumped and distributed parameter systems. Characteristics impedance, standing waves, reflection coefficients, insertion loss, and group delay of RF circuits will be explained. Within the context of Maxwell’s theory the course will then focus on the graphical display of the reflection coefficient (Smith Chart) and its importance in designing matching circuits. Students will learn the difference between SPICE and monolithic and microwave integrated circuit analysis, and design (MMICAD) modeling. Biasing and matching networks for single and multistage amplifiers in the 900 to 2,000 MHz range are analyzed and optimized in terms of input/output impedance matching, insertion loss, and groups delays. Recommended background: ECE 2019, ECE 3204. Suggested background: ECE 2112",3.0,3.0,2021 - 2022 Academic Year,A
ECE 3204,ECE,Electrical & Computer Engineering,3204,Microelectronic Circuits II,"Cat. I This course is the second of a two-course sequence in electronic circuit design. More complex circuits are analyzed and the effects of frequency and feedback are considered in detail. The course provides a comprehensive treatment of operational amplifier operation and limitations. The use of Bode plots to describe the amplitude and phase performance of circuits as a function of operating frequency is also presented. In addition, the concepts of analog signal sampling, analog-to-digital conversion and digital-to-analog conversion are presented along with techniques for interfacing analog and digital circuitry. Laboratory exercises are provided to reinforce student facility with the application of these concepts to the design of practical circuits. Topics include: transducers; differential amplifiers, inverting/non-inverting amplifiers, summers, differentiators, integrators, passive and active filers, the Schmitt trigger, monostable and a-stable oscillators, timers, sample-and-hold circuits, A/D converters, and D/A converters. Recommended background: Introductory electronic-circuit design and analog-signal analysis as found in ECE 2201 and ECE 2311.",3.0,3.0,2021 - 2022 Academic Year,"B,D"
ECE 3308,ECE,Electrical & Computer Engineering,3308,Introduction To Wireless Networks,"Cat. I This course is intended for students interested in obtaining a systems-level perspective of modern wireless networks. It starts with an overall understanding of telecommunication and computer communication networks. Then the fundamental theory of operation of wireless networks as well detailed description of example networks will be covered. Topics included in the course are an overview of computer networks, an overview of wireless network standards and products, radio channel modeling and medium access control, deployment of wireless infrastructures, and examples of voice- and data-oriented wireless networks using TDMA, CDMA, and CSMA access methods. With extra work, this course can be successfully completed by non-ECE students; basic concepts of radio propagation, transmission, and medium access control will be introduced as needed. Recommended background: MA 1022 and PH 1120. Suggested background: ECE 2312 and ECE 2305.",3.0,3.0,2021 - 2022 Academic Year,A
ECE 3311,ECE,Electrical & Computer Engineering,3311,Principles Of Communication Systems,"Cat. I This course provides an introduction to analog and digital communications systems. The bandpass transmission of analog data is motivated and typical systems are analyzed with respect to bandwidth considerations and implementation techniques. Baseband and passband digital transmission systems are introduced and investigated. Pulse shaping and intersymbol interference criteria are developed in relation to the pulse rate transmission limits of bandlimited channels. Finally, digital carrier systems and line coding are introduced in conjunction with applications to modern modem transmission schemes. Recommended background: MA 1024 and ECE 2312. Suggested background: ECE 2305.",3.0,3.0,2021 - 2022 Academic Year,B
ECE 3500,ECE,Electrical & Computer Engineering,3500,Introduction To Contemporary Electric Power Systems,"Cat. I This course introduces basic concepts underlying the current and future methods of generation, transmission, storage, and use of electric energy. Beginning with an historical overview of the electric power system that has served well for more than 100 years, the course provides an introduction to the fundamental engineering principles underlying the design and implementation of traditional as well as modern electric power systems. Energy sources including thermal (combustion, nuclear, geothermal), solar, wind, and chemical (fuel cells) are presented, along with the environmental impacts. Concepts of three-phase systems, transmission and distribution of power, economic and regulatory aspects, as well as communications, protection, and control systems are included. Student project work is included. Recommended background: ECE 2010 or equivalent Suggested background: ECE 2019 or equivalent",3.0,3.0,2021 - 2022 Academic Year,D
ECE 3501,ECE,Electrical & Computer Engineering,3501,Electrical Energy Conversion,"Cat. I This course is designed to provide a cohesive presentation of the principles of electric energy conversion for industrial applications and design. The generation, transmission and conversion of electric energy, as well as basic instrumentation and equipment associated with electric energy flow and conversion are analyzed. Topics: Review of poly-phase circuits. Transducers and instrumentation for power and energy measurements. Rotating machines. Electromechanical transients and stability. Switchgear equipment. Selected laboratory experiments. Recommended background: ECE 2019.",3.0,3.0,2021 - 2022 Academic Year,A
ECE 3503,ECE,Electrical & Computer Engineering,3503,Power Electronics,"Cat. I This course is an introduction to analysis and design of power semiconductor circuits used in electric motor drives, control systems, robotics and power supply. Topics: characteristics of thyristors and power transistors. Steady-state performance and operating characteristics, device rating and protection, commutation, gating circuits, ac voltage controllers, controlled rectifiers, dc/dc converters and dc/ac inverters. Laboratory exercises. Recommended background: ECE 2019, ECE 2201 or equivalent.",3.0,3.0,2021 - 2022 Academic Year,B
ECE 3829,ECE,Electrical & Computer Engineering,3829,Advanced Digital System Design With FPGAss,"Cat. I This course covers the systematic design of advanced digital systems using FPGAs. The emphasis is on top-down design starting with high level models using a hardware description language (such as VHDL or Verilog) as a tool for the design, synthesis, modeling, test bench development, and testing and verification of complete digital systems. These types of systems include the use of embedded soft core processors as well as lower level modules created from custom logic or imported IP blocks. Interfaces will be developed to access devices external to the FPGA such as memory or peripheral communication devices. The integration of tools and design methodologies will be addressed through a discussion of system on a chip (SOC) integration, methodologies, design for performance, and design for test. Topics: Hardware description languages, system modeling, synthesis, simulation and testing of digital circuits; Design integration to achieve specific system design goals including architecture, planning and integration, and testing; Use of soft core and IP modules to meet specific architecture and design goals. Laboratory exercises: Students will design and implement a complete sophisticated embedded digital system on an FPGA. HDL design of digital systems including lower level components and integration of higher level IP cores, simulating the design with test benches, and synthesizing and implementing these designs with FPGA development boards including interfacing to external devices. Recommended background: ECE 2029 and ECE 2049 Students who have received credit for ECE 3810 may not receive credit for ECE 3829.",3.0,3.0,2021 - 2022 Academic Year,"A,C"
ECE 3849,ECE,Electrical & Computer Engineering,3849,Real-Time Embedded Systems,"Cat. I This course continues the embedded systems sequence by expanding on the topics of real-time software and embedded microprocessor system architecture. The software portion of this course focuses on solving real-world problems that require an embedded system to meet strict real-time constraints with limited resources. On the hardware side, this course reviews and expands upon all the major components of an embedded microprocessor system, including the CPU, buses, memory devices and peripheral interfaces. New IO standards and devices are introduced and emphasized as needed to meet system design, IO and performance goals in both the lecture and laboratory portion of the course. Topics: Cross-compiled software development, embedded system debugging, multitasking, real-time scheduling, inter-task communication, software design for deterministic execution time, software performance analysis and optimization, device drivers, CPU architecture and organization, bus interface, memory management unit, memory devices, memory controllers, peripheral interfaces, interrupts and interrupt controllers, direct memory access. Laboratory exercises: Programming real-time applications on an embedded platform running a real-time operating system (RTOS), configuring hardware interfaces to memory and peripherals, bus timing analysis, device drivers. Recommended background: ECE 2029 and ECE 2049.",3.0,3.0,2021 - 2022 Academic Year,"B,D"
ECE 4011,ECE,Electrical & Computer Engineering,4011,Biomedical Signal Analysis,"Cat. II Introduction to biomedical signal processing and analysis. Fundamental techniques to analyze and process signals that originate from biological sources: ECGs, EMGs, EEGs, blood pressure signals, etc. Course integrates physiological knowledge with the information useful for physiologic investigation and medical diagnosis and processing. Biomedical signal characterization, time domain analysis techniques (transfer functions, convolution, auto- and cross-correlation), frequency domain (Fourier analysis), continuous and discrete signals, deterministic and stochastic signal analysis methods. Analog and digital filtering. Recommended background: ECE 2311, ECE 2312, or equivalent. This course will be offered in 2020-21, and in alternating years thereafter.",3.0,3.0,2021 - 2022 Academic Year,B
ECE 4023,ECE,Electrical & Computer Engineering,4023,Biomedical Instrumentation Design,"Cat. II This course builds on the fundamental knowledge of instrumentation and sensors. Lectures cover the principles of designing, building and testing analog instruments to measure and process biomedical signals. The course is intended for students interested in the design and development of electronic bioinstrumentation. Emphasis is placed on developing the student’s ability to design a simple medical device to perform real-time physiological measurements. Recommended background: BME 3012, BME 3013, ECE 2010 and ECE 2019. This course will be offered in 2020-21, and in alternating years thereafter.",3.0,3.0,2021 - 2022 Academic Year,A
ECE 4305,ECE,Electrical & Computer Engineering,4305,Software-Defined Radio Systems And Analysis,"Cat. I This course provides students with hands-on exposure to the design and implementation of modern digital communication systems using softwaredefined radio technology. The prototyping and real-time experimentation of these systems via software-defined radio will enable greater flexibility in the assessment of design trade-offs as well as the illustration of “real world” operational behavior. Performance comparisons with quantitative analytical techniques will be conducted in order to reinforce digital communication system design concepts. In addition to laboratory modules, a final course project will synthesize topics covered in class. Course topics include software-defined radio architectures and implementations, digital signaling and data transmission analysis in noise, digital receiver structures (matched filtering, correlation), multicarrier communication techniques, radio frequency spectrum sensing and identification (energy detection, matched filtering), and fundamentals of radio resource management. Recommended background: ECE 3311, MA 2621, familiarity with Simulink, familiarity with general programming",3.0,3.0,2021 - 2022 Academic Year,C
ECE 4703,ECE,Electrical & Computer Engineering,4703,Real-Time Digital Signal Processing,"Cat. I This course provides an introduction to the principles of real-time digital signal processing (DSP). The focus of this course is hands-on development of real-time signal processing algorithms using audio-based DSP kits in a laboratory environment. Basic concepts of DSP systems including sampling and quantization of continuous time signals are discussed. Tradeoffs between fixed-point and floating-point processing are exposed. Real-time considerations are discussed and efficient programming techniques leveraging the pipelined and parallel processing architecture of modern DSPs are developed. Using the audio-based DSP kits, students will implement real-time algorithms for various filtering structures and compare experimental results to theoretical predictions. Recommended background: ECE 2049, ECE 2312, some prior experience in C programming. Suggested background: ECE 3311.",3.0,3.0,2021 - 2022 Academic Year,B
ECE 4801,ECE,Electrical & Computer Engineering,4801,Computer Organization And Design,"Cat. I This course focuses on the computer organization and architectural design of standalone embedded and high-performance microprocessor systems. This course covers performance metrics, machine level representation of information, the assembly level interface, memory system organization and architecture, computer input/output, instruction set architecture (ISA) design, single cycle and multicycle CPU datapath and controlpath design as well as more advanced level topics such as pipelining, interrupts, cache and memory system design. Special attention will be paid into measuring architectural performance and into improving computer architectures at various levels of the design hierarchy to reach optimal performance. The course will include several hands-on projects and laboratory components where students will be required to perform simulations of CPU designs using architectural simulation tools such as MIPS Simulators and SimpleScalar. Recommended Background: ECE 3849 Suggested Background: ECE 3829",3.0,3.0,2021 - 2022 Academic Year,C
ECE 4802,ECE,Electrical & Computer Engineering,4802,Introduction To Cryptography And Communication Security,"Cat. I This course provides an introduction to modern cryptography and communication security. It focuses on how cryptographic algorithms and protocols work and how to use them. The course covers the concepts of block ciphers and message authentication codes, public key encryption, digital signatures, and key establishment, as well as common examples and uses of such schemes, including the AES, RSA-OAEP, and the Digital Signature Algorithm. Basic cryptanalytic techniques and examples of practical security solutions are explored to understand how to design and evaluate modern security solutions. The course is suited for students interested in cryptography or other security related fields such as trusted computing, network and OS security, or general IT security. Recommended background: Experience in expressing algorithms in a modern programming language (e.g., ECE 2049 or CS 2301). Suggested background: Discrete mathematics (CS 2022/MA 2201 or equivalent).",3.0,3.0,2021 - 2022 Academic Year,D
ECE 4902,ECE,Electrical & Computer Engineering,4902,Analog Integrated Circuit Design,"Cat. II This course introduces students to the design and analysis of analog integrated circuits such as operational amplifiers, phase-locked loops, and analog multipliers. Topics: integrated circuit building blocks: current mirrors and sources, differential amplifiers, voltage references and multipliers, output circuits. Computer-aided simulation of circuits. Layout of integrated circuits. Design and analysis of such circuits as operational amplifiers, phase-locked loops, FM detectors, and analog multipliers. Laboratory exercises. Recommended background: familiarity with the analysis of linear circuits and with the theory of bipolar and MOSFET transistors. Such skills are typically acquired in ECE 3204. Suggested background: ECE 4904. This course will be offered in 2019-20, and in alternating years thereafter",3.0,3.0,2021 - 2022 Academic Year,B
ECE 502,ECE,Electrical & Computer Engineering,502,Analysis Of Probabilistic Signals And Systems,"Applications of probability theory and its engineering applications. Random variables, distribution and density functions. Functions of random variables, moments and characteristic functions. Sequences of random variables, stochastic convergence and the central limit theorem. Concept of a stochastic process, stationary processes and ergodicity. Correlation functions, spectral analysis and their application to linear systems. Mean square estimation. Prerequisite: Undergraduate course in signals and systems.",3.0,3.0,2021 - 2022 Academic Year,"A,B"
ECE 503,ECE,Electrical & Computer Engineering,503,Digital Signal Processing,"Discrete-time signals and systems, frequency analysis, sampling of continuous time signals, the z-transform, implementation of discrete time systems, the discrete Fourier transform, fast Fourier transform algorithms, filter design techniques. Prerequisites: Courses in complex variables, basic signals and systems.",3.0,3.0,2021 - 2022 Academic Year,"C,D"
ECE 504,ECE,Electrical & Computer Engineering,504,Analysis Of Deterministic Signals And Systems,"Review of Fourier series and linear algebra. Fourier transforms, Laplace transforms, Z transforms and their interrelationship. State space modeling of continuous-time and discrete-time systems. Canonical forms, solution of state equations, controllability, observability and stability of linear systems. Pole placement via state feedback, observer design, Lyapunov stability analysis. Prerequisite: Undergraduate course in signals and systems.",3.0,3.0,2021 - 2022 Academic Year,"A,B"
ECE 505,ECE,Electrical & Computer Engineering,505,Computer Architecture,"This course introduces the fundamentals of computer system architecture and organization. Topics include CPU structure and function, addressing modes, instruction formats, memory system organization, memory mapping and hierarchies, concepts of cache and virtual memories, storage systems, standard local buses, high-performance I/O, computer communication, basic principles of operating systems, multiprogramming, multiprocessing, pipelining and memory management. The architecture principles underlying RISC and CISC processors are presented in detail. The course also includes a number of design projects, including simulating a target machine, architecture using a high-level language (HLL). Prerequisites: Undergraduate course in logic circuits and microprocessor system design, as well as proficiency in assembly language and a structured high-level language such as C or Pascal.",3.0,3.0,2021 - 2022 Academic Year,"A,B"
ECE 506,ECE,Electrical & Computer Engineering,506,Introduction To Local And Wide Area Networks,"This course provides an introduction to the theory and practice of the design of computer communications networks according to IEEE 802 standard model for lower layers and IETF standard for TCP/IP higher layers. Analysis of network topologies and protocols, including performance analysis, is treated. Current network types including local area and wide area networks are introduced, as are evolving network technologies. The theory, design and performance of local area networks are emphasized. The course includes application of queueing analysis to performance analysis of medium access control (MAC) and application of communication theory in design of physical layer (PHY). Prerequisites: familiarity to MATLAB programming is assumed. Background in undergraduate level courses in networking, probability, statistic, and signal processing.",3.0,3.0,2021 - 2022 Academic Year,"A,B"
ECE 5105,ECE,Electrical & Computer Engineering,5105,Introduction To Antenna Design,"This course is intended for graduate and seniorlevel undergraduate students. The course provides an introduction to major antennas and antenna types for wireless communications. Basic antenna characteristics are studied. Both narrowband and broadband antennas as well as antenna arrays are considered. One emphasis is made on learning antenna modeling software, ANSYS HFSS and Antenna Toolbox of MATLAB. Another emphasis is made on the basic measurement hardware. The course structure is directed toward understanding antenna operations and basic antenna design, and enables students with a broad background to take this course. Course topics in particular include: transmitter-receiver antenna circuit models, antenna radiation and radiation parameters, dipole antenna family, patch antenna family, loop antenna family, reflector antennas, small antennas, antenna matching and tuning, antenna arrays, on-body and in-body antennas, antenna measurements and modeling. Prerequisites: undergraduate analog electronics, college MATLAB, and basic introductory knowledge of electromagnetic theory - ECE 2019 and ECE 3113.",3.0,3.0,2021 - 2022 Academic Year,"C,D"
ECE 514,ECE,Electrical & Computer Engineering,514,Fundamentals Of Rf And Mw Engineering,"This introductory course develops a comprehensive understanding of Maxwell’s field theory as applied to high-frequency radiation, propagation and circuit phenomena. Topics include radiofrequency (RF) and microwave (MW) propagation modes, transmission line aspects, Smith Chart, scattering parameter analysis, microwave filters, matching networks, power flow relations, unilateral and bilateral amplifier designs, stability analysis, oscillators circuits, mixers and microwave antennas for wireless communication systems. Prerequisites: ECE 504 or equivalent, undergraduate course in electromagnetic field analysis.",3.0,3.0,2021 - 2022 Academic Year,"A,B"
ECE 5204,ECE,Electrical & Computer Engineering,5204,Analog Circuits And Intuition,"The ability to see the simplicity in a complex design problem is a skill that is not usually taught in engineering classes. Some engineers, when faced with design problems, immediately fill up pages and pages of calculations, or do complex circuit simulations or finite-element analyses. One problem with this approach is that if you get an answer, you do not know if it is correct unless you have an intuitive “feel” for what the answer should be. The application of some simple rules of thumb and design techniques is a possible first step to developing intuition into the behavior of complex electrical systems. This course outlines some ways of thinking about analog circuits and systems that are intended will help to develop intuition and guide design. The lectures are a mixture of instructional sessions covering new background material, and design case studies. Prerequisites: Undergraduate background in device physics, microelectronics, control systems, electromagnetism.",3.0,3.0,2021 - 2022 Academic Year,"C,D"
ECE 523,ECE,Electrical & Computer Engineering,523,Power Electronics,"The application of electronics to energy conversion and control. Electrical and thermal characteristics of power semiconductor devices— diodes, bipolar transistors and thyristors. Magnetic components. State-space averaging and sampleddata models. Emphasis is placed on circuit techniques. Application examples include dc-dc conversion, controlled rectifiers, high-frequency inverters, resonant converters and excitation of electric machines. Prerequisites: ECE 3204 and undergraduate courses in modern signal theory and control theory; ECE 504 is recommended.",3.0,3.0,2021 - 2022 Academic Year,"A,B"
ECE 524,ECE,Electrical & Computer Engineering,524,Advanced Analog Integrated Circuit Design,"This course is an advanced introduction to the design of analog and mixed analog-digital integrated circuits for communication and instrumentation applications. An overview of bipolar and CMOS fabrication processes shows the differences between discrete and integrated circuit design. The bipolar and MOS transistors are reviewed with basic device physics and the development of circuit models in various operating regions. The use of SPICE simulation in the design process will be covered. Integrated amplifier circuits are developed with an emphasis on understanding performance advantages and limitation in such areas as speed, noise and power dissipation. Simple circuits are combined to form the basic functional building blocks such as the op-amp, comparator, voltage reference, etc. These circuit principles will be explored in an IC design project, which may be fabricated in a commercial analog process. Examples of possible topics include sample-and-hold (S/H) amplifier, analogto-digital (A/D) and digital-to-analog (D/A) converters, phase-locked loop (PLL), voltagecontrolled oscillator, phase detector, switched capacitor and continuous-time filters, and sampled current techniques. Prerequisite: Background in analog circuits both at the transistor and functional block [op-amp, comparator, etc.] level. Also familiarity with techniques such as small-signal modeling and analysis in the s-plane using Laplace transforms. Undergraduate course equivalent background ECE 3204; ECE 4902 helpful but not essential.",3.0,3.0,2021 - 2022 Academic Year,"C,D"
ECE 5311,ECE,Electrical & Computer Engineering,5311,Information Theory And Coding,"This course introduces the fundamentals of information theory and discusses applications in compression and transmission of data. Measures of information, including entropy, and their properties are derived. The limits of lossless data compression are derived and practical coding schemes approaching the theoretical limits are presented. Lossy data compression tradeoffs are discussed in terms of the rate-distortion framework. The concept of reliable communication through noisy channels (channel capacity) is developed. Techniques for practical channel coding, including block and convolutional codes, are also covered. Prerequisite: background in probability and random processes such as in ECE502 or equivalent.",3.0,3.0,2021 - 2022 Academic Year,"C,D"
ECE 5312,ECE,Electrical & Computer Engineering,5312,Modern Digital Communications,"This course introduces a rigorous analytical treatment of modern digital communication systems, including digital modulation, demodulation, and optimal receiver design. Error performance analysis of these communication systems when operating over either noisy or band-limited channels will be conducted. Advanced topics to be covered include a subset of the following: MIMO, fading channels, multiuser communications, spread spectrum systems, and/or multicarrier transmission. Prerequisites: An understanding of probability and random processes theory (ECE 502 or equivalent); an understanding of various analog and digital (de)modulation techniques (ECE 3311 or equivalent); familiarity with MATLAB programming.",3.0,3.0,2021 - 2022 Academic Year,"C,D"
ECE 537,ECE,Electrical & Computer Engineering,537,Advanced Computer And Communications Networks,"This course covers advanced topics in the theory, design and performance of computer and communications networks. Topics will be selected from such areas as local area networks, metropolitan area networks, wide area networks, queueing models of networks, routing, flow control, new technologies and protocol standards. The current literature will be used to study new networks concepts and emerging technologies. (Prerequisite: CS 533/ECE 581 and either CS 513 or ECE 506)",3.0,3.0,2021 - 2022 Academic Year,"A,B"
ECE 538,ECE,Electrical & Computer Engineering,538,Wireless Information Networks,"A preview of evolution of wireless information networking standards and technologies for personal, local and six generations of cellular networks, and the distinct role of Wi-Fi in this evolution. Radio Frequency (RF) cloud from wireless devices and embedded big data in them. Models for the behavior of features of RF signals from wireless devices: the Received Signal Strength (RSS), Time-of- Arrival (TOA), Direction of Arrival (DOA), Channel Impulse Response (CIR), and Channel State Information (CSI). Application of models for features of RF signal for design and performance evaluation of mainstream wireless communication technologies: Spread Spectrum, Orthogonal Frequency Division Multiplexing (OFDM), Multiple-Input-Multiple-Output (MIMO) antenna systems, Ultra-Wideband (UWB) and millimeter wave (mmWave) technologies. RSS and TOA features of RF fingerprints of wireless devices for opportunistic positioning and tracking using Wi-Fi and cellular signals. Application of Artificial Intelligent (AI) algorithms and RSS, CIR, and CSI fingerprints of wireless devices to motion and gesture detection, as well as authentication and security. The course is complemented with practical MATLAB oriented assignments, and multi-media supplements. Students will prepare a term paper throughout the course on a topic negotiated with the instructor.",3.0,3.0,2021 - 2022 Academic Year,"C,D"
ECE 545,ECE,Electrical & Computer Engineering,545,Digital Image Processing,"This course presents fundamental concepts of digital image processing and an introduction to machine vision. Image processing topics will include visual perception, image formation, imaging geometries, image transform theory and applications, enhancement, restoration, encoding and compression. Machine vision topics will include feature extraction and representation, stereo vision, model-based recognition, motion and image flow, and pattern recognition. Students will be required to complete programming assignments in a high-level language. (Prerequisites: working knowledge of undergraduate level signal analysis and linear algebra; familiarity with probability theory is helpful but not necessary.)",3.0,3.0,2021 - 2022 Academic Year,"C,D"
ECE 5500,ECE,Electrical & Computer Engineering,5500,Power System Analysis,"This graduate level course examines the principles of Power System Analysis. It will begin with a review of AC circuit analysis. The course will then cover the topics of transmission line parameter calculation, symmetrical component analysis, transformer and load modeling, symmetrical and unsymmetrical fault analysis, power flow, and power systems stability. Prerequisites: Knowledge of circuit analysis, basic calculus and differential equations, elementary matrix analysis and basic computer programming.",3.0,3.0,2021 - 2022 Academic Year,"A,B,C,D"
ECE 5511,ECE,Electrical & Computer Engineering,5511,Transients In Power Systems,"This graduate level course introduces the student to the effects of electromagnetic transients in distribution systems. Topics include transient analysis, lightning and switching surges, mechanisms of transient generation, insulation coordination, grounding, surge protection devices, and shielding. Prerequisite: ECE 5500 Power System Analysis.",3.0,3.0,2021 - 2022 Academic Year,"C,D"
ECE 5512,ECE,Electrical & Computer Engineering,5512,Electromechanical Energy Conversion,"This graduate level course will further explore alternating current circuits, three phase circuits, basics of electromagnetic field theory, magnetic circuits, inductance, and electromechanical energy conversion. Topics also include ideal transformer, iron-core transformer, voltage regulation, efficiency equivalent circuit, and three phase transformers. Induction machine construction, equivalent circuit, torque speed characteristics, and single phase motors, synchronous machine construction, equivalent circuit, power relationships phasor diagrams, and synchronous motors will be covered. Direct current machine construction, types, efficiency, power flow diagram, and external characteristics will be discussed",3.0,3.0,2021 - 2022 Academic Year,"A,B"
ECE 5520,ECE,Electrical & Computer Engineering,5520,Power System Protection And Control,"This graduate level course seeks to provide an understanding of how interconnected power systems and their components are protected from abnormal events such as faults (short circuits), over-voltages, off-nominal frequency and unbalanced phase conditions. This subject is presented from a theoretical viewpoint, however, many practical examples and applications are included that emphasize the limitations of existing protective equipment. Course content is not specific to any particular manufacturer’s equipment. The course begins with a brief review of power system operation, three-phase system calculations and the representation (modeling) of power system elements. The modeling of current transformers under steady-state and transient conditions is presented with emphasis on the impact on protective devices. A unit on system grounding and its impact on protective device operation are included. Course emphasis then shifts to protective devices and their principles of operation. Both electromechanical and numeric relay designs are covered. The final course segments cover specific applications such as pilot protection of transmission lines, generator protection and transformer protection. Prerequisite: ECE 5500 Power System Analysis.",3.0,3.0,2021 - 2022 Academic Year,"C,D"
ECE 5521,ECE,Electrical & Computer Engineering,5521,Protective Relaying,"This graduate level course is the first of a two course sequence that covers both the principles and practices of power system protective relaying. The course seeks to provide an understanding of how interconnected power systems and their components are protected from abnormal events such as faults (short circuits), over-voltages, off-nominal frequency and unbalanced phase conditions. This subject is presented from a theoretical viewpoint, however, many practical examples are included that emphasize the limitations of existing protective equipment. Course content is not specific to any particular manufacturer’s equipment. The course begins with a brief review of the nature of power system operation, power system faults and other abnormal conditions. The nature and objectives of protective relaying are covered next with emphasis on how the power system can be monitored to detect abnormal conditions. The computational tools needed to analyze system operation and apply protective relaying are covered next, including the per-unit system, phasors and symmetrical components. The modeling of current transformers under steady-state and transient conditions is presented with emphasis on the impact on protective devices. A unit on system grounding and its impact on protective device operation is included. Course emphasis then shifts to protective devices and their principles of operation. Both electromechanical and numeric relay designs are covered. Prerequisite: ECE 5500 Power System Analysis or equivalent background experience is suggested. Familiarity with phasors, derivatives, transfer functions, poles and zeros, block diagram and the notion of feedback with basic understanding power system analysis or similar background is recommended. Note: Credit cannot be awarded for this course if credit has already been received for ECE 5520 Power System Protection and Control.",3.0,3.0,2021 - 2022 Academic Year,"A,B"
ECE 5522,ECE,Electrical & Computer Engineering,5522,Advanced Applications In Protective Relaying,"This graduate level course covers advanced topics in the principles and practices of power system protective relaying. The course seeks to provide an understanding of how protective relays are applied to protect power system components. While the subject is presented from a theoretical viewpoint, many practical examples are included. Examples specific to both new installations and existing, older facilities will be included. Course content is not specific to any particular manufacturer’s equipment. The course begins with applications of protective devices to generators. This will include distributed generation as well as wind-turbine and inverter-connected sources. Transformer protection is covered next, including application procedures for older, electromechanical relays as well as modern numeric relay designs. A unit on bus protection is covered next, including all typical high-speed and time backup bus protection schemes. Transmission line and distribution feeder protection is covered in detail including both conventional and communications-assisted schemes. The course ends with a unit on other protection applications such as under frequency load shedding, reclosing and out-of-step relaying. Prerequisite: ECE 5521 Protective Relaying. Note: Credit cannot be awarded for this course if credit has already been received for ECE 5520 Power System Protection and Control.",3.0,3.0,2021 - 2022 Academic Year,"C,D"
ECE 5523,ECE,Electrical & Computer Engineering,5523,Power System Dynamics,"This graduate level course is concerned with modeling, analyzing and mitigating power system stability and control problems. The course seeks to provide an understanding of the electromechanical dynamics of the interconnected electric power grid. This subject is presented from a theoretical viewpoint; however, many practical examples are included. The course begins with a description of the physics of the power system, frequency regulation during “steady-state” operation, dynamic characteristics of modern power systems, a review of feedback control systems, power system frequency regulation, and a review of protective relaying. This is followed by material on synchronous machine theory and modeling. Simulation of power system dynamic response, small signal stability, transient stability analysis using SIMULINK and effects of non-traditional power sources on systems dynamics will also be covered. Power system stabilizers, load modeling and under frequency load shedding are covered in the final lectures. Prerequisite: ECE 5500 Power System Analysis and ECE 5511 Transients in Power Systems or equivalent background experience is suggested. Familiarity with the basics of Laplace Transforms, derivatives, transfer functions, poles and zeros, block diagram and the notion of feedback with basic understanding power system analysis topics recommended.",3.0,3.0,2021 - 2022 Academic Year,"A,B"
ECE 5530,ECE,Electrical & Computer Engineering,5530,Power Distribution,"This graduate level course introduces the fundamentals of power distribution systems, apparatus, and practices suited to new and experienced utility distribution engineers. Topics include distribution system designs, transformers and connections, practical aspects of apparatus and protection, principles of device coordination, grounding, voltage control, and power quality. Prerequisites: Prior courses in magnetism and three-phase circuits. An electric machines course would be recommended.",3.0,3.0,2021 - 2022 Academic Year,
ECE 5531,ECE,Electrical & Computer Engineering,5531,Power System Operation And Planning,"This graduate-level course deals with modern operation, control and planning for power systems. Topics include: Characteristics of generating units; Economic Dispatch; Unit Commitment; Effects of the transmission system on power delivery; Optimal Power Flow and Location Marginal Pricing; Power System Security; State Estimation for Power Systems; Power System Reliability Evaluation. Software tools such as MATLAB and power system simulator software will be used both in the classroom and in some homework assignments",3.0,3.0,2021 - 2022 Academic Year,"C,D"
ECE 5532,ECE,Electrical & Computer Engineering,5532,Distributed And Renewable Power Generation,"This course introduces the characteristics and challenges of interconnecting increasing numbers of Distributed Energy Resources (DERs) to the Electric Power System (EPS). Topics include: challenges to distribution and transmission system protection; local voltage control; ride through; optimal interconnection transformer configurations; and practical engineering approaches to maintain system reliability and protection. The current and evolving interconnection standard (IEEE 1547) is included. Prerequisites: Since the course material builds on power system analysis capabilities, including system protection and controls, ECE 5500 Power System Analysis and either ECE 5520 Power System Protection & Control or ECE 5521 Protective Relaying are required. Also, it is recommended that students take this course after completing ECE 5530 Power Distribution.",3.0,3.0,2021 - 2022 Academic Year,
ECE 5540,ECE,Electrical & Computer Engineering,5540,Power Transmission,"This graduate level course focuses on the theory and current professional practice in problems of electric power transmission. It begins with a review of the theory of AC electric power transmission networks and addresses a range of challenges related to reactive power and voltage control as well as steady-state and transients stability. Students will learn in detail the principles of traditional reactive power compensation (shunt reactors and capacitors); series compensation and modern static reactive compensation like SVC, STATCOM and other Flexible AC Transmission Systems (FACTS) devices. The effects of each of these types of compensation on static and dynamic voltage control, reactive power requirement and steady-state and transient stability problems are covered from theoretical as well as practical aspects. Particular attention is given to the mathematical models and principles of operation of many types of compensation systems. Basic principles of operation and control of High-Voltage DC (HVDC) systems and their impact on steady-state and dynamics of power system will be covered as well. Prerequisite: ECE 5500 Power System Analysis.",3.0,3.0,2021 - 2022 Academic Year,"C,D"
ECE 5720,ECE,Electrical & Computer Engineering,5720,Modeling And Synthesis Of Digital Systems Using Verilog,"Automatic design, synthesis, verification, and modeling of complex digital systems with Verilog are the main course objectives. Verilog for modeling existing circuits, as well as Verilog for design and automatic synthesis is discussed. Using Verilog for a design that consists of a hierarchy of components that include controllers, sequential and combinational parts is focused. Design description from transistor level to software interface will be discussed. Students will learn details of hardware of processor architectures and their peripherals. The course discusses module delay adjustments using Verilog path delay and distributed delay mechanisms. Testbench development and assertion verifications will be discussed. Students will learn to simulate verify, synthesize, and program their designs on an Altera development board using advanced Altera FPGAs. Prerequisite: Undergraduate knowledge of basic logic design concepts. ECE 574 may be substituted for ECE 5720. Students may not receive credit for both ECE 574 and ECE 5720. For students not having the necessary background, online videos will be made available to cover the prerequisites.",3.0,3.0,2021 - 2022 Academic Year,"C,D"
ECE 5722,ECE,Electrical & Computer Engineering,5722,Embedded Core Architectures And Core-Based Design,"This course introduces the concept of design with embedded components. Embedded processors, IP cores, and bus structures are discussed here. Embedded processor architectures, architectures for arithmetic processors, I/O interfacing modules, memory interfacing, and architectures related to busses and switch fabrics for putting a complete embedded system are discussed here. Topics include RT level design, arithmetic processors, ISA, CPU structure and function, addressing modes, instruction formats, memory system organization, memory mapping and hierarchies, concepts of cache, standard local buses, IO devices, pipelining, memory management, embedded processors, embedded environments, bus and switch fabrics, and embedded system implementation. An example embedded design environment including its configurable cores and processors and its bus structure will be presented in details. The course also includes a number of design projects, including design and simulation of an embedded processor, design of an arithmetic core, and design of a complete embedded system. Prerequisite: Familiarity with C programming, Undergraduate knowledge of basic logic design concepts, familiarity with a hardware description language. Note: For students not having the necessary background, online videos will be made available to cover the prerequisites.",3.0,3.0,2021 - 2022 Academic Year,"A,B"
ECE 5723,ECE,Electrical & Computer Engineering,5723,Methodologies For System Level Design And Modeling,"This course discusses principles, methodologies and tools used for a modern hardware design process. Design flows and hardware languages needed for each stage of the design process are discussed. The use of transaction level modeling (TLM) for dealing with today’s complex designs is emphasized. The course starts with a discussion of the evolution of hardware design methodologies, and then discusses the use of C++ for an algorithmic description of hardware. SystemC and its TLM derivative and the role of SystemC in high-level design will be discussed. In addition, RT level interfaces and the use of SystemC for this level of design will be covered. Timed, untimed, and approximately timed TLM models and modeling schemes will be presented. Use of TLM for fast design simulation, design space exploration, and high-level synthesis will be discussed. TLM testing methods and testing of TLM based NoCs will be discussed. The course starts with a complete design project and exercises various parts of this design as methodologies, concepts, and languages are discussed. Specific topics covered are as follows: Levels of abstraction C++ for digital design SystemC RT level and above TLM methodology TLM timing aspects TLM channels TLM channels Mixed level design NoC TLM modeling System testing",3.0,3.0,2021 - 2022 Academic Year,"A,B"
ECE 5724,ECE,Electrical & Computer Engineering,5724,Digital Systems Testing And Testable Design,"This course discusses faults and fault modeling, test equipment, test generation for combinational and sequential circuits, fault simulation, memory testing, design for testability, built-in self-test techniques, boundary scan, IEEE 1149.1, and board and SoC test standards. Various fault simulation and ATPG methods including concurrent fault simulation, D-algorithm, and PODEM are discussed. Controllability and observability methods such as SCOAP for testability analysis are discussed. Various full-scan and partial scan methods are described and modeled in Verilog and tested with Verilog testbenches. BIST architectures for processor testing, memory testing and general RT level hardware testing are described, modeled in Verilog and simulated and evaluated for fault coverage. The course uses Verilog testbenches for simulating golden models, developing and evaluating test sets, and for mimicking testers. Recommended prerequisites: Understanding digital systems and design of combinational and sequential circuits, Understanding a hardware description language (VHDL or Verilog) and the use of these languages for simulation and synthesis.",3.0,3.0,2021 - 2022 Academic Year,"C,D"
ECE 578,ECE,Electrical & Computer Engineering,578,Cryptography And Data Security,"This course gives a comprehensive introduction to the field of cryptography and data security. The course begins with the introduction of the concepts of data security, where classical algorithms serve as an example. Different attacks on cryptographic systems are classified. Some pseudo-random generators are introduced. The concepts of public and private key cryptography are developed. As important representatives for secret key schemes, DES and IDEA are described. The public key schemes RSA and ElGamal, and systems based on elliptic curves are then developed. Signature algorithms, hash functions, key distribution and identification schemes are treated as advanced topics. Some advanced mathematical algorithms for attacking cryptographic schemes are discussed. Application examples will include a protocol for security in a LAN and a secure smart card system for electronic banking. Special consideration will be given to schemes which are relevant for network environments. For all schemes, implementation aspects and up-to-date security estimations will be discussed. (Prerequisites: Working knowledge of C; an interest in discrete mathematics and algorithms is highly desirable. Students interested in a further study of the underlying mathematics may register for MA 4891 [B term], where topics in modern algebra relevant to cryptography will be treated.)",3.0,3.0,2021 - 2022 Academic Year,"A,B"
ECE 579,ECE,Electrical & Computer Engineering,579,Selected Topics In Computer Engineering,"Courses in this group are devoted to the study of advanced topics in computer engineering such as real-time intelligent systems, VLSI design and high-level languages.",3.0,3.0,2021 - 2022 Academic Year,"A,B,C,D"
ECE 596,ECE,Electrical & Computer Engineering,596,Graduate Seminars,"The presentations in the graduate seminar series will be of tutorial nature and will be presented by recognized experts in various fields of electrical and computer engineering. All full-time graduate students will be required to take both seminar courses, ECE 596A and ECE 596B, once during their graduate studies in the Electrical and Computer Engineering Department. The course will be given Pass/Fail. (Prerequisite: Graduate standing.)",0.0,0.0,2021 - 2022 Academic Year,"A,B,C,D"
ECE 673,ECE,Electrical & Computer Engineering,673,Advanced Cryptography,"This course provides deeper insight into areas of cryptography which are of great practical and theoretical importance. The three areas treated are detailed analysis and the implementation of cryptoalgorithms, advanced protocols, and modern attacks against cryptographic schemes. The first part of the lecture focuses on public key algorithms, in particular ElGamal, elliptic curves and Diffie-Hellman key exchange. The underlying theory of Galois fields will be introduced. Implementation of performance security aspects of the algorithms will be looked at. The second part of the course deals with advanced protocols. New schemes for authentication, identification and zero-knowledge proof will be introduced. Some complex protocols for real-world application— such as key distribution in networks and for smart cards—will be introduced and analyzed. The third part will look into state-of-the-art cryptoanalysis (i.e., ways to break cryptosystems). Brute force attacks based on special purpose machines, the baby-step giantstep and the Pohlig-Hellman algorithms will be discussed. (Prerequisites: ECE 578/ CS 578 or equivalent background.)",3.0,3.0,2021 - 2022 Academic Year,"C,D"
ECON 1110,ECON,Economics,1110,Introductory Microeconomics,"Cat. I The course focuses upon the implications of reliance upon markets for the allocation of resources in a society, at the household, firm, and community level. Outcomes of current market systems are examined in terms of the efficient use of natural and other economic resources, as well as their impact upon the environment, fairness, and social welfare. of special interest in these analyses is the role of prices in the determination of what commodities are produced, their means of production, and distribution among households. In cases where current market outcomes have features subject to widespread criticism, such as the presence of excessive pollution, risk, discrimination, and poverty, the analysis is extended to suggest economic solutions. There are no prerequisites for the course.",3.0,3.0,2021 - 2022 Academic Year,"A,D"
ECON 1120,ECON,Economics,1120,Introductory Macroeconomics,"Cat. I This course is designed to acquaint students with the ways in which macroeconomic variables such as national income, employment and the general level of prices are determined in an economic system. It also includes a study of how the techniques of monetary policy and fiscal policy attempt to achieve stability in the general price level and growth in national income and employment. The problems of achieving these national goals (simultaneously) are also analyzed. The course stresses economic issues in public policy and international trade.",3.0,3.0,2021 - 2022 Academic Year,"B,C"
ECON 2110,ECON,Economics,2110,Intermediate Microeconomics,"Cat. II The topics addressed in this course are similar to those covered in ECON 1110 (Introductory Microeconomics) but the treatment proceeds in a more rigorous and theoretical fashion to provide a firm platform for students majoring in Economics or Business, or those having a strong interest in economics. Mathematics at a level comparable to that taught in MA 1021-MA 1024 is frequently applied to lend precision to the analysis. The course rigorously develops the microeconomic foundations of the theory of the firm, the theory of the consumer, the theory of markets, and the conditions required for efficiency in economic systems. Recommended background: ECON 1110. This course will be offered in 2019-20, and in alternating years thereafter.",3.0,3.0,2021 - 2022 Academic Year,C
ECON 2117,ECON,Economics,2117,Environmental Economics,"Cat. II This course investigates the effect of human activity upon the environment as well as the effect of the environment on human well beingwell-being. It pays special attention to the impact of production and consumption of material goods upon the quantity and quality of environmental goods. The analysis focuses on the challenges presented in mixed economics where markets are combined with government intervention to manage pollution and scarcity. The course reviews efforts to measure the costs and benefits of improving environmental conditions and evaluates current and potential policies in terms of the costs of the environmental improvements they may yield. Attention is also paid to the special difficulties which arise when the impacts of pollution spill across traditional political boundaries. Recommended background: ECON 1110. This course will be offered in 2020-21, and in alternating years thereafter.",3.0,3.0,2021 - 2022 Academic Year,A
ECON 2120,ECON,Economics,2120,Intermediate Macroeconomics,"Cat. II This course is an advanced treatment of macroeconomic theory well suited for students majoring in Economics or Business, or others with a strong interest in economics. The topics addressed in ECON 2120 are similar to those covered in ECON 1120, however the presentation of the material will proceed in a more rigorous and theoretical fashion. Recommended background: ECON 1110. This course will be offered in 2020-21, and in alternating years thereafter.",3.0,3.0,2021 - 2022 Academic Year,C
ECON 2126,ECON,Economics,2126,Public Economics,"Cat. II This course examines the economics of government expenditure and taxation. On the expenditure side, the course will review why governments often choose to be involved in the provision of healthcare, education, national defense, a clean environment, and infrastructure such as roads and bridges. It will also delve into the rationale behind programs such as social security. Regarding taxation, the course will cover income, consumption, and corporate taxes, including the use of corrective taxes to address market failures due to externalities. Within each topic, the relevant economic theories will be presented, and then students will practice applying the theories to real-world examples. As such, there will be plenty of opportunity to discuss policy implications and debate proposed policy changes. Recommended background: Some introductory economics, such as Introductory Micro- or Macroeconomics (ECON 1110 or ECON 1120; or equivalent). Students who completed ECON 212X: Public Economics cannot receive credit for ECON 2126: Public Economics.",3.0,3.0,2021 - 2022 Academic Year,D
ECON 2130,ECON,Economics,2130,Econometric Modeling,"Cat. II Econometrics helps governments and businesses make more informed economic decisions. This course introduces the application of statistics and economic theory to formulating, estimating, and testing models about relationships among key variables. Topics include basic data analysis, regression analysis (including estimation, inference, assumptions, violations of assumptions, corrections for violations, dummy variables), and forecasting. Students will have the opportunity to use real world socioeconomic data to test and interpret economic theories using econometric software. Successful students should also be able to formulate, estimate, and interpret their own testable relationships in other projects or fields of study. Recommended Background: Some previous exposure to Economics, such as ECON 1110 and/or ECON 1120. Students may not get credit both for ECON 1130 and ECON 2130",3.0,3.0,2021 - 2022 Academic Year,D
ECON 2155,ECON,Economics,2155,Experimental Economics,"Cat. II Experimental economics is a set of methods for testing hypotheses about behavior. Traditional economic analysis using naturally occurring data is often confounded by the complexities of the real world. Economic experiments, on the other hand, give researchers the control required for isolating behaviors of interest. As such, economic experiments can be useful tools for testing existing theories and establishing empirical regularities assisting in the development of new theories. In this course, we cover the basic principles of experimental design. We also study a number of classic experiments, on topics ranging from the efficiency of markets to decision-making under uncertainty and behavioral game theory. Students will participate in mock experiments and will begin putting their new skills into practice by designing their own experiments, which may serve as the basis for IQPs/MQPs. If time permits, we will discuss some of the basic methods for analyzing experimental data, which presents challenges somewhat different from naturally occurring data due to small sample sizes. Recommended Background: ECON 1110 This course will be offered in 2019-20, and in alternating years thereafter.",3.0,3.0,2021 - 2022 Academic Year,B
ECON 2910,ECON,Economics,2910,Economics And Entrepreneurship,"Cat. I This course is designed to provide an introduction to economics, an introduction to entrepreneurship, and an understanding of the linkages between economics and entrepreneurship. Students will apply these concepts to the assessment of opportunities that might arise from participation in WPI projects. Students will engage in exploring how economics and entrepreneurship can inform opportunity assessment within an ambiguous and uncertain context. These decisions are always made with incomplete information and there is typically no single correct answer but rather multiple possible answers -- each with pluses and minuses. Recommended background: None",3.0,3.0,2021 - 2022 Academic Year,B
EN 1219,EN,English,1219,Introduction to Creative Writing,"Cat. I In this introductory course, students will learn about the craft of writing poetry, creative nonfiction, and fiction. They will study contemporary published poems, essays, and stories written by international masters and use these texts as inspiration for their own creative work across genres. They will also read and respond to the work of their peers. Through an equally balanced studio/research approach, this course will develop students’ skills as literary critics and creative writers. Students may not receive credit for both EN1219 and EN121X. Recommended Background: None",3.0,3.0,2021 - 2022 Academic Year,C
EN 121X,EN,English,121X,Intro To Creative Writing,"In this introductory course, students will learn about the craft of writing poetry, creative nonfiction, and fiction. They will study contemporary published poems, essays, and stories written by international masters and use these texts as inspiration for their own creative work across genres. They will also read and respond to the work of their peers. Through an equally balanced studio/research approach, this course will develop students",3.0,3.0,2021 - 2022 Academic Year,"A,B"
EN 1222,EN,English,1222,Shakespeare In The Age Of Elizabeth,"Cat. I This course is an introduction to Shakespeare, his theatre, and some important concepts of his world. Students will have the opportunity to sample representative Shakespearean tragedies, comedies, and histories. In addition to class discussions and scene work, students will be able to enhance their readings by analyzing video recordings of the plays.",3.0,3.0,2021 - 2022 Academic Year,A
EN 1242,EN,English,1242,Introduction To English Poetry,"Cat. I This course surveys the poems of our language. From the Anglo-Saxon poems to the popular verse of Tennyson, the songs and the poets are legion: Chaucer, Raleigh, Spenser, Marlowe, Shakespeare, Jonson, Donne, Herrick, Milton, Blake, Wordsworth, Coleridge, Byron, Keats, Tennyson, Browning, and Hopkins. The England that nourished these writers will be viewed through their ballads, lyrics, sonnets, epigrams, and epics. “Not marble nor the gilded monuments of princes shall outlive this powerful rhyme.""",3.0,3.0,2021 - 2022 Academic Year,A
EN 1251,EN,English,1251,Introduction To Literature,"Cat. I This course introduces the student to a variety of critical perspectives necessary to an understanding and appreciation of the major forms, or genres, of literary expression (e.g., novel, short story, poetry, drama, and essay). Writing and class discussion will be integral parts of this course.",3.0,3.0,2021 - 2022 Academic Year,"A,B,C,D"
EN 2219,EN,English,2219,Creative Writing,"Cat. I This foundational course in creative writing aims to help students develop or improve the skills of written expression, emphasizing presentation and discussion of original work. Offerings may include generally themed courses covering multiple genres of interest or more specialized workshops in single genres of focus such as fiction, poetry, playwriting, nonfiction, memoir, or short prose forms.",3.0,3.0,2021 - 2022 Academic Year,"A,B,C,D"
EN 2221,EN,English,2221,American Drama,"Cat. I An investigation into the development of American drama from its beginnings to the present. The history of the emergence of the legitimate theatre in this country will be followed by reading important plays, including the works of O’Neill, Williams, Mamet, Norman, Henley, and others. Discussion of the growth of regional theatres and their importance to the continuation of theatre as a serious and non-profit art form will be included in the course. The student will investigate the importance of theatre practice in the evolution of the dramatic literature of the country.",3.0,3.0,2021 - 2022 Academic Year,B
EN 2225,EN,English,2225,The Literature Of Sin,"Cat. II This course begins with selections from John Milton’s provocative version of Adam and Eve’s original sin in Paradise Lost. Focusing on Milton, John Donne and others, we will examine the theme of sin—political, religious, and sexual— in early modern literature. The events of the English Reformation profoundly influenced these writers, and their personal struggles against societal institutions have greatly influenced subsequent literary expressions of rage and rebellion. Students will also be reading texts by contemporary writers such as David Mamet which address the theme of sin in the modern city. This course will be offered in 2020-21, and in alternating years thereafter.",3.0,3.0,2021 - 2022 Academic Year,B
EN 2234,EN,English,2234,Modern American Novel,"Cat. II Selected works of fiction which appeared after World War I will be the focus of this course. Ernest Hemingway, William Faulkner, or other authors of the early modern period will be studied, but significant attention will also be given to contemporary novelists, such as Thomas Pynchon, Philip K. Dick, and Toni Morrison. The cultural context and philosophical assumptions of the novels will be studied as well as their form and technique. This course will be offered in 2019-20, and in alternating years thereafter",3.0,3.0,2021 - 2022 Academic Year,D
EN 2242,EN,English,2242,Popular Fiction: Reading In Installments,"Cat. I Students in this course will have the opportunity to read two major masterpieces of English fiction the way they should be read: slowly, carefully, and with relish. Victorian novels are long and the term is short, but by reading novels in the way in which they were read by their original readers—serially—we can experience masterworks by Charles Dickens and George Eliot at comparative leisure, examining one serial installment per class session.",3.0,3.0,2021 - 2022 Academic Year,B
EN 2244,EN,English,2244,19th Century English Literature,"Cat. II Participants in this course will examine outstanding works of 19th-century English poetry and fiction, and consider questions of identity, beauty, judgment, and social responsibility. Writers covered may include such figures as Jane Austen, John Keats, Charles Dickens, and Robert Browning.",3.0,3.0,2021 - 2022 Academic Year,D
EN 2251,EN,English,2251,Moral Issues In The Modern Novel,"Cat. I This course focuses on the problem of how to live in the modern world. Emphasis will be placed on the way moral issues evolve within the complications of individual lives, as depicted in fiction. Such authors as Conrad, Kesey, Camus and Ellison show characters struggling with the questions of moral responsibility raised by love, religion, death, money, conformity.",3.0,3.0,2021 - 2022 Academic Year,B
EN 2252,EN,English,2252,Science And Scientists In Modern Literature,"Cat. I This course surveys the ways in which modern literature has represented science and scientists. Beginning with Mary Shelley’s Frankenstein, the origin of what Isaac Asimov calls the “damned Frankenstein complex” is examined. More complex presentations of science and scientists occur in twentieth-century works like Brecht’s Galileo, Huxley’s Brave New World, and Pirsig’s Zen and the Art of Motorcycle Maintenance. The course covers major modern works of fiction and drama, including such literary forms as the play, the novel of ideas, and the utopian novel. Attention is focused on the themes (ideas) in, and the structure of, these works.",3.0,3.0,2021 - 2022 Academic Year,B
EN 2271,EN,English,2271,American Literary Histories,"Cat. I An investigation into one or more major movements or periods in American literature, focusing on aesthetic formations such as sentimentalism, realism, modernism, or postmodernism, on cultural formations from Transcendentalism and Regionalism through the Lost Generation and the Harlem Renaissance to the Beat Generation and the Native American Renaissance, or delivered through chronological engagements by century, by decade, or by other suitable framings attending to specific communities or sets of writers. Recommended background: None, though coursework in English (e.g. EN 1251, Introduction to Literature) or any subsequent EN offering will be helpful.",3.0,3.0,2021 - 2022 Academic Year,"A,D"
EN 2281,EN,English,2281,World Literatures,"Cat. I This course will examine literary works from two or more languages, modes, and/or traditions, often connecting these works to other works of expressive culture in the visual and performing arts. Some iterations may turn on a broader survey, others on more particular engagements with wider inflections. Material introduced beyond English will rely on translations but may also include attention to work in the original language. Attention to drama, poetry, and prose from various periods and places will encourage students to connect themes across cultural, formal, and historical divides, utilizing interdisciplinary and theoretical methods in the process of their reading and writing. Students who have previously taken EN 230X cannot take this course for credit. Recommended background: None, though coursework in English (e.g. EN 1251, Introduction to Literature) or any subsequent EN offering will be helpful, as will courses emphasizing literature and culture offered in AB, CN, GN, and/or SP.",3.0,3.0,2021 - 2022 Academic Year,"A,B"
EN 3219,EN,English,3219,Advanced Creative Writing,"Cat. II This advanced seminar in creative writing includes sustained attention to the writing of fiction, poetry, and short prose forms among other genres, culminating in final projects (essay, play, poem, story, or some combination thereof) determined by individual interest and in consultation with the instructor. Investigation will also focus on the reading and discussion of exemplary works across genres, with an emphasis on contemporary practice. In the process, regular writing exercises and class visits from established authors will help to create a community of writers grounded in diverse methods. Suggested background: Introductory level creative writing (EN 2219 (formerly EN 3217) or equivalent). This course will be offered in 2019-20, and in alternating years thereafter.",3.0,3.0,2021 - 2022 Academic Year,D
EN 3223,EN,English,3223,Forms In Modern Drama,"Cat. II The study of the forms in modern drama through application of methods of theatre analysis for dramaturgical consideration and staging. Contemporary playwrights studied will include those from around the world whose work has been seen on international stages since the 1950s. Attention to theatre movements that reflect contemporary issues will be included, and producing groups that have operated with textual revision, minimal text, or no texts will be considered. Texts to be studied will vary at each offering. This course will be offered in 2020-21, and in alternating years thereafter.",3.0,3.0,2021 - 2022 Academic Year,C
EN 3248,EN,English,3248,The English Novel,"Cat. I Participants in this seminar will examine the English novel from its origins in the eighteenth century to its twentieth-century forms, exploring the rich variety of ways a writer may communicate a personal and social vision. The novels treat love, travel, humor, work, adventure, madness, and self-discovery; the novelists may include Fielding, Austen, Dickens, Eliot, Wodehouse, and Woolf",3.0,3.0,2021 - 2022 Academic Year,C
ENV 1100,ENV,Environmental Studies,1100,Introduction To Environmental Studies,"Cat. I The study of environmental problems and their solutions requires an interdisciplinary approach. This course will examine current environmental issues from the intersection of several key disciplines including: environmental philosophy and history, environmental policy, and science. The course will develop these different approaches for analyzing environmental problems, explore the tensions between them, and present a framework for integrating them. Topics such as environmental justice, developing nations, globalization, and climate change policy will be explored.",3.0,3.0,2021 - 2022 Academic Year,"A,B"
ENV 1500,ENV,Environmental Studies,1500,Introductions To Geographical Information Systems,"Cat. II This course introduces Geographic Information Systems (GIS) as a powerful mapping and analytical tool. Topics include GIS data structure, map projections, and fundamental GIS techniques for spatial analysis. Laboratory exercises concentrate on applying concepts presented in lectures and will focus on developing skills using ArcGIS. These exercises include examples of GIS applications in environmental modeling, socio-demographic change and site suitability analyses. Although the course is computer-intensive, no programming background is required. This course will be offered in 2019-20, and in alternating years thereafter. Note: Students may not receive credit for both ENV 150X and ENV 1500.",3.0,3.0,2021 - 2022 Academic Year,C
ENV 2201,ENV,Environmental Studies,2201,Planning For Sustainable Communities,"Cat. II Sustainability planning seeks to anticipate and balance environmental, social, and economic impacts of human actions. This course presents an overview of how various perspectives can contribute to frameworks for environmental land use planning and management. Students are encouraged to think critically about problems land and natural resource use pose to society. Technical principles and analysis of sustainability planning are introduced and applied to challenges that communities currently face such as food, fiber and energy production, environmental conservation, hazard mitigation and resilience, water security, economic development, and waste management. Techniques to engage a diverse set of stakeholders in a collaborative planning process are examined along with the role of technology. This course will be offered in 2019-20, and in alternating years thereafter",3.0,3.0,2021 - 2022 Academic Year,D
ENV 2310,ENV,Environmental Studies,2310,Environmental Governance And Innovation,"Cat. II With global attention dominated by environmental catastrophe and despair, we will spotlight new work that has brought together scientists, environmentalists, engineers, and artists to tackle the most serious problems facing communities. We will explore the political ecology implications of control over essential resources and the positive consequences of rethinking and democratizing basic social needs for a more sustainable future. Recent exciting case studies will feature examples of simple solutions that inspire elegant, transferrable, and inexpensive applications of technological design. We will examine the role and obligation that scientists have to collaborate with interdisciplinary and public policy efforts that benefit people with sustainable approaches to architecture, food, energy, transportation, and infrastructure. Recommended background: introductory environmental studies course. Students may not receive credit for both ENV 230X and ENV 2310. This course will be offered in 2019-20, and in alternating years thereafter.",3.0,3.0,2021 - 2022 Academic Year,B
ENV 2500,ENV,Environmental Studies,2500,Psychology for Sustainability,"Cat. II This course applies psychological theory and research to understand the causes of human behavior that degrades natural systems and to identify and promote more sustainable actions and policies. Topics will include: social dilemmas and cognitive limitations as root causes of environmental problems; psychological methods for studying sustainability; the potential for and limitations of changing individual environmental cognition and behavior; environmental knowledge, attitudes, and values; motivations for sustainable behavior; and the relationship between environmental quality and human health and mental health. Students will gain experience applying social and cognitive behavior change strategies to reduce their own environmental impact. Suggested background: introductory psychology and/or environmental studies. Students may not receive credit for both ENV2400 and ENV/PSY2500.",3.0,3.0,2021 - 2022 Academic Year,B
ENV 2700,ENV,Environmental Studies,2700,"Social Media, Social Movements, And The Environment","Cat. II Social media platforms are changing the world of social movements, giving rise to a new generation of social activism. Social media can enable local actors to link with others from across the globe to incite social and environmental change. Social media has enabled people to document and share injustices (e.g., violence; dumping of toxic waste) in places where freedom of the press is limited or non-existent, and it has enabled people across different social groups (race, class, etc.) to engage with one another on issues of shared concern. Social media has also allowed people to share resources (financial, expertise, and organizational) with other social actors across the globe, empowering communities in novel ways. This course introduces students to the phenomena of social and environmental movements, theories on why they succeed and fail, and how social media has changed the landscape of social mobilization. This course will draw on interdisciplinary readings, concepts, and case studies from the social sciences, with emphasis on geography, public policy, sociology, and media studies. Course work will include small group projects, analyses of current social movement cases, and a final project. The final project will consist of interviewing members of a current social movement (potentially using social media), evaluating whether particular social media applications have helped to enable social mobilization, and designing new or revised social media tools to further enhance social mobilization. Recommended background: introductory environmental studies (ENV1100 or equivalent).",3.0,3.0,2021 - 2022 Academic Year,A
ENV 271X,ENV,Environmental Studies,271X,Designing For Climate Resilience And Justice,"Resilience is the capacity to adapt to changing conditions and to bounce back after a disaster. Through resilience we can live, and even thrive, in the face of natural disasters. Resilience involves adaptation to the wide range of regional and localized impacts that are expected with a warming planet: more intense storms, greater precipitation, coastal and valley flooding, longer and more severe droughts in some areas, wildfires, melting permafrost, warmer temperatures, and power outages. Resilient design is the intentional design of buildings, landscapes, communities, and regions in response to these vulnerabilities. In this course, we will work to better understand what is at risk in a changing climate with more extreme and frequent disasters, the role people/companies and policies play in these disasters, who is most at risk and why, and develop resilient designs focused on practical, innovative, on-the-ground, and just solutions. Recommended background: None",3.0,3.0,2021 - 2022 Academic Year,C
ENV 2900,ENV,Environmental Studies,2900,The Green Economy And Models For Alternative Forms Of Development,"Cat. II This course examines the limitations of traditional economic models and charts a new course for current policies and practices. To chart this path we draw upon and synthesize examples from existing alternative economies (e.g., different forms of dematerialization, hybrid organizations, solidary economy, sharing economy).The course critically examines current paradigms of greening and seeks to expand thinking that will encompass new, alternative, and socially just conceptions of economy and economic development. A particular emphasis is laid on the spatial implications of de-growth oriented activities which partly challenge existing models and research methods in economic geography. Suggested background: Basic knowledge of economics and environmental governance. This course will be offered in 2019-20, and in alternating years thereafter.",3.0,3.0,2021 - 2022 Academic Year,C
ENV 3100,ENV,Environmental Studies,3100,Adventures In Sustainable Urbanism,"Cat. II This course will take students on an adventure, both in the class and in the field. Students will examine the history of sustainable development, its antecedents, the factors that have influenced its evolution, and how the sustainable city came into existence. Students will be invited on a number of virtual field trips to sustainable cities from around the world. The goal will be to explore the underlying factors of sustainable urbanism, why it looks the way it does in different places, and how students can exercise their own agency in developing alternatives. Students will also develop their own field trips for publication on the course website. Suggested background: introduction to environmental studies and a passion for urban exploration. This course will be offered in 2019-20, and in alternating years thereafter.",3.0,3.0,2021 - 2022 Academic Year,D
ES 1020,ES,Engineering Science,1020,Introduction To Engineering,Cat. I This course is for first year students with an interest in engineering. The course focuses on the design process. Students are introduced to engineering through case studies and reverse engineering activities. Students will learn the steps in the design process and how engineers use this process to create new devices. Teams of students are then assigned a design project that culminates in building and evaluating a prototype of their design. Results of the design project are presented in both oral and written reports. This course does not require any prior engineering background. Note: This course can be used towards the Engineering Science and Design distribution requirement in IE and ME.,3.0,3.0,2021 - 2022 Academic Year,A
ES 1310,ES,Engineering Science,1310,Introduction To Computer Aided Design,"Cat. I This introduction course in engineering graphical communications and design provides a solid background for all engineering disciplines. The ability to visualize, create and apply proper design intent and industry standards for simple parts, assemblies and drawings is a necessity for anyone in a technology environment. Computer Aided Design software is used as a tool to create 2D & 3D sketches, 3D parts, 3D assemblies and 2D drawings per an industry standard. Multiview and pictorial graphics techniques are integrated with ANSI standards for dimensioning and tolerances, sectioning, and generating detailed engineering drawings. Emphasis is placed on relating drawings to the required manufacturing processes. The design process and aids to creativity are combined with graphics procedures to incorporate functional design requirements in the geometric model. No prior engineering graphics or software knowledge is assumed.",3.0,3.0,2021 - 2022 Academic Year,"A,B,C,D"
ES 1500,ES,Engineering Science,1500,Fundamentals of Systems Thinking,"Systems Thinking is a holistic approach to problem solving that recognizes that system behavior and performance are the result of underlying structures. Systems Thinking provides tools that enable program managers, systems engineers, scientists, economists, and business managers to identify, understand, and control systems in order to improve system performance. The Systems Thinking analysis accounts for feedback and resistance to change often exhibited by real world systems. In this course, students will study system identification and delineation, causal loops and feedback diagrams, stock-and-flow diagrams, system leverage points, delays and oscillations, mental models and unintended consequences, and behavior patterns; and use these concepts to improve the performance of engineering, business, and complex social systems. The course will explore great system failures, how they might have been avoided, and how we can learn from them. Finally, students will learn how Systems Thinking explains the occasional irrational behavior of individuals, departments, businesses, and governments. Examples covered in this course may include the failure of strictly technological “fixes” to social issues (as in the government’s installation of wells in Togo in the 1980s,) the 2008 financial meltdown, the failure of the Lockheed L-188 Electra Turboprop Airplane, the failure of the Tacoma Narrows Bridge (“Galloping Gertie”) in 1940, the decline of many commercial fisheries around the world, the failure and success of companies like Research In Motion and Apple, and the unintended consequences of combating drug-related crime. Recommended background: None.",3.0,3.0,2021 - 2022 Academic Year,C
ES 2001,ES,Engineering Science,2001,Introduction To Materials Science,"Cat. I This beginning course provides important background for all science and engineering disciplines regarding the capabilities and limitations of materials in our everyday lives. Students are introduced to the fundamental theme of materials science-- structure-property-processing relationships—in metals, ceramics, and plastics. Aspects of material structure range from the atomic to microstructural and macroscopic scales. In turn, these structural features determine the properties of materials. In particular, this course investigates connections between structure and mechanical properties, and how working and thermal treatments may transform structure and thus alter material properties. This knowledge is then applied to material selection decisions. Recommended background: prior knowledge of college-level chemistry.",3.0,3.0,2021 - 2022 Academic Year,"A,B,C,D"
ES 2501,ES,Engineering Science,2501,Introduction To Static Systems,"Cat. I This is an introductory course in the engineering mechanics sequence that serves as a foundation for other courses in mechanical engineering. The course covers general two- and three-dimensional force and couple systems, distributed loads, resultant forces, moments of forces, free body diagrams, equilibrium of particles and finite sized bodies. Specific topics include friction, trusses, shear forces, bodies subjected to distributed loads, bending moments in beams, and first and second moments of plane areas. Recommended background: Differential (MA 1021) and integral (MA 1022) calculus, vector algebra (MA 1023), and double and triple integration (MA 1024).",3.0,3.0,2021 - 2022 Academic Year,"A,B,C,D"
ES 2502,ES,Engineering Science,2502,Stress Analysis,"Cat. I This is an introductory course that addresses the analysis of basic mechanical and structural elements. Topics include general concepts of stresses, strains, and material properties of common engineering materials. Also covered are two-dimensional stress transformations, principal stresses, Mohr’s circle and deformations due to mechanical and thermal effects. Applications are to uniaxially loaded bars, circular shafts under torsion, bending and shearing and deflection of beams, and buckling of columns. Both statically determinate and indeterminate problems are analyzed. Recommended background; mechanical systems (ES 2501 or equivalent), differential (MA 1021) and integral (MA 1022) calculus, vector algebra (MA 1023), and double and triple integration (MA 1024).",3.0,3.0,2021 - 2022 Academic Year,"B,C,D"
ES 2503,ES,Engineering Science,2503,Introduction To Dynamic Systems,"Cat. I Engineers should be able to formulate and solve problems that involve forces that act on bodies which are moving. This course deals with the kinematics and dynamics of particles and rigid bodies which move in a plane. Topics covered will include: kinematics of particles and rigid bodies, equations of motion, work-energy methods, and impulse and momentum. In this course a basic introduction to mechanical vibration is also discussed. Basic equations will be developed with respect to translating and rotating coordinate systems. Recommended background: Statics (ES 2501 or CE 2000).",3.0,3.0,2021 - 2022 Academic Year,"A,B,D"
ES 3001,ES,Engineering Science,3001,Introduction To Thermodynamics,"Cat. I This course emphasizes system and control volume modeling using conservation of mass and the First and Second Laws of Thermodynamics. Topics include an introduction to heat, work, energy, and power, properties of simple substances, and cycle analysis for power production and refrigeration. Recommended background: basic physics, (PH 1110, PH 1111) elementary differential and integral calculus (MA 1021, MA 1022) or equivalents.",3.0,3.0,2021 - 2022 Academic Year,"A,B,C,D"
ES 3002,ES,Engineering Science,3002,Mass Transfer,"Cat. I This course introduces the student to the phenomena of diffusion and mass transfer. These occur in processes during which a change in chemical composition of one or more phases occurs. Diffusion and mass transfer can take place in living systems, in the environment, and in chemical processes. This course will show how to handle quantitative calculations involving diffusion and/or mass transfer, including design of process equipment. Topics may include: fundamentals of diffusional transport, diffusion in thin films; unsteady diffusion; diffusion in solids; convective mass transfer; dispersion; transport in membranes; diffusion with chemical reaction; simultaneous heat and mass transfer; selected mass transfer operations such as absorption, drying, humidification, extraction, crystallization, adsorption, etc. Recommended background: fundamentals of chemical thermodynamics, fluid flow and heat transfer; ordinary differential equations (MA 2051 or equivalent).",3.0,3.0,2021 - 2022 Academic Year,"C,D"
ES 3003,ES,Engineering Science,3003,Heat Transfer,"Cat. I This course presents the fundamentals of heat transfer in the three modes of conduction, convection, and radiation. Topics include steady-state and transient heat conduction, forced external and internal convection, natural convection, heat exchanger analysis, radiation properties, and radiative exchange between surfaces. Recommended background: knowledge of thermodynamics, fluid mechanics, and ordinary differential equations (ES 3001, ES 3004, and MA 2051) or equivalents.",3.0,3.0,2021 - 2022 Academic Year,"A,B,D"
ES 3004,ES,Engineering Science,3004,Fluid Mechanics,"Cat. I A study of the fundamental laws of statics, kinematics, and dynamics applied to fluid mechanics. The course will include fluid properties, conservation of mass, momentum, and energy as applied to real and ideal fluids. Laminar and turbulent flows, fluid resistance, and basic boundary layer theory will also be considered. Recommended background: basic physics, basic differential equations, and vectors.",3.0,3.0,2021 - 2022 Academic Year,"A,B,C,D"
ES 3011,ES,Engineering Science,3011,Control Engineering I,"Cat. I Characteristics of control systems. Mathematical representation of control components and systems. Laplace transforms, transfer functions, block and signal flow diagrams. Transient response analysis. Introduction to the root-locus method and stability analysis. Frequency response techniques including Bode, polar, and Nichols plots. This sequence of courses in the field of control engineering (ES 3011) is generally available to all juniors and seniors regardless of department. A good background in mathematics is required; familiarity with Laplace transforms, complex variables and matrices is desirable but not mandatory. All students taking Control Engineering I should have an understanding of ordinary differential equations (MA 2051 or equivalent) and basic physics through electricity and magnetism (PH 1120/1121). Control Engineering I may be considered a terminal course, or it may be the first course for those students wishing to do extensive work in this field. Students taking the sequence of two courses will be prepared for graduate work in the field. Recommended background: Ordinary Differential Equations (MA 2051) and Electricity and Magnestism (PH 1120, PH 1121). Students may not receive credit for both ES 3011 and ECE 3012",3.0,3.0,2021 - 2022 Academic Year,"A,C"
ES 3323,ES,Engineering Science,3323,Advanced Computer Aided Design,"Cat. I This course is intended to strengthen solid modeling and analysis skills with an emphasis on robust modeling strategies that capture design intent. The use of solid models for applications in mechanical design and engineering analysis is emphasized. Topics include: advanced feature-based modeling, variational design, physical properties, assembly modeling, mechanisms, and other analytical methods in engineering design. Recommended background: familiarity with drafting standards (ES 1310), mechanical systems (ES 2501 or CE 2000, ES 2503), strength of materials (ES 2502 or CE 2001) and kinematics (ME 3310) is assumed. Additional background in machine design (ME 2300, ME 3320) is helpful",3.0,3.0,2021 - 2022 Academic Year,"A,D"
ETR 1100,ETR,Entrepreneurship,1100,Engineering Innovation And Entrepreneurship,"Cat. I In the modern competitive and global world confronting today’s engineers, innovation and entrepreneurship (I&E) are increasingly important perspectives for every engineering career. Individuals proficient in I&E are likely to possess unique competitive advantage over those who do not. This course develops the foundation for developing such proficiency by examining the functional roles of the business/commercial aspects of engineering disciplines as well as establishing a basis for innovative thinking. Specific cases where I&E has led to new products innovation and new enterprise development will supplement course materials.",3.0,3.0,2021 - 2022 Academic Year,"A,B,C,D"
ETR 2910,ETR,Entrepreneurship,2910,Economics And Entrepreneurship,"Cat. I This course is designed to provide an introduction to economics, an introduction to entrepreneurship, and an understanding of the linkages between economics and entrepreneurship. Students will apply these concepts to the assessment of opportunities that might arise from participation in WPI projects. Students will engage in exploring how economics and entrepreneurship can inform opportunity assessment within an ambiguous and uncertain context. These decisions are always made with incomplete information and there is typically no single correct answer but rather multiple possible answers -- each with pluses and minuses. Recommended background: None",3.0,3.0,2021 - 2022 Academic Year,B
ETR 3633,ETR,Entrepreneurship,3633,Entrepreneurial Selling,"Cat. I Selling is a major part of business life, but it is especially important for those who are launching a new venture. They need to sell their business plan to potential investors. Later they need to sell their product or service to a customer. Ultimately they need to create an organization that is focused on meeting customer and other stakeholder needs through effective selling disciplines. This course will examine the elements of the sales cycle in terms of preparation, market research, prospecting, objection handling, closing, techniques for motivating the sales professional and formulation of strategy for the successful selling transaction. As part of the course students will be required to prepare individual sales presentations, one to secure investment for a new venture and one to sell a product or service to a customer. Guest speakers may be used on topics such as sales coaching, inside sales management, and to deliver sales effectiveness training",3.0,3.0,2021 - 2022 Academic Year,C
ETR 491X,ETR,Entrepreneurship,491X,Sports Analytics and Entrepreneurship,"This course is designed to expose students to the burgeoning field of sports analytics and its associated entrepreneurial developments. Professional sports organizations have been using advanced analytics to achieve competitive advantages, resulting in a growing multi-billion-dollar market. A stylized example that showcases sports analytics applied commercially is the 2011 movie Moneyball, based on the true account of professional baseball team Oakland Athletics use of advanced sports analytics to assemble a competitive and winning team. Segments of the market include performance analysis, player fitness and safety, player and team valuation, fan engagement and broadcast management. These segments lend themselves well to analytical techniques borne in the traditional STEM fields such as data science, econometrics and information systems. Students will develop working knowledge of data analytic tools and frameworks that are applicable to analyzing and unpacking sports data. Basic knowledge of some data analysis is encouraged. Detailed knowledge of sports is not required. Recommended background: Basic knowledge of some data analysis is encouraged. Detailed knowledge of sports is not required.",3.0,3.0,2021 - 2022 Academic Year,D
ETR 4930,ETR,Entrepreneurship,4930,Growing And Managing New Ventures,"Cat. I One of the most troublesome aspects of entrepreneurship is running the business once it is started. This course focuses on techniques to grow the new venture and how to manage both the growth and operations. Considerable emphasis will be placed on expanding existing markets, finding new markets, anticipating the next generation of products, and managing cash flow. Recommended background for this course consists of five of the following: ACC 2101, BUS 1010, BUS 1020, BUS 2020, BUS 2060, BUS 3010, BUS 3020, BUS 4030, ETR 3915, OIE 2850.",3.0,3.0,2021 - 2022 Academic Year,D
ETR 500,ETR,Entrepreneurship,500,Entrepreneurship And Innovation,"Entrepreneurship and Innovation Entrepreneurship involves many activities, including identifying and exploiting opportunities, creating and launching new ventures, introducing new products and new services to new markets. It is based on implementing innovations within existing organizations and creating new opportunities. This course is intended to introduce students to entrepreneurial thinking and methods of executing their ideas. Topics include recognizing and evaluating opportunities, forming new venture teams, preparing business and technology commercialization plans, obtaining resources, identifying execution action scenarios, and developing exit strategies.",3.0,3.0,2021 - 2022 Academic Year,"A,B"
ETR 593,ETR,Entrepreneurship,593,Technology Commercialization,"In the modern world of global competition the ability to utilize technological innovation is increasingly important. This course will examine the sources of new technology, the tools to evaluate new technologies, the process of intellectual property transfer, and the eventual positioning of the resultant products and services in the commercial market. Its purpose is to improve the probability of success of this discipline in both existing organizational models and early stage ventures. Specific cases studies of successful technology commercialization processes will be used to supplement the course materials.",3.0,3.0,2021 - 2022 Academic Year,"A,B"
FIN 1250,FIN,Finance,1250,Personal Finance,"Cat. I This course is designed to help the student make well-informed judgments when faced with personal financial decisions. Such decisions are growing in number and complexity, and both individuals and families need a considerable degree of financial expertise in order to utilize optimally their limited incomes. Principal topics include: insurance (medical, life, automobile and disability), consumer credit, estate planning, taxation, personal investments (real estate, securities, etc.), social security legislation and personal financial planning.",3.0,3.0,2021 - 2022 Academic Year,"A,B,C"
FIN 3300,FIN,Finance,3300,"Finance, Risk Analytics & Technology","Cat. I This course provides an in-depth overview of finance, methods in risk analytics, and the importance of financial technology in today's global and interconnected marketplace. In this course, students learn the most up-to-date methods and tools that are used globally within the financial services industry. Topics covered include portfolio formation based on personal and risk preferences, the formation and backtesting of trading strategies, fundamental and technical analysis, the mutual fund and hedge fund industries, and cryptocurrencies. These topics are explored using big data and risk analytics methods such as time series modeling, prediction models, volatility risk forecasting, and the identification and distinction between market-wide and industry-specific risks. Throughout the course, students will learn how to use Bloomberg to analyze data across market sectors to make financial decisions. This course is especially suited to those seeking careers where data analytics and information technologies play critical roles in finance or the management of risks. Topics covered in this course appear regularly in examinations required for professional certifications, such as the Chartered Financial Analyst (CFA) certification. The risk analytics portion of this course also covers topics that appear regularly in the financial mathematics examination by the Society of Actuaries (SOA). Recommended Background: Introductory business and finance topics such as those found in BUS 2060.",3.0,3.0,2021 - 2022 Academic Year,A
FIN 500,FIN,Finance,500,Financial Management,"This course develops expertise in financial decision-making by focusing on frequently used financial accounting information and the conceptual framework for managing financial problems. Students are introduced to the accounting and financial concepts, principles and methods for preparing, analyzing and evaluating financial information, for the purpose of managing financial resources of a business enterprise and investment decisions. The course adopts a decision-maker perspective by emphasizing the relations among financial data, their underlying economic events, and corporate finance issues. The course provides an overview of the financial reporting system, to enable data analysts in building queries for financial analyses and in forecasting possible future financial scenarios.",3.0,3.0,2021 - 2022 Academic Year,"A,B,C,D"
FIN 522,FIN,Finance,522,"Financial Institutions, Markets & Technology","This course will examine financial institutions and the relationship between U.S. capital markets and global markets. The class is intended to help students understand the impact of financial intermediaries on the global economy, businesses, and consumers. The course will investigate the organization, structure, and performance of money and capital markets and institutions. The class will examine the major financial management issues confronting financial service firms (depository institutions, insurance companies, investment banks, mutual funds, hedge funds, and pension funds), and it will address the legal, regulatory, financial reform, and risk management issues facing these financial institutions and markets. Finally, the course will address the rapid evolution of the financial sector as a result of technology. We will consider how financial technology (“FinTech”) is being developed by startup technology firms and existing financial institutions may disrupt the financial sector through innovation in digital and electronic currencies, online finance and investment platforms, big data, and digital payment systems among other topics.",3.0,3.0,2021 - 2022 Academic Year,"C,D"
FP 3070,FP,Fire Protection,3070,Introduction To Fire Protection Engineering,"Cat. I This course teaches students of different technical disciplines the fundamentals of fire protection engineering including combustion chemistry, fire behavior, compartment fire dynamics, toxicity, human behavior in fire, and fire modelling. Students have an opportunity to conduct and view fire experiments in both the WPI Fire Safety Engineering and the WPI Fire Fundamentals laboratories. Fire models are used to aid in use of the scientific method to determine cause and origin of a fire. This course is intended for both majors and non-majors as an introduction into Fire Protection Engineering (FPE) and how engineering knowledge can be used to save lives and property around the world.",3.0,3.0,2021 - 2022 Academic Year,D
FP 3080,FP,Fire Protection,3080,Introduction To Building Fires Safety System Design,"This course introduces principles and applications of building fire safety design. Topics include the interaction between fire, the building, and building occupants; systems that are used to detect, suppress, and control the spread of fire; and systems that facilitate the safe evacuation of occupants during fire. Building code requirements and engineering methods for analysis and design of building fire safety systems will be explored. Recommended background: Thermodynamics.",3.0,3.0,2021 - 2022 Academic Year,A
FP 4000,FP,Fire Protection,4000,Fire Laboratory,"Cat. I This course will cover experimental methods used in fire research as well as other thermal-fluid topic areas. Students will learn fundamentals of metrology (calibration, sensor response constraints, uncertainty quantification), standard tests in fire research (i.e. cone calorimeter, fire propagation apparatus, etc.), as well as other measurement methods (thermocouples, heat flux gauges, velocimetry, thermometry, etc.). Students will also learn design of experiments and conduct a large-scale experiment in the UL performance lab. Recommended background: MA 2051 Differential Equations and ES 3001 Thermodynamics.",3.0,3.0,2021 - 2022 Academic Year,B
FP 4001,FP,Fire Protection,4001,"Fire, Risk, And Sustainability","Cat. I As the pace of development increases around the world, fire prevention and control are becoming more vital for individuals, organizations, and society itself. This course introduces students to the fundamental concepts of fire risk and sustainability along with related multi-disciplinary topics such as economics, human behavior, and decision-making. The process of fire risk assessment is taught and applied to the built environment and to the wildland fire problem. Students will undertake a structured applied-research project (individually or in small groups) to develop sustainable solutions at the interface of fire and a chosen area of sustainability such as climate change, safe drinking water, public health, housing, and more. Recommended background: Basic knowledge of fire behavior and control (FP 3070 or equivalent). Students cannot receive credit for both FP 4001 and FP 580S",3.0,3.0,2021 - 2022 Academic Year,C
FP 521,FP,Fire Protection,521,Fire Dynamics I,"This course introduces students to fundamentals of fire and combustion and is intended to serve as the first exposure to fire dynamics phenomena. The course includes fundamental topics in fire and combustion such as thermodynamics of combustion, fire chemistry, premixed and diffusion flames, solid burning, ignition, plumes, heat release rate curves, and flame spread. These topics are then used to develop the basis for introducing compartment fire behavior, pre- and postflashover conditions and zone modeling. Basic computational ability is assumed. Basic numerical methods are used and can be learned during the course via independent study. (Prerequisites: Undergraduate chemistry, thermodynamics or physical chemistry, fluid mechanics and heat transfer.)",3.0,3.0,2021 - 2022 Academic Year,"A,B"
FP 553,FP,Fire Protection,553,Fire Protection Systems,"This course provides an introduction to automatically activated fire suppression and detection systems. A general overview is presented of relevant physical and chemical phenomena, and commonly used hardware in automatic sprinklers, gaseous agent, foam and dry chemical systems. Typical contemporary installations and current installation and approval standards are reviewed. (Pre-requisites: Undergraduate courses in chemistry, fluid mechanics and either thermodynamics or physical chemistry.)",3.0,3.0,2021 - 2022 Academic Year,"C,D"
FP 554,FP,Fire Protection,554,Advanced Fire Suppression,"Advanced topics in suppression systems analysis and design are discussed with an aim toward developing a performance-based understanding of suppression technology. Automatic sprinkler systems are covered from the standpoint of predicting actuation times, reviewing numerical methods for hydraulic analyses of pipe flow networks and understanding the phenomenology involved in water spray suppression. Special suppression systems are covered from the standpoint of two-phase and non-Newtonian pipe flow and simulations of suppression agent discharge and mixing in an enclosure. (Prerequisite: FPE 553 or special permission of instructor.)",3.0,3.0,2021 - 2022 Academic Year,"A,B"
FP 555,FP,Fire Protection,555,"Detection, Alarm And Smoke Control","Principles of fire detection using flame, heat and smoke detector technology are described. Fire alarm technology and the electrical interface with fire/smoke detectors are reviewed in the context of contemporary equipment and installation standards. Smoke control systems based on buoyancy and HVAC principles are studied in the context of building smoke control for survivability and safe egress. (Pre-requisites: FPE 553. Also 521 and FPE 571, which can be taken concurrently.)",3.0,3.0,2021 - 2022 Academic Year,"C,D"
FP 570,FP,Fire Protection,570,Building Fire Safety I,"This course focuses on the presentation of qualitative and quantitative means for firesafety analysis in buildings. Fire test methods, fire and building codes and standards of practice are reviewed in the context of a systematic review of firesafety in proposed and existing structures.",3.0,3.0,2021 - 2022 Academic Year,"A,B"
FP 571,FP,Fire Protection,571,Performance-Based Design,"This course covers practical applications of fire protection engineering principles to the design of buildings. Both compartmented and non-compartmented buildings will be designed for criteria of life safety, property protection, continuity of operations, operational management and cost. Modern analytical tools as well as traditional codes and standards are utilized. Interaction with architects and code officials, and an awareness of other factors in the building design process are incorporated through design exercises and a design studio. (Prerequisites: FPE 553, FPE 521 and FPE 570 or special permission of the instructor.)",3.0,3.0,2021 - 2022 Academic Year,"C,D"
FP 573,FP,Fire Protection,573,Industrial Fire Protection,"Principles of fire dynamics, heat transfer and thermodynamics are combined with a general knowledge of automatic detection and suppression systems to analyze fire protection requirements for generic industrial hazards. Topics covered include safe separation distances, plant layout, hazard isolation, smoke control, warehouse storage, and flammable liquid processing and storage. Historic industrial fires influencing current practice on these topics are also discussed. (Prerequisites: FPE 553, FPE 521 or special permission of the instructor.)",3.0,3.0,2021 - 2022 Academic Year,"A,B"
FP 575,FP,Fire Protection,575,Explosion Protection,"Principles of combustion explosions are taught along with explosion hazard and protection applications. Topics include a review of flammability limit concentrations for flammable gases and dusts; thermochemical equilibrium calculations of adiabatic closed-vessel deflagration pressures, and detonation pressures and velocities; pressure development as a function of time for closed vessels and vented enclosures; the current status of explosion suppression technology; and vapor cloud explosion hazards.",3.0,3.0,2021 - 2022 Academic Year,"C,D"
FP 580,FP,Fire Protection,580,Special Problems,Individual or group studies on any topic relating to fire protection may be selected by the student and approved by the faculty member who supervises the work. Examples include: • Business Practices • Combustion • People in Fires • Fire Dynamics II • Fire and Materials • Forensic Techniques • Complex Decision Making,3.0,3.0,2021 - 2022 Academic Year,"A,B,C,D"
FP 595,FP,Fire Protection,595,Independent Study,,0.0,0.0,2021 - 2022 Academic Year,B
FY 1100,FY,First Year,1100,The Great Problems Seminars,"Cat. I The Great Problems Seminars (GPS) are a two course sequence designed to engage Worcester Polytechnic Institute's first-year students with current events, societal problems, and human needs. Each seminar starts with an important problem and introduces some of the key disciplinary tools that could be used to attack the problem. The focus for most of the second course will be a research project related to the GPS theme. Students will present their project work in a poster session at the end of the second term. Each seminar is developed and presented by an interdisciplinary pair of faculty. To participate, students must enroll in the two course sequence. Academic credit for the GPS will depend on the theme and the faculty who develop the seminar.",3.0,3.0,2021 - 2022 Academic Year,"A,B"
FY 1101,FY,First Year,1101,The Great Problems Seminars,"Cat. I The Great Problems Seminars (GPS) are a two course sequence designed to engage Worcester Polytechnic Institute's first-year students with current events, societal problems, and human needs. Each seminar starts with an important problem and introduces some of the key disciplinary tools that could be used to attack the problem. The focus for most of the second course will be a research project related to the GPS theme. Students will present their project work in a poster session at the end of the second term. Each seminar is developed and presented by an interdisciplinary pair of faculty. To participate, students must enroll in the two course sequence. Academic credit for the GPS will depend on the theme and the faculty who develop the seminar.",3.0,3.0,2021 - 2022 Academic Year,"B,C"
FY 1800,FY,First Year,1800,Discovering Majors And Careers,"(1/12 unit) This course is open to all students who are undecided about or are thinking about changing their academic major. Students will conduct a self-assessment utilizing career assessment tools, research majors of interest and career paths, attend major panels, speak to students/faculty in majors of interest, and participate in informational interviews with alumni. Students will meet individually with Peer Advisors and/or a CDC staff member at least three times throughout the course.",0.75,0.75,2021 - 2022 Academic Year,B
GE 2341,GE,Geology,2341,Geology,"Cat. I Students of this course will examine the fundamental principles of physical geology including the materials, structures, and surface features of the earth and the processes which produced them. Emphasis will be placed on the interrelationship of people and environment and applications to various fields of technology. The course includes field trips and a significant laboratory component.",3.0,3.0,2021 - 2022 Academic Year,"A,C"
GN 1511,GN,German,1511,Elementary German I,"Cat. IAn intensive language course designed to teach concise expression of ideas inwriting and speaking. Basic grammar and significant cultural aspects areintroduced through the aid of readings, audio-recordings, video, and oral groupinteraction. (Formerly GN 2616.)",3.0,3.0,2021 - 2022 Academic Year,A
GN 1512,GN,German,1512,Elementary German II,Cat. IA continuation of Elementary German I.Recommended background: GN 1511.,3.0,3.0,2021 - 2022 Academic Year,B
GN 2511,GN,German,2511,Intermediate German I,"Cat. IA continuation of Elementary German II, with increased emphasis on oral andwritten expression. Basic textbook is supplemented by a collection of simpleliterary texts by the Grimm brothers, Brecht, and Bichsel. Recommended background: Elementary German II.",3.0,3.0,2021 - 2022 Academic Year,C
GN 2512,GN,German,2512,Intermediate German II,Cat. IA continuation of Intermediate German I.Recommended background: GN 2511.,3.0,3.0,2021 - 2022 Academic Year,D
GN 3511,GN,German,3511,Advanced German I,Cat. I Reading and in-class discussion of a wide variety of contemporary nonfictional and fictional texts. Some video viewing. Weekly brief writing assignments and continued expansion of vocabulary. Weekly vocabulary quiz. Review of grammar and introduction to advanced stylistic problems. Recommended background: Intermediate German II.,3.0,3.0,2021 - 2022 Academic Year,A
GN 3512,GN,German,3512,Advanced German II,Cat. I A continuation of Advanced German I. Recommended background: GN 3511. This course satisfies the Inquiry Practicum requirement.,3.0,3.0,2021 - 2022 Academic Year,B
GN 3514,GN,German,3514,Seminar On Selected Topics In German Literature,"Cat. II The content of the seminar will change from time to time. The course will focuseither on an author (e.g., Goethe, Heine, Kafka, Gunter Grass, Christa Wolf ), agenre (e.g., lyric poetry, drama, narrative prose), a literary movement (e.g.,Romanticism, expressionism), or a particular literary problem (e.g., literatureand technology, writing and the Holocaust, writing and the city). The seminarwill be conducted entirely in German. Recommended background: GN 3511 (Advanced German I) and GN 3512(Advanced German II) or equivalent. This course satisfies the Inquiry Practicum requirement.This course will be offered in 2019-20, and in alternating years thereafter.",3.0,3.0,2021 - 2022 Academic Year,C
GOV 1301,GOV,"Government, Political Science, and Law",1301,U.S. Government,"Cat. I This course is an introduction to the fundamental principles, institutions, and processes of the constitutional democracy of the United States. It examines the formal structure of the Federal system of government, including Congress, the presidency, the judiciary, and the various departments, agencies, and commissions which comprise the executive branch. Emphasis is placed on the relationships among Federal, state and local governments in the formulation and administration of domestic policies, and on the interactions among interest groups, elected officials and the public at large with administrators in the policy process. The various topics covered in the survey are linked by consideration of fiscal and budgetary issues, executive management, legislative oversight, administrative discretion, policy analysis and evaluation and democratic accountability",3.0,3.0,2021 - 2022 Academic Year,A
GOV 1303,GOV,"Government, Political Science, and Law",1303,American Public Policy,"Cat. I American Public Policy focuses on the outcomes or products of political institutions and political controversy. The course first addresses the dynamics of policy formations and stalemate, the identification of policy goals, success and failure in implementation, and techniques of policy analysis. Students are then encouraged to apply these concepts in the study of a specific policy area of their choosing, such as foreign, social, urban, energy or environmental policy. This course is an important first step for students wishing to complete IQPs in public policy research. Students are encouraged to complete GOV 1303 prior to enrolling in upper level policy courses such as GOV 2303, GOV 2304 or GOV 2311. There is no specific preparation for this course, but a basic understanding of American political institutions is assumed. Some sections of this course may be offered as Writing Intensive (WI).",3.0,3.0,2021 - 2022 Academic Year,C
GOV 1320,GOV,"Government, Political Science, and Law",1320,Topics In International Politics,"Cat. II GOV 1320 is a survey course designed to introduce students to the basic concepts of international relations: power and influence, nations and states, sovereignty and law. These concepts will be explored through the study of issues such as diplomacy and its uses, theories of collective security and conflict, and international order and development. The study of international organizations such as the UN, the European Union or the Organization of American States will also supplement the students’ understanding of the basic concepts. The course may also include comparative political analysis of states or regions. It is designed to provide the basic background materials for students who wish to complete IQPs on topics that involve international relations or comparative political systems. This course will be offered in 2019-20, and in alternating years thereafter.",3.0,3.0,2021 - 2022 Academic Year,B
GOV 2311,GOV,"Government, Political Science, and Law",2311,Environmental Policy And Law,"Cat. I This course deals with environmental law as it relates to people, pollution and land use in our society. A case method approach will be used to illustrate how the courts and legislators have dealt with these social-legal problems. The course is designed to have the student consider: 1) the legal framework within which environmental law operates; 2) the governmental institutions involved in the formulation, interpretation and application of environmental law; 3) the nature of the legal procedures and substantive principles currently being invoked to resolve environmental problems; 4) the types of hazards to the environment presently subject to legal constraints; 5) the impact that the mandates of environmental law have had, and will have, on personal liberties and property rights; 6) the role individuals and groups can play within the context of our legal system to protect and improve man’s terrestrial habitat and the earth’s atmosphere; and 7) some methods and sources for legal research that they may use on their own. Recommended background: GOV 1303 or GOV 1310.",3.0,3.0,2021 - 2022 Academic Year,B
GOV 2314,GOV,"Government, Political Science, and Law",2314,Cyberlaw And Policy,"Cat. II Rapidly developing technologies for computing, information management and communications have been quickly adopted in schools, businesses and homes. The growth of the Internet and of e-commerce, in particular, have given rise to an entirely new set of legal issues as the courts, Congress and international bodies struggle to keep pace with changing technology. This course addresses the government's role in the development of these technologies and the legal issues that result including questions regarding privacy rights, speech and defamation, and the application of patent and copyright law. Policy questions such as surveillance of e-mail, regulation of content, mandates on the use of filters, and the responsibilities and liability of internet service providers are also discussed. Additional policies studied include attempts to control Internet content and enforce international judgments (resulting from e-commerce or cyber-crime) by foreign states and/or international organizations. Students are expected to integrate knowledge of technology with law, politics, economics and international affairs.",3.0,3.0,2021 - 2022 Academic Year,C
GOV 2319,GOV,"Government, Political Science, and Law",2319,Global Environmental Politics,"Cat. II It is apparent that environmental problems have outgrown national policy frameworks. Thus, institutions have emerged at the international and transnational levels to coordinate collective problem solving. But governance involves more than just the practicality of problem solving; it also involves uncertainty, controversy, power and politics. This course will examine the ways in which global environmental governance has been conceived: from establishing international institutions and agreements, to less tangible ways of interacting. We will examine themes such as scales of governance (from the United Nations to communities), policy networks, the role of NGOs, think tanks and special interests and the role of knowledge in global environmental debates. Students will then use this conceptual and theoretical basis to analyze major global environmental issues including: deforestation; biodiversity; endangered species; and climate change. The goals of this course are to gain an understanding of the main positions in global environmental debates; critically analyze these positions; and gain insight into the politics of global environmental policy and governance. Recommended Background: GOV 1303 or GOV 1320 This course will be offered in 2019-20, and in alternating years thereafter.",3.0,3.0,2021 - 2022 Academic Year,B
GOV 236X,GOV,"Government, Political Science, and Law",236X,Women In Politics,"This course will explore the socioeconomic, historical, and political status of women. Among the topics we will cover are the history of women",3.0,3.0,2021 - 2022 Academic Year,C
HI 1311,HI,History,1311,Introduction To American Urban History,"Cat. IAn introduction to the history of the American city as an important phenomenonin itself and as a reflection of national history. The course will take aninterdisciplinary approach to study the political, economic, social, andtechnological patterns that have shaped the growth of urbanization. In additionto reading historical approaches to the study of American urban history, studentsmay also examine appropriate works by sociologists, economists, politicalscientists and city planners who provide historical perspective.",3.0,3.0,2021 - 2022 Academic Year,"A,B"
HI 1312,HI,History,1312,Introduction To American Social History,Cat. I An introduction to the historical study of American society. It addresses two questions: What is social history? and how do social historians work?,3.0,3.0,2021 - 2022 Academic Year,B
HI 1313,HI,History,1313,Introduction To The Study Of Foreign Policy And Diplomatic History,"Cat. I. This reading and discussion course will focus on one or two topics in the history of American foreign relations, usually during the twentieth century, using a variety of primary documents and secondary sources . In recent years the course has focused on U .S . relations with the developing world after World War II, with units on U .S . interventions in Vietnam and Afghanistan . The role of science and technology as part of international development programs is a common theme . This course is excellent preparation for any of WPI’s overseas project centers.",3.0,3.0,2021 - 2022 Academic Year,A
HI 1314,HI,History,1314,Introduction To Early American History,Cat. IAn introduction to historical analysis through selected periods or themes in thehistory of America before the Civil War. A variety of readings will reflect thevarious ways that historians have attempted to understand the development ofAmerica.,3.0,3.0,2021 - 2022 Academic Year,C
HI 1322,HI,History,1322,Introduction To European History,"Cat. IThis course introduces students to the major currents that have defined modern European History. Themes and topics will vary and may include the philosophical impact of science on modern thought, the development of liberalism and socialism, the crisis of culture in the twentieth century. Students read selections on major episodes in European history and develop their skills in critical thinking, analysis, oral and written argument. No prior knowledge of European history is required.Some sections of this course may be offered as Writing Intensive (WI).",3.0,3.0,2021 - 2022 Academic Year,A
HI 1330,HI,History,1330,Introduction To The History Of Science And Technology,"Cat. IAn introduction to the questions, methods and source materials that shape historical studies of science and technology. Sections vary in content and emphases; some may explore the interplay of science and technology across time, while other sections might exclusively develop themes within either the history of science or the history of technology. Students can receive credit only once for HI 1330, 1331, or 1332.",3.0,3.0,2021 - 2022 Academic Year,"A,B"
HI 1345,HI,History,1345,Atlantic Worlds,"Cat. I This introductory course reviews the history and legacies of Atlantic systems such a colonialism and migration that have connected Africa, the Americas, and Europe from the sixteenth century to the recent past. Taking a transregional approach to historical inquiry, the course places the Atlantic Ocean at its geographic center and explores the diverse people, cultures, ideologies, institutions, economies, and other phenomena that have traversed this ocean basin and connected the regions that line its shores. The course pays special attention to the technological, social, and political innovations, the systemic inequalities, and the heterogeneous notions of belonging that have emerged from transatlantic interactions and exchanges. The course can provide students with preparation for HUA depth in Global History and International and Global Studies as well as work at overseas project centers in regions often incorporated into Atlantic Worlds. No prior background is required. Recommended background: None.",3.0,3.0,2021 - 2022 Academic Year,B
HI 1350,HI,History,1350,Introduction To Environmental History,"Cat. I An introduction to the questions, methods, and source materials that shape historical studies of the environment. This course will explore the influence of nature (i.e., climate, topography, plants, animals, and microorganisms) on human history and the reciprocal influence of people on nature.",3.0,3.0,2021 - 2022 Academic Year,B
HI 2310,HI,History,2310,Topics In Urban History,"Cat. I This course surveys the interplay of social, economic, demographic, political and cultural forces in shaping the growth, decline and occasional rebirth of urban spaces. Emphasis is placed upon building chronological narratives while attending to the themes, approaches, and sources historians use to reconstruct the tangled infrastructures, stratified economies, segregated spaces and political/administrative structures of cities. Geographies will vary across sections and topics may include Industrializing Cities, Race and Urban Space, Post-Industrial Cities, Urban Technological Infrastructures, or Social Justice in the City. Students can receive credit only once for HI 2310.",3.0,3.0,2021 - 2022 Academic Year,C
HI 2311,HI,History,2311,American Colonial History,"Cat. IThis course surveys early American history up to the ratification of the Constitution. It considers the tragic interactions among Europeans, Indians, and Africans on the North American continent, the growth and development of English colonies, and the revolt against the Empire that culminated in the creation of the United States of America.",3.0,3.0,2021 - 2022 Academic Year,A
HI 2313,HI,History,2313,"American History, 1789-1877","Cat. IThis course surveys American history from the Presidency of George Washington to the Civil War and its aftermath. Topics include the rise of American democracy, the emergence of middle-class culture, and the forces that pulled apart the Union and struggled to put it back together.",3.0,3.0,2021 - 2022 Academic Year,B
HI 2314,HI,History,2314,"American History, 1877-1920","Cat. IThis course surveys the transformation of the United States into an urban and industrial nation. Topics will include changes in the organization of business and labor, immigration and the development of cities, the peripheral role of theSouth and West in the industrial economy, politics and government in the age of ""laissez-faire,"" and the diverse sources and nature of late 19th- and early 20th century reform movements.",3.0,3.0,2021 - 2022 Academic Year,C
HI 2315,HI,History,2315,The Shaping Of Post-1920 America,"Cat I. This course surveys the major political, social, and economic changes of American history from 1920 to the present. Emphasis will be placed on the Great Depression, the New Deal, suburbanization, McCarthyism, the persistence of poverty,the domestic effects of the Vietnam war, and recent demographic trends.",3.0,3.0,2021 - 2022 Academic Year,D
HI 2316,HI,History,2316,Twentieth Century American Foreign Relations,"Cat II. This survey of American diplomatic history begins with World War I and World War II, continues through the early and later Cold War periods, including the Vietnam War, and concludes with an overview of 9/11 and wars in Iraq and Afghanistan. It includes traditional political and diplomatic history, but also broader conceptions of American foreign relations such as culture, economic development, and environment. It addresses the question of American empire, and stresses understanding U.S. policy and actions through a broad international perspective. This course is excellent preparation for any of WPI overseas project centers. Some sections of this course may be offered as Writing Intensive (WI).",3.0,3.0,2021 - 2022 Academic Year,B
HI 2318,HI,History,2318,"Topics In Law, Justice And American Society","Cat. I This course treats law as a powerful social, economic and political phenomenon that cannot be fully understood apart from its history. Through a focus upon a particular theme and chronology, each section surveys the role of law (constitutional, statutory, regulatory and common) and legal institutions in shaping American society and culture, as well as how the law and its institutions have been shaped by individuals, advocacy groups, and broader social, cultural and political forces. Different sections of this course might explore constitutional law and social change (e.g. civil rights, abortion, and same sex marriage); criminal law and mass incarceration; law and the construction of race; law and gender; or patents, copyrights and intellectual property. This course may be repeated for different topics, and students who took HI 2317 may take HI 2318.",3.0,3.0,2021 - 2022 Academic Year,A
HI 2320,HI,History,2320,Modern European History,"Cat I. A survey of the major developments in European history from the nineteenth century to the present. The course will focus upon those factors and events that led to the formation of modern European society: revolutions, nationalism, industrialization, world wars, the Cold War, the creation of the European Union. No prior knowledge of European history is required. Especially appropriate for students interested in WPI's global Project Centers in Europe. Students may not receive credit for HI 2320 and HI 2322.",3.0,3.0,2021 - 2022 Academic Year,B
HI 2328,HI,History,2328,History Of Revolutions In The Twentieth Century,"Cat. II A survey of some of the most important revolutionary movements of the twentieth century. We may consider topics such as racial, nationalist, feminist and non-violent revolutionary ideologies, communist revolution, the ""green"" revolution and cultural revolution. No prior knowledge of the history of revolutions is expected. This course will be offered in 2019-20, and in alternating years thereafter.",3.0,3.0,2021 - 2022 Academic Year,B
HI 2329,HI,History,2329,European Empires,"Cat. I This course takes a thematic approach to the history of European empires. Units focus upon important events and moments in European imperialism and decolonization from the perspective of both the colonizers and colonized. Specific topics may include slavery and emancipation, imperial racism, the civilizing mission, religious motivations, violence, gender and empire, disease and poverty, environmental degradation, empires at war, and postcolonial legacies. Especially appropriate for students interested in projects centers located in Europe or formerly colonized areas. No prior knowledge required. Recommended background: None. Students may not receive credit for both HI 2324 and HI 2329.",3.0,3.0,2021 - 2022 Academic Year,D
HI 2335,HI,History,2335,Topics In The History Of American Science And Technology,"Cat. I This course surveys the interplay of science, technology and culture in American national development. Emphasis is placed upon building chronological narratives while attending to the themes, approaches, and sources historians use to explore Americans' enthusiastic but sometimes controversial embrace of science and technology. Chronologies and themes will vary across sections covering topics such as Science, Technology and Culture in Early America; Science, Technology in Industrializing America; Science and Technology in Post-1945 America; and Technology and Culture in the Rise of Urban America. This course may be repeated for different topics. No prior coursework or background in the history of science and technology is required.",3.0,3.0,2021 - 2022 Academic Year,"B,C"
HI 2350,HI,History,2350,Topics In The History Of Science,"Cat. I This course surveys the major developments, research enterprise, controversies and cultural contexts of particular scientific fields while also engaging students in examining the questions, methods and sources that inform the history of science. Sections will vary in topic, focusing on the history of a subset selected from among the following fields: astronomy, cosmology, mathematics, biology, medicine, ecology, evolutionary ideas, the earth sciences, chemistry, physics, or the human sciences. This course may be repeated for different topics. No prior coursework or background in the history of science is required.",3.0,3.0,2021 - 2022 Academic Year,D
HI 2400,HI,History,2400,Topics In Environmental History,"Cat. I This course surveys the methods and sources that historians adopt to answer three questions central to environmental history: How have constantly changing natural environments shaped the patterns of human life in different regions? How have different human cultures perceived and attached meanings to the natural and built worlds around them, and how have those attitudes shaped their social, economic political, and cultural lives? Finally, how have people altered the world around them, and what have been the consequences of change for natural and human communities alike? Sections will vary in content and emphases alternating between North American, regional, or global approaches. This course may be repeated for different topics. No prior coursework or background in environmental history is required.",3.0,3.0,2021 - 2022 Academic Year,"A,C"
HI 2900,HI,History,2900,Topics in Gender and History,"Cat. II This seminar course examines topics related to gender and history. It seeks to examine gender-related theories and analytical concepts in the context of the historical periods and social movements from which contemporary ideas about gender emerge. Specific themes and topics will vary by section and instructor, and may include: gender and war, cultural history of gender, gender and intersectionality, gender and colonialism/decolonization, issues of sexuality, women’s history, and issues of masculinity, among others. No prior background is required. This course may be repeated for different topics.",3.0,3.0,2021 - 2022 Academic Year,A
HI 2921,HI,History,2921,Topics In Modern European History,"Cat. II This seminar course examines topics in the cultural, socio-economic and political history of modern Europe. Topics may vary each year among the following: sport and society, film and history, nationalism, gender and class, political economy, environmental history. Readings will include primary and secondary sources. No prior background is required. Students may not receive credit for both HI 3321 and HI 2921. This course will be offered in 2021-22, and in alternating years thereafter.",3.0,3.0,2021 - 2022 Academic Year,"B,C"
HI 2930,HI,History,2930,Topics in Latin American History,"This seminar course examines topics in the history of Latin America. It bases those topics on issues in the region that are of critical importance in the present, and it outlines the historical origins and interrogates the historical contexts of those issues. Topics and course materials may vary each year depending on the issues addressed. The broad themes with which these topics may engage include: science, technology, and development; energy, sustainability, and the environment; inequality and social justice; migration and mobility; U.S.-Latin American relations; democracy, populism and nationalism; the Cold War and the post-Cold War global order. Readings will include primary and secondary sources. No prior background is required. Recommended background: None.",3.0,3.0,2021 - 2022 Academic Year,D
HI 3312,HI,History,3312,Topics In American Social History,"Cat. IA seminar course on analysis of selected aspects of social organization in American history, with emphasis on the composition and changing societal character of various groups over time, and their relationship to larger social,economic, and political developments. Typical topics include: communities, families, minorities, and women. Suggested background: Some college-level American history.",3.0,3.0,2021 - 2022 Academic Year,D
HI 3314,HI,History,3314,The American Revolution,"Cat. IThis seminar course considers the social, political, and intellectual history of the years surrounding American independence, paying particular attention to the changes in society and ideas that shaped the revolt against Great Britain, the winning of independence, and the creation of new political structures that led to the Constitution.",3.0,3.0,2021 - 2022 Academic Year,D
HI 3317,HI,History,3317,Topics In Environmental History,"Cat. II In this seminar course, students will explore one aspect of U.S. or global environmental history in more depth. Topics vary each year but may include environmental thought, environmental reform movements, comparativeenvironmental movements, natural disasters, the history of ecology, built environments, environmental justice, New England environmental history, or the environmental history of South Asia or another region of the world. Thecourse will require substantial reading and writing. Suggested background: HI 2401 U.S. Environmental History. This course will be offered in 2020-21, and in alternating years thereafter.",3.0,3.0,2021 - 2022 Academic Year,D
HI 3334,HI,History,3334,Topics In The History Of American Science And Technology,"Cat I This seminar will examine a particular issue or theme in the history of American science and technology. Topics will vary from year to year, but may include: technology and the built environment; science, technology and the arts; communications of science and scientific issues with the larger public; technology and scientific illustration; science in popular culture; science and the law; or close examination of episodes in the history of American science and technology such as the American Industrial Revolution; science and technology in the years between the world wars; the Manhattan Project; science and the culture of the Cold War; or science, technology and war in American history. This course will require significant reading and writing. Suggested background: Some familiarity with history of science or history of technology, and with United States history.",3.0,3.0,2021 - 2022 Academic Year,B
HI 3335,HI,History,3335,Topics In The History Of Non-Western Science And Technology,"Cat. II A seminar course on the relationships among science, technology, and society from cultures outside Europe and North America, examined through a series of case studies. Topics from which the case studies might be drawn include:Chinese medicine and technology; Arabic mathematics, medicine, and astronomy; Indian science and technology (including, for example, metalworking and textile production); Mayan mathematics and astronomy; Polynesiannavigation; various indigenous peoples' sustainable subsistence technologies (e.g. African agriculture, Native American land management, aboriginal Australian dreamtime).Suggested background: Courses in global history and the history of science and technology. This course will be offered in 2021-22, and in alternating years thereafter.",3.0,3.0,2021 - 2022 Academic Year,C
HI 3341,HI,History,3341,Topics In Imperial And Postcolonial History,"Cat. II This seminar course examines topics in the history of European imperialism, colonialism, and the postcolonial aftermath. Topics vary each year among the following: culture and imperialism, the expansion of Europe, the economics of empire, travel and exploration narratives, imperialism in literature and anthropology, decolonization in Asia and Africa, postcolonial studies. Readings will include primary and secondary sources. This course will be offered in 2020-21, and in alternating years thereafter.",3.0,3.0,2021 - 2022 Academic Year,D
HI 3343,HI,History,3343,Topics In Asian History,"Cat. IThis seminar course examines topics in the cultural, socio-economic, religious and political history of East Asia. Topics vary each year and may include the following: nationalism and the writing of history, travel and exploration narratives, cross-cultural contact, the role of religion and ideology in political history, development and the environment in Asia, film and history, and the place of minorities and women in Asian societies. Suggested background: previous courses on Asia such as HU 1412, HI 2328, HI 2343, or RE 2724.",3.0,3.0,2021 - 2022 Academic Year,D
HU 1222,HU,Humanities,1222,Introduction To Medical Humanities,"Cat. II How do medicine, disease, health, and healing shape our experience of what it is to be human? What do literature, poetry, popular culture, or religious and spiritual traditions have to do with modern medical practices and institutions? This course provides an introduction to the interdisciplinary field of medical humanities, and its core set of concepts, questions, methodologies, and theoretical frameworks. The course will bring together and familiarize students with work from diverse fields of study, including comparative literature, the visual and performing arts, history of medicine, cultural studies, science and technology studies, anthropology, ethics, and philosophy. Potential course topics include the production and circulation of medical knowledge, embodied experiences of illness and affliction, cross-cultural perspectives on sickness and healing, the social and interpersonal dimensions of illness, illness and medicine in popular culture, and the ways in which humanistic inquiry can enhance and improve contemporary medical practices.",3.0,3.0,2021 - 2022 Academic Year,B
HU 140X,HU,Humanities,140X,"Men, Women, And Power","This survey course introduces students to the content and contours of Africana Studies as a discipline and highlights its genealogy, development, and future challenges. The course focuses on the black experience in its historical and current unfolding in the Americas, particularly the United States, the Caribbean, Canada, and Latin America. It also gives attention to how members of the Black Diaspora have engaged with Africa, and to how Africans have responded to the history of enslavement, colonialism, racism, and globalization. In this course, scholarly literature, film, music, photography, and artwork will be used to develop a critical understanding of the experience of Afro-descended peoples around the world. Recommended background: None.",3.0,3.0,2021 - 2022 Academic Year,C
HU 1411,HU,Humanities,1411,Introduction To American Studies,"Cat. II This interdisciplinary course introduces students to a number of basic American Studies methodologies. Emphasis will vary according to the instructor, but usually the course will cover the following: the textual and contextual analysis (at the community, national, and transnational levels) of literary works; the relationships between the literary, performing, and visual arts in a specific time period; the analysis of radio, film, television, and digital media forms at the level of production and reception; the mediation and remediation of cultural, social, and political history. This course will be offered in 2021-22, and in alternating years thereafter.",3.0,3.0,2021 - 2022 Academic Year,A
HU 1412,HU,Humanities,1412,Introduction To Asia,"Cat. IThis course will explore Asia through an interdisciplinary approach. We will examine tradition and modernity in some or all of four cultural regions-South Asia (India), East Asia (China), Southeast Asia (Vietnam or Thailand), Inner Asia (Tibet)-and globalization in Japan and/or Hong Kong. We will explore the cultural traditions of these various regions, paying special attention to history, religion, society. We will also consider modern developments in these same regions. The impact of colonialism, nationalism, revolution, industrialization and urbanization on the lives of Asian peoples will be illustrated through films and readings. No prior knowledge of Asian history or culture is expected.",3.0,3.0,2021 - 2022 Academic Year,A
HU 1500,HU,Humanities,1500,"Introduction To Gender, Sexuality & Women's Studies","Cat II. This foundational course offers an introduction to the interdisciplinary field of gender, sexuality and women’s studies . The course fosters critical examination of gender, sexuality and women and asks how the interlocking systems of oppression, including colonialism, racism, sexism, homophobia, transphobia, and ethnocentrism, shape people’s lives, and how individuals and groups have worked to resist these oppressions. Potential course topics include histories of gender activism, gender, sexuality and their relationships to the law, religion, reproduction, education, technology, and mental health, globalization and transnational experiences, and the role of popular culture. No prior background is required This course will be offered in 2020-21, and in alternating years thereafter.",3.0,3.0,2021 - 2022 Academic Year,C
HU 2222,HU,Humanities,2222,Topics In Medical Humanities,"Cat. II Topics in Medical Humanities provides students with opportunities to investigate the human (cultural, religious, historical, philosophical) dimensions of medicine, illness, and healing, from various perspectives in the humanities. Specific themes and topics will vary by section and instructor, and may include both historical and contemporary concerns, consideration of local, national, and/or global scales, and interdisciplinary methods and pedagogies drawn from a range of fields, such as comparative literature, the visual and performing arts, history of medicine, cultural studies, science and technology studies, anthropology, ethics, and philosophy. Students will analyze interactions between human beings and their environments, the production and circulation of medical and psychiatric knowledge, and historical, sociological, artistic, and literary considerations of medicine, health, and healing. This course will be offered in 2020-21, and in alternating years thereafter.",3.0,3.0,2021 - 2022 Academic Year,D
HU 2230,HU,Humanities,2230,Russia Ready: Language And Cultural Context,"This course will introduce students to the fundamentals of Russian language, current events and culture. Students will be expected to steadily build essential vocabulary, learn basic grammar and forms of address; they will also review major events of Russian history from the rule of Peter the Great to the Russian Revolution and the Soviet era developments - all of which are key to understanding of Russia today. All through the course, students will have assigned media topics ranging from the student life in Russia, to aerospace exploration to agricultural breakthroughs and political turmoil. Materials under study will include Russian language textbooks and grammar guides, current media, and film. This course is appropriate for students interested in all WPI's project centers in Eastern and Central Europe. Students may not receive credit for both HU 2230 and HU 223X.",3.0,3.0,2021 - 2022 Academic Year,C
HU 2258,HU,Humanities,2258,World Cinemas,"This course will examine works of film from multiple continents, drawing on film criticism and theory and attending to the development of film industries in several different cultural contexts and national traditions. Some iterations may turn on a broader survey, others on more particular engagements with wider inflections. For example, an offering emphasizing African film might attend not only to films made on the African continent but also to films emerging from the African diaspora in the Americas, and an offering emphasizing Italian film would also attend not only to the films made on the Italian peninsula but also to films emerging from the Italian diaspora in Australia and the United States. Recommended background: None, though HU 2251: Introduction to Film Studies will serve as useful preparation. This course will be offered in 2021-2022, and in alternating years thereafter.",3.0,3.0,2021 - 2022 Academic Year,C
HU 2340,HU,Humanities,2340,Popular Culture And Social Change In Asia,"Cat. II Godzilla, kung-fu, anime , sushi, Hello Kitty, yin and yang, Pokémon, manga . All of these have become part of our American lives, but where did they come from and what meaning do they hold as cultural phenomena? In this class we will explore the popular cultures of East Asia to better understand the influences that have shaped the region’s contemporary societies. Focus country will be either Japan or China, depending on term offered . Students will study various media of popular culture, such as films, songs, advertisements, video games, manga, anime , to explore the changing society of these countries. We will link the individual cultural phenomena studied to both internal and external influences, situating popular culture within transnational currents and exchanges when appropriate. No prior knowledge of Asian history is required for this class. This course will be offered in 2020-21, and in alternating years thereafter .",3.0,3.0,2021 - 2022 Academic Year,C
HU 2502,HU,Humanities,2502,Global Feminisms,"Cat. II Bringing together transnational, postcolonial, and indigenous feminist and queer lines of thought, this course provides a global perspective on the interdisciplinary field of gender, sexuality, and women’s studies . Motivated by the idea that marginalized peoples - including women, those who identify as non-binary, and ethnic, religious, and economic minorities - share common experiences of exclusion and common stories of resistance, this course fosters critical examination of the relationship between gender, sexuality, feminism, colonialism, and racism . It may consider this intersection through case studies from Africa, Asia, Latin America, and the Middle East with particular attention to places that host WPI project centers . This course will be offered in 2021-22, and in alternating years thereafter.",3.0,3.0,2021 - 2022 Academic Year,A
HU 3900,HU,Humanities,3900,Inquiry Seminar In Humanities And Arts,"Cat. IThis seminar serves as the culmination for a student's Humanities and Arts Requirement. The seminar provides opportunities for sustained critical inquiry into a focused thematic area. The seminar seeks to help students learn tocommunicate effectively, to think critically, and to appreciate diverse perspectives in a spirit of openness and cooperation through research, creativity, and investigation. The specific theme of each seminar will vary and will be defined by the instructor. Prior to enrolling in the seminar, a student must have completed five courses in Humanities and Arts, at least two of which must be thematically related and at least one of which must be at the 2000-level or above.",3.0,3.0,2021 - 2022 Academic Year,"A,B,C,D"
HU 3910,HU,Humanities,3910,Practicum In Humanities And Arts,"Cat. I The practicum serves as the culmination for a student's Humanities and Arts Requirement. The practicum provides opportunities for sustained critical inquiry into a focused thematic area. The practicum seeks to help students learn to communicate effectively, to think critically, and to appreciate diverse perspectives in a spirit of openness and cooperation through research, creativity, and investigation. The specific theme of each practicum will vary and will be defined by the instructor. Prior to enrolling in the practicum, a student must have completed five courses in Humanities and Arts, at least two of which must be thematically related and at least one of which must be at the 2000-level or above. Consent of the instructor is required for enrollment.",3.0,3.0,2021 - 2022 Academic Year,"A,B,C,D"
ID 2050,ID,Interdisciplinary,2050,Social Science Research for the IQP,"Cat. I This course is open to students accepted to off-campus IQP centers and programs . The course introduces students to research design, methods for social science research, and analysis . It also provides practice in specific research and field skills using the project topics students have selected in conjunction with sponsoring agencies . Students learn to develop social science hypotheses based upon literature reviews in their topic areas and apply concepts drawn from social psychology, anthropology, sociology, economics and other areas as appropriate . Students make presentations, write an organized project proposal, and develop a communication model for reporting their project findings . Some sections of this course may be offered as Writing Intensive (WI).",3.0,3.0,2021 - 2022 Academic Year,"A,B,C,D"
ID 207X,ID,Interdisciplinary,207X,Succeeding as an Introvert,"Does spending time in crowds or at a party wear you out? Do you enjoy spending time alone? Does the thought of working on a team make you nervous? Are you shy around your classmates? Do you tend to avoid small talk or get tongue-tied? Would you rather think about a problem than discuss it with others? If you answered yes to several of these questions, this course is for you. Society puts a strong emphasis on extroversion, and those that speak up often get heard the most and have their careers advanced the fastest. Yet some of our greatest thinkers and leaders have been introverts. However, the culture of WPI and the professions where team work is integral present challenges to introverts. Learning to work with others is crucial for career success. This course will help introverted students learn to thrive at college and throughout their careers. Students will learn about the nature of introversion, including the strengths and challenges of being an introvert. Students will also learn pertinent skills, such as how to successfully work on a team, give a presentation to a crowd, manage their energy levels, and have difficult conversations with others. Grading for this course will be on a Pass/NR basis.",1.5,1.5,2021 - 2022 Academic Year,"A,B"
ID 2314,ID,Interdisciplinary,2314,Cyberlaw And Policy,"Cat. II Rapidly developing technologies for computing, information management and communications have been quickly adopted in schools, businesses and homes. The growth of the Internet and of e-commerce, in particular, have given rise to an entirely new set of legal issues as the courts, Congress and international bodies struggle to keep pace with changing technology. This course addresses the government's role in the development of these technologies and the legal issues that result including questions regarding privacy rights, speech and defamation, and the application of patent and copyright law. Policy questions such as surveillance of e-mail, regulation of content, mandates on the use of filters, and the responsibilities and liability of internet service providers are also discussed. Additional policies studied include attempts to control Internet content and enforce international judgments (resulting from e-commerce or cyber-crime) by foreign states and/or international organizations. Students are expected to integrate knowledge of technology with law, politics, economics and international affairs.",3.0,3.0,2021 - 2022 Academic Year,C
ID 2999,ID,Interdisciplinary,2999,Independent Study Base,,1.5,1.5,2021 - 2022 Academic Year,A
ID 3100,ID,Interdisciplinary,3100,Teaching Methods In Mathematics And Science,"Cat. I Within the context of contemporary secondary education in mathematics and science (biology, chemistry, physics), ID 3100 introduces and demonstrates effective teaching methods as they relate to curriculum goals and current methods of assessment . These methods take into account diverse learning styles as well as various technological resources . Topics to be covered include: a brief history of education; curriculum and course guidelines (Massachusetts Education Reform and regulations 603 CMR 7 .00, state curricular frameworks, national standards); legal issues; developing a course syllabus; and the issue of breadth versus depth in course planning and delivery . The course also covers practical questions of organizing, delivering and assessing a course . This course is intended primarily for students interested in completing the Massachusetts requirements for teacher licensing . This program is aimed primarily at majors in mathematics, physics, chemistry, biology, and certain engineering fields wishing to be licensed to teach in middle or high school in one of those disciplines . A portion of the course requires students to complete field work in a local classroom to assist them in beginning to acquire the appropriate skills to conduct their own classes in mathematics, science, or engineering at the secondary school level . Recommended background: Principals of educational psychology including: understanding student characteristics, the learning process, motivation to learn, student diversity; evaluating student learning (PSY 2401) Note, this course is typically held off campus at Doherty High School (approximately 1 mile from campus) so please plan for travel time when signing up .",3.0,3.0,2021 - 2022 Academic Year,D
ID 3150,ID,Interdisciplinary,3150,"Light, Vision And Understanding","Cat. II By using material from the sciences and the humanities this course examines the ways in which ideas of knowledge and of human nature have been fashioned. The specific topics include physical theories about light, biological and psychological theories of visual perception, and artistic theories and practices concerned with representation. The mixing of material from different academic disciplines is deliberate and meant to counter the notion that human pursuits are “naturally” arranged in the neat packages found in the modern university. The course draws upon the physical and social sciences, and the humanities, to examine how those fields relate to one another, and how they produce knowledge and self-knowledge. Cultural as well as disciplinary factors are assessed in this process. Light, Vision, and Understanding is conducted as a seminar. The diverse collection of reading materials includes a number of primary texts in different fields. In addition, the students keep a journal in which they record the results of numerous individual observations and experiments concerning light and visual perception. The course can fit into several areas of depth as well as serve as a starting point for an IQP. There are no specific requirements for this course, although some knowledge of college-level physics, as well as an acquaintance with the visual arts, is helpful. This course will be offered in 2020-21, and in alternating years thereafter.",3.0,3.0,2021 - 2022 Academic Year,A
ID 3200,ID,Interdisciplinary,3200,Sheltered English Immersion Endorsement Course For Teachers,"This course is to prepare undergraduates looking to become future Commonwealth teachers with the knowledge and skills to effectively shelter their content instruction, so that the growing population of English language learners (ELLs) can access curriculum, achieve academic success, and contribute their multilingual and multicultural resources as participants and future leaders in the 21st century global economy . Recommended background: Teaching Methods or equivalent.",3.0,3.0,2021 - 2022 Academic Year,A
ID 3525,ID,Interdisciplinary,3525,Spanish American Film/Media: Cultural Issues,"Cat. II Through Latin American and Caribbean films, and other media sources, this course studies images, topics, and cultural and historical issues related to modern Latin American and the Caribbean. Within the context and influence of the New Latin American Cinema and/or within the context of the World Wide Web, radio, newspapers, and television the course teaches students to recognize cinematographic or media strategies of persuasion and to understand the images and symbols utilized in the development of a national/regional identity. Among the topics to be studied are: immigration, gender issues, national identity, political issues, and cultural hegemonies. Taught in advanced level Spanish. May be used toward foreign language Minor, or Major. Recommended Background: SP 2521 and SP 2522, and SP 3523. This course will be offered in 2021-22, and in alternating years thereafter.",3.0,3.0,2021 - 2022 Academic Year,A
ID 3527,ID,Interdisciplinary,3527,Technical And Business Spanish,"Cat. II The course focuses on the linguistic concepts, terminology, and grammar involved in business and technical Spanish. Students will be required to produce and edit business documents such as letters, job applications, formal oral and written reports, etc. The objective of this course is to help students develop the basic written and oral communication skills to function in a business environment in Latin America and the Caribbean. Recommended background: SP 2521 and SP 2522. This course will be offered in 2015-16, and in alternating years thereafter. This course satisfies the Inquiry Practicum requirement.",3.0,3.0,2021 - 2022 Academic Year,C
ID 3529,ID,Interdisciplinary,3529,Caribbeanness: Voices Of The Spanish Caribbean,"Cat. II A survey of Caribbean literature and arts that takes a multimedia approach to examining the different voices that resonate from the Spanish Caribbean and what appears to be a constant search for identity. By studying the works of major authors, films, music and the plastic arts, we will examine the socio-cultural context and traditions of this region in constant search for self-definition. Special attention will be given to the influential role ethnicity, colonialism, gender and socio-economic development play in the interpretation of works from Puerto Rico, Cuba, the Dominican Republic, Colombia and Venezuela as well as those of the Caribbean diaspora. This course is taught in Spanish. Recommended background: SP 3521 (Advanced Spanish I) and SP 3522 (Advanced Spanish II) or equivalent. This course will be offered in 2016-17, and in alternating years thereafter. This course satisfies the Inquiry Practicum requirement.",3.0,3.0,2021 - 2022 Academic Year,D
ID 527,ID,Interdisciplinary,527,Fundamentals Of Scientific Teaching And Pedagogy,"A ten session course run each summer for graduate students and postdocs to bolster teaching proficiency through in depth and interactive sessions on the science behind student learning, scientific teaching, assessments and rubrics, active learning, project based learning, teaching technology, inclusive teaching and universal design, classroom and course management, and course design. Participants will learn through both lecture and practicum sessions each week, and will work in small groups to develop a short teachable unit incorporating the techniques learned throughout the course, which they will ultimately present at the conclusion of the series. Students will also individually develop their own statement of teaching philosophy and receive feedback on this document, a required document for most faculty job applications.",0.0,0.0,2021 - 2022 Academic Year,"A,B"
IGS 501,IGS,Intergrative & Global Studies,501,"Theorizing Place, Community, and Global Environmental Change","This proseminar explores the relationship between global and local contexts at different scales, with a focus on how communities can change and thrive under conditions of global environmental change. We explore the theoretical and practical understandings of, and strategies for, cultural and technological change as enacted in specific places by people whose identities, practices, and values vary widely, and who are impacted differentially by the historical, structural, and environmental conditions that they both create and encounter. Students will complete an individual depth assignment that could be a substantive research paper, project proposal, or community service activity for the degree portfolio. They will also participate in the DIGS/Global School Speaker Series, and will use that content to engage with course readings as well as their own projects. Recommended background: Admission to the CCA program, MS or BS/MS track.",3.0,3.0,2021 - 2022 Academic Year,"A,B"
IGS 505,IGS,Intergrative & Global Studies,505,Qualitative Methods for Community-Engaged Research,"This course advances student knowledge of research design and methods, emphasizing frameworks, strategies, and qualitative methods for community-engaged studies. In this course, students engage with alternative frameworks, including community based (participatory) research and citizen science, to build understandings about the continuum of the research process. Process elements include planning and design, implementation, evaluation, dissemination, and assessing policy implications, as they are applied in deeply collaborative action research settings. This course explores strengths, weaknesses, and challenges of different data gathering and analytic methods through exploration of prior studies, and considers how these research approaches intersect with social, cultural, and institutional practices and ethical standards. Students work in teams to develop proposals for a Graduate Qualifying Project that addresses the needs of an outside project partner. Recommended background: Admission to the CCA MS program, completion of social science research methods course (e.g., ID2050 or equivalent), or permission of instructor.",2.0,2.0,2021 - 2022 Academic Year,A
IGS 510,IGS,Intergrative & Global Studies,510,Human Dimensions of Global Environmental Change,"This course provides the groundwork for understanding the historical, sociocultural, and political-economic impacts of climate change in the Anthropocene. Building upon a basic understanding of climate science, this course addresses how global environmental change is mediated by social, political, economic and cultural systems. Case studies are used to scrutinize how efforts to mitigate and adapt to impacts can overcome or exacerbate existing inequities. Through a focus on how responses emerge in specific places and times, students explore how they can play a role in efforts by communities around the world as these communities adapt to existing and developing environmental changes, face decisions about retreat, and plan for the future. Recommended background: Admission to the CCA MS or BS/MS program, as well as CE 575, or another course in climate science, or permission of instructor.",2.0,2.0,2021 - 2022 Academic Year,B
IMGD 1000,IMGD,Interactive Media & Game Development,1000,Critical Studies Of Interactive Media And Games,"Cat. I This course introduces non-technical studies of computer-based interactive media and games. The course develops a vocabulary for discussing games and other interactive media, and tools for analyzing them. Students are expected to provide written critiques using the critical approaches presented in the course. The games and other interactive media critiqued may be commercially available or under development.",3.0,3.0,2021 - 2022 Academic Year,"A,B,C"
IMGD 1001,IMGD,Interactive Media & Game Development,1001,The Game Development Process,"Cat. I This course discusses the process of game development. It examines the roles of different participants in the development process and how the technical development and the artistic development proceed in tandem. Group work is emphasized, especially the importance of collaboration between technical and artistic efforts. Students are expected to participate in game development using appropriate game development tools.",3.0,3.0,2021 - 2022 Academic Year,"A,B"
IMGD 1002,IMGD,Interactive Media & Game Development,1002,Storytelling In Interactive Media And Games,"Cat. IThis course explores different types of story within gaming and other interactivemedia. It delineates between linear, branching, and emergent storytelling,identifies hybrids, and finds new modes of making compelling narrative. Avariety of games are discussed, including early text-based adventures, role-playinggames, shooters, and strategy games. Students will construct characters situations, and narratives through game play and scripted cut scenes. Studentswill explore and use visual storytelling techniques.",3.0,3.0,2021 - 2022 Academic Year,D
IMGD 2000,IMGD,Interactive Media & Game Development,2000,Social Issues In Interactive Media And Games,"Cat. IThis course provides students with a realistic assessment of the potential andproblems related to interactive media and games, especially computer games,and their effects on society. Topics include individual and group behavior,diversity, human responsibility, ethical and legal issues, and intellectual property.The course examines the issues from various points of view, and discover thepolitical, social, and economic agendas of the people or groups championingthose points of view. Students will write papers, participate in discussions, andresearch related topics.Recommended background: IMGD 1000.",3.0,3.0,2021 - 2022 Academic Year,C
IMGD 2030,IMGD,Interactive Media & Game Development,2030,Game Audio I,"This course serves as an introduction to game audio, where the basics of audio theory and production are discussed along with practical applications for use in game development. Topics may include music, sound effects, dialogue, soundscape design, digital signal processing, basic audio engine principles, and the aesthetic vs. technical considerations in game audio production. Lab exercises may include an introduction to audio editing and mixing, dynamics and effects processing, creating and timing sound effects to character animations, mixing for cinematics, and audio integration using a 3D engine. Recommended background: IMGD 1000 and IMGD 1001. This course assumes no prior knowledge of audio production.",3.0,3.0,2021 - 2022 Academic Year,"A,B"
IMGD 2048,IMGD,Interactive Media & Game Development,2048,Technical Art And Character Rigging,"This course will focus on making digital art functional in a video game environment. Students will learn the skills necessary to create and optimize their art assets through several creative and technical solutions that are all geared towards making high quality game art. This course will allow students to form a greater understanding of the bridge between pure art creation and interactive art implementation into a game engine. The course explores the many problems and technical restrictions one is faced with when trying to implement anything from animated characters to textures and focuses on how one can creatively apply technology to achieve high quality results. Topics covered include: creating complex character rigs, optimizing character meshes for rigging, shader creation, optimizing UV space and baking texture files and lighting. Recommended background: Basic knowledge of 3D modeling, texturing and animation (IMGD 2101 and IMGD 2201 or equivalent). Students may not receive credit for both IMGD 204X and IMGD 2048.",3.0,3.0,2021 - 2022 Academic Year,B
IMGD 2101,IMGD,Interactive Media & Game Development,2101,3d Modeling I,"Cat. I 3D modeling is concerned with how to render created forms in a virtual environment. This course covers 3D modeling applications in video game development, film production, product design and fine art. Topics may include creating and armature, modeling organic and hard surfaces and sculpting using traditional techniques applied to a 3D model. Students will create works suitable for presentation in professional quality portfolio. Recommended background: AR1100 and AR1101.",3.0,3.0,2021 - 2022 Academic Year,"A,C"
IMGD 2222,IMGD,Interactive Media & Game Development,2222,2d Animation I,"Cat. I. 2D Animation I teaches students how to draw, pose, breakdown and in-between characters for 2D animation, focusing on weight, balance, timing, and movement to achieve well-structured and fluid animation. Lectures and projects are conducted to train students in the twelve classical animation principles using digital 2D media. Projects and lectures are designed to practice the fundamentals of traditional frame-by-frame and hand-drawn character animation. Recommended background: Basic knowledge of figure drawing (AR 2202) and digital art software (AR 1101) is recommended.",3.0,3.0,2021 - 2022 Academic Year,"B,C"
IMGD 2333,IMGD,Interactive Media & Game Development,2333,3d Animation I,"Cat. I 3D Animation I teaches students how to use 3D animation software to apply classical animation principles into 3D work . Lectures focus on creating organic and compelling character animation through body mechanics, weight, and dynamic posing in addition to exposing students to learning how to think about character acting and staging within a 3D environment . Recommended background: Basic knowledge digital art software (AR 1101) is recommended. Suggested background: Basic knowledge of animation (IMGD/AR 2222).",3.0,3.0,2021 - 2022 Academic Year,"A,C"
IMGD 2400,IMGD,Interactive Media & Game Development,2400,Writing Characters For Interactive Media & Games,"Cat. II This course will present concepts and skills necessary to create compelling characters in interactive media and games. Topics covered may include the 3 dimensions of character, growth and development of the player-character and non-player characters, dialogue, character relationships and evoking emotions through rhetorical tropes. Recommended background: Previous experience in the fundamentals of writing for interactive media and games, such as that provided by IMGD 1002: Storytelling for Interactive Media and Games. Students may not receive credit for both IMGD/WR 2400 and IMGD 240X.",3.0,3.0,2021 - 2022 Academic Year,"A,B"
IMGD 2500,IMGD,Interactive Media & Game Development,2500,Design Of Tabletop Strategy Games,"Cat. IIThe objective of the course is to teach students how to design board strategygames. The design principles are transferable to other types of games, such ascomputer games. Game quality issues such as rules unambiguity, depth,complexity, branching width, balance, and historical content are examined.Basic elements and types of game rules, such as map gridding, restricted playchoices, resource limitations, and depths of game economics are discussed.Central to the course is the game design project: students design, playtest, anddevelop their own game. One two-hour laboratory a week covers play, andplaytesting, and supports the game design project.Recommended background: IMGD 1000.This course will be offered in 2016-17, and in alternating years thereafter.",3.0,3.0,2021 - 2022 Academic Year,C
IMGD 2700,IMGD,Interactive Media & Game Development,2700,Digital Painting,"Cat. I This course covers painting techniques as applied to texturing a 3D asset or illustration/conceptual art. Topics include are color theory, study of form, lighting, applying traditional painting ideas to the digital format, character design, generation of ideas and a history of digital painting. Each class features a demonstration on the topic followed by individual critique and study. Students work towards a final project that may be suitable for an Art portfolio. Recommended background: AR 1101, AR 2202",3.0,3.0,2021 - 2022 Academic Year,A
IMGD 2740,IMGD,Interactive Media & Game Development,2740,3d Environmental Modeling,"Cat. IIThe objective of this course is to teach students how to create 3D environments and props for use in digital models, simulations, games, or animation. The course will examine different types of architecture used in 3D spaces. The students will learn how to create historical and fictional interior and exterior environments; to design, model, texture, and render in high details; and to import their creation into an engine for testing. Topics may include space, human scale, set design, surface texturing, and basic camera animation. Students may not receive credit for IMGD/AR 2740 and IMGD/AR 205X.Recommended Background: Basic 3D modeling skills (AR 1101)This course will be offered in 2020-21, and in alternating years thereafter.",3.0,3.0,2021 - 2022 Academic Year,D
IMGD 2900,IMGD,Interactive Media & Game Development,2900,Digital Game Design I,"Cat. ISoftware engineering and art production are the means of digital gamedevelopment, but the end is an experience. Game design is the process ofcreating, describing, implementing and iteratively refining that experience. Thisteam-oriented, project-based course provides opportunities for students todevelop hands-on expertise with digital game design through a combination ofpractical implementation, in-class critique and playtesting. A focus of the courseis the functional expression of design through the use of game engine scripting.Students keep a weekly journal of their design experiences. A final exam teststheir knowledge of design concepts and terminology.Recommended Background: Intermediate programming experience (such as from CS 2102 or CS 1004), knowledge of game studies (IMGD 1000 or equivalent) and the game development process (IMGD 1001 or equivalent).",3.0,3.0,2021 - 2022 Academic Year,D
IMGD 2905,IMGD,Interactive Media & Game Development,2905,Data Analysis For Game Development,"This course will cover basic concepts of probability and data analysis as theyapply to the design and analysis of interactive media and games. Students will study appropriate use of probability distributions in the design of interactiveexperiences, and the use of data analysis methods to understand user behaviorin games and other interactive experiences.Topics will include discrete and continuous probability distributions, programming techniques to produce samples from different distributions, descriptive statistics, exploratory data analysis and using existing tools to collect and analyze data from gameplay.This course counts toward the Quantitative Science component of the university-wide Mathematics and Science Requirement for IMGD majors only.Recommended background: High school algebra",3.0,3.0,2021 - 2022 Academic Year,D
IMGD 3000,IMGD,Interactive Media & Game Development,3000,Technical Game Development I,"Cat. IThis course teaches technical Computer Science aspects of game development,with the focus of the course on low-level programming of computer games.Topics include 2D and 3D game engines, simulation-type games, analog anddigital controllers and other forms of tertiary input. Students will implementgames or parts of games, including exploration of graphics, sound, and music asit affects game implementation.Recommended background: CS 2303.",3.0,3.0,2021 - 2022 Academic Year,C
IMGD 3101,IMGD,Interactive Media & Game Development,3101,3d Modeling II,"Cat. I This course will build upon the skills learned in 3D MODELING with studies in life drawing/anatomy study and application towards completed character models. Students will create high resolution sculpts for real-time game environments and animation. Topics covered will be character design as it applies to 3D MODELING, creating realistic design sculpts and incorporating them into a game environment as well as the study of anatomy as it applies to organic modeling. Recommended background: AR 1101, IMGD/AR 2101, AR 2202",3.0,3.0,2021 - 2022 Academic Year,B
IMGD 3200,IMGD,Interactive Media & Game Development,3200,Interactive Electronic Arts,"Cat. I This course introduces students to techniques and processes for the creation of real-time, interactive works of art. Students learn to use electronic sensors and other tools for audio, graphics, and video processing, as well as design customized software interfaces to create interactive artworks that respond to users and their environment. The course also introduces students to the work of significant contemporary arts practitioners as well as their historical precedents, with a special emphasis on inter-media works that bridge visual art, music composition, and the performing arts. Topics may include electronic musical instruments and performance interfaces, computer vision, VJing, electronically augmented dance, controller hacking, wired clothing, networked collaboration and mobile media, and algorithmic and generative art. Recommended background: Animation (AR/IMGD 2101 or equivalent), and exposure to digital audio or music and introductory programming.",3.0,3.0,2021 - 2022 Academic Year,A
IMGD 3210,IMGD,Interactive Media & Game Development,3210,Human Figure in Motion,"This course offers in-depth analysis of the human figure in action. Motion is analyzed and studied through drawing and sketching of live models, video clips, performance and pantomime, studying not only the physical exterior but also how thoughts and emotion are expressed through gesture. Students will develop skill in figure posing and staging for applications in animation, storyboards, comics, and illustration. Recommended background: Observational and gesture drawing and color (AR 1101), experience drawing live model (AR 2202), composition skills and color (AR/IMGD 2700).",3.0,3.0,2021 - 2022 Academic Year,D
IMGD 3222,IMGD,Interactive Media & Game Development,3222,2d Animation II,"Cat. IThis course will build upon the techniques learned in IMGD/AR 2222. Students will learn to apply the animation principles to character animation. Students are taught how to tell a compelling, character-driven story through a focus on character acting techniques such as body language, lip-syncing, facial animation, and micro-expressions. Additional topics covered may include sprites for games, biped and quadruped animation, and 2D animation pipelines. Students will create animated sequences that are intended to serve as a narrative structure for games and other media.Recommended background: Knowledge of digital 2D animation techniques and classical animation principles (IMGD/AR 2222).",3.0,3.0,2021 - 2022 Academic Year,C
IMGD 3333,IMGD,Interactive Media & Game Development,3333,3d Animation II,"Cat. IThis course will build upon the techniques learned in IMGD/AR 2333. Students will learn to apply the animation principles with a focus on character acting and cinematic animation. Students are taught how to tell a compelling, character-driven story through a focus on acting techniques such as body language, lip syncing, facial animation, and micro expressions whilst incorporating digital cinematography techniques. Additional topics covered may include creating 3D simulations for hair and cloth, biped and quadruped animation, and 3D animation pipelines. Students will create animated sequences that are intended to serve a narrative structure for games and other media.Recommended background: Knowledge of digital 3D animation techniques and classical animation principles (IMGD/AR 2333).",3.0,3.0,2021 - 2022 Academic Year,D
IMGD 3400,IMGD,Interactive Media & Game Development,3400,Writing Narrative For Interactive Media & Games,"Cat. II This writing-intensive course covers concepts and skills necessary to write and implement narrative in interactive media and games. Topics include themes and style, different types of games and platforms, systemic storytelling, linear vs. non-linear narratives, editing, writing with purpose and audience in mind, and collaboration with other members of a development team. Recommended background: Previous experience in writing for interactive media and games, such as that provided by IMGD/WR 2400: Writing Characters for Interactive Media & Games. Students may not receive credit for both IMGD/WR 3400 and IMGD 340X.",3.0,3.0,2021 - 2022 Academic Year,C
IMGD 3500,IMGD,Interactive Media & Game Development,3500,Artistic Game Development I,"Cat. I This course focuses on the unique problems presented to the artist when working in game development. Students will learn game art pipelines and how to prepare art assets for use in game engines. Topics may include modular level design, 3D architecture, texturing and shaders, high poly and low poly workflows, environments, lighting, particle effects, and character animation for games. Students will create original art for compelling game experiences by designing their own levels. Recommended background: 3D modeling (IMGD/AR 2101 and 3101), digital painting (IMGD/AR 2700), 3D animation (IMGD/AR 2333).",3.0,3.0,2021 - 2022 Academic Year,B
IMGD 3700,IMGD,Interactive Media & Game Development,3700,Concept Art And Creative Illustration,"Cat. I This course covers drawing as it applies to concept art and illustration. The course begins with study of a human model and representational drawing. Following this, students work on drawing from the mind and applying the lessons learned from the figure drawing to creating concept art and illustration. Topics covered are shape recognition and recalling, inventing from the mind, creative starters, study of form and light, visual composition and developing a personal approach, working with individual strengths to create a compelling visual design. Students create a series of concept art exercises and apply these skills towards a personal project of their own. Recommended background: AR 2202, IMGD/AR 2700",3.0,3.0,2021 - 2022 Academic Year,B
IMGD 4000,IMGD,Interactive Media & Game Development,4000,Technical Game Development II,"Cat. IThis course focuses on the application of advanced Computer Science topics asthey impact game development. Networking and distributed systems issues areaddressed, including scalability and latency compensation techniques, fordesigning games for online multi-player environments. AI, graphics andphysics techniques specific to game development are discussed. Students willimplement games or parts of games that apply advanced Computer Sciencetopics.Recommended background: IMGD 3000.",3.0,3.0,2021 - 2022 Academic Year,D
IMGD 4030,IMGD,Interactive Media & Game Development,4030,Advanced Topics in Interactive Audio,"This course provides students the opportunity to gain hands-on proficiency with the complete audio development pipeline for interactive applications, from concept and asset creation to post-production and integration. Topics may include custom recording techniques; procedural audio generation; audio object states and conditions; asset management; automated effects processing; and spatial presentation of audio in stereo, surround and mixed/virtual reality formats. Recommended background: Prior experience with editing and mixing techniques on a digital audio workstation (such as provided by IMGD 2030), together with experience in studio and field recording of audio and voices (such as provided by IMGD 3030).",3.0,3.0,2021 - 2022 Academic Year,D
IMGD 4099,IMGD,Interactive Media & Game Development,4099,Special Topics In Imgd,"Cat. II (1/6 – 1/3 unit) Arranged by individual faculty with special expertise, this course explores emerging and experimental topics that are not covered by the regular IMGD offerings . Content and format varies to suit the interests and needs of the faculty and students . Specific course descriptions are disseminated by IMGD program in advance of the offering . This course may be repeated for different topic offerings . Recommended background: Varies depending on topic.",3.0,3.0,2021 - 2022 Academic Year,D
IMGD 4100,IMGD,Interactive Media & Game Development,4100,Artificial Intelligence For Interactive Media And Games,"Cat. II Algorithms and programming techniques from artificial intelligence (AI) are key contributors to the experience of modern computer games and interactive media, either by directly controlling a non-player character (NPC) or through more subtle manipulation of the environment. This course will focus on the practical AI programming techniques currently used in computer games for NPC navigation and decision-making, along with the design issues that arise when AI is applied in computer games, such as believability and real-time performance. The course will also briefly discuss future directions in applying AI to games and media. Students will be expected to complete significant software development projects using the studied techniques. Recommended background: object-oriented design concepts (CS 2102 or CS 2103), algorithms (CS 2223), and knowledge of technical game development (IMGD 3000). This course will be offered in 2019-20, and in alternating years thereafter.",3.0,3.0,2021 - 2022 Academic Year,B
IMGD 4200,IMGD,Interactive Media & Game Development,4200,History And Future Of Immersive And Interactive Media,"Cat. IIThis course will familiarize students with the history of the development,deployment, commercialization, and evolution of immersive and active media.The lesson plan will cover a broad range of enabling technologies, such asgeometric perspective drawing, pre-20th-century panoramic displays,photography and the stereoscope, sound recording and reproduction, motionpictures, radio and television, the planetarium, immersive and 3-dimensionalcinema, and special attraction venues, with a particular focus on digital games.Current trends and future directions will also be considered. Students will attendseminars and lectures, read and discuss texts on media history and aesthetics,and write an original research paper. Midterm and final exams test students' knowledge and understanding of important events and developments. A studentmay not receive credit for both IMGD 4200 and IMGD 5200.Recommended background: IMGD 1000, EN 2211 and either IMGD 2000or IMGD 2001.Students may not receive credit for both IMGD 4200 and IMGD 402X.This course will be offered in 2015-16, and in alternating years thereafter.",3.0,3.0,2021 - 2022 Academic Year,C
IMGD 420X,IMGD,Interactive Media & Game Development,420X,Graphical Simulation Of Physical Systems,"This course focuses on the digital simulation of physical systems and strategies for interactive representation. Topics include: Parallel computing on graphics processing units (GPUs), realtime graphics techniques, the history of analog interactive visuals, and interaction techniques for controlling digital simulations. Students will explore analog physical systems (such as fluids and video feedback) and use these explorations to guide the development of digital simulations.Recommended background: programming experience, such as is provided by(CS 2102/ CS 2103 / CS 210X / CS 2119) or (CS 2301 / CS 2303). Computer graphics programming, such as is provided by CS 4731.",3.0,3.0,2021 - 2022 Academic Year,C
IMGD 4403,IMGD,Interactive Media & Game Development,4403,Motion Capture Techniques,"Cat. II This course will introduce students to the principles of motion capture as applied to the production of digital games and cinema. Topics will include the study of different forms of mocap technology, the design of efficient animation pipelines, techniques for combining keyed and mocap animation, and real-time capture into game engines. Students will gain experience in directing actors, blending hand-keyed animations, applying the laws of physics to motion data sets, building tools and troubleshooting captured data. Students cannot receive credit for both IMGD 4403 and IMGD 440X. Recommended background: Students should have knowledge of basic 3D animation principles and software such as is provided by IMGD/AR 2333: 3D Animation I. They should also have knowledge of structural anatomy and kinematics such as is provided by IMGD 2048: Technical Art and Character Rigging.",3.0,3.0,2021 - 2022 Academic Year,B
IMGD 4500,IMGD,Interactive Media & Game Development,4500,Artistic Game Development II,"Cat. IThis course focuses on the integration and organization of the various artisticelements used in game development. The course examines user interaction,interface design, and existing paradigms in current games. Students willcombine elements of level design, animation, music, sound, and writing tocreate an aesthetically appealing game.Recommended background: IMGD 1002, IMGD 3500, MU 1611.",3.0,3.0,2021 - 2022 Academic Year,D
IMGD 4900,IMGD,Interactive Media & Game Development,4900,Digital Game Design Studio,"Cat. II This studio course will provide students an opportunity to collaborate on the creation of an original game project, with an emphasis on the importance of scoping and a thorough, well-documented design. Students will form project teams, create a team Web site, and design, implement and test their project using industry-standard tools and methods. Recommended background: IMGD 2900 (Digital Game Design I) Suggested background: IMGD 3000 (Technical Game Development I) or IMGD 3500 (Artistic Game Development I) This course is offered in 2016-17, and in alternating years thereafter.",3.0,3.0,2021 - 2022 Academic Year,B
IMGD 5000,IMGD,Interactive Media & Game Development,5000,Imgd Studio,"This is a “studio” course in which the instructor will guide and mentor the students on individual and/or joint projects . The focus of the course will be on the design of interactive media and games, with the students designing (and optionally implementing) one or more games or interactive experiences . There will also be readings and discussion of design theory as it relates to student projects . This course can be taken for M .S . credit twice if desired.",3.0,3.0,2021 - 2022 Academic Year,"A,B,C,D"
IMGD 5010,IMGD,Interactive Media & Game Development,5010,IMGD Fundamentals,"In this course, students learn foundational theories and gain foundational skills in interactive media, game development, and computational media targeted at the graduate level, for students with a prior undergraduate background in related fields. Students will read about contemporary challenges in application of these fundamentals to IMGD-related projects, and build disciplinary knowledge and practices necessary for the creation of interactive media and/or games. Topics covered in this course alternate each year based on instructor. Different instantiations of the course cover topics in programming and computing in media contexts (computation studio), art asset conceptualization, creation, and iteration (visual arts studio), audio remixing and composition methods (audio lab), and narrative in interactive contexts (narrative design lab). This course will be offered each year, with topic defined by the faculty member teaching it.",3.0,3.0,2021 - 2022 Academic Year,"C,D"
IMGD 5099,IMGD,Interactive Media & Game Development,5099,Special Topics,,2.0,2.0,2021 - 2022 Academic Year,"A,B,D"
IMGD 5200,IMGD,Interactive Media & Game Development,5200,History And Future Of Immersive And Interactive Media,"This course will familiarize students with the history of the development, deployment, commercialization, and evolution of immersive and active media . The lesson plan will cover a broad range of enabling technologies, such as geometric perspective drawing, pre-20th-century panoramic displays, photography and the stereoscope, sound recording and reproduction, motion pictures, radio and television, the planetarium, immersive and 3-dimensional cinema, and special attraction venues, with a particular focus on digital games . Current trends and future directions will also be considered . Students will attend seminars and lectures, read and discuss texts on media history and aesthetics, and write an original research paper . Midterm and final exams test students’ knowledge and understanding of important events and develop ments . A student may not receive credit for both IMGD 5200 and IMGD 4200 . (Prerequisites: An understanding of dominant themes and genres in video games)",3.0,3.0,2021 - 2022 Academic Year,"C,D"
IMGD 5300,IMGD,Interactive Media & Game Development,5300,Design Of Interactive Experiences,"This course will introduce students to the theories of design, the purpose of which is to guide students in articulating a design vision that can then be implemented in an interactive experience such as a computer game or an art installation . The design elements addressed in this course are as follows: narrative, visual, sound, spatial, challenges and objectives, and characters . This course also emphasizes the communicative strategies needed to sell other people on a design in order to enter production, convince investors, and engage users . Students will be required to design an environment that is populated in a meaningful way that is dependent on the purpose of their visions . They will provide mock-ups of this environment that they must present to their stakeholders - the professor and peers - and finally create prototypes that help them sell their design idea . Throughout the class, students will be writing their designs in professional genres, presenting their designs to the class (often called a pitch), and discuss the theories and practices of design during in-class meetings . (Prerequisites: A course on game design, or equivalent work experience)",3.0,3.0,2021 - 2022 Academic Year,"A,B"
IMGD 5500,IMGD,Interactive Media & Game Development,5500,Serious and Applied Games,"This course covers methods and analysis for designing, implementing, and assessing games in serious, applied contexts. Often called “serious games” or “applied games”, these are game-based media that teach, engage with social issues, aim to increase empathy, or affect behavioral change. Students will read contemporary literature in the field of serious and applied games, design and implement their own games, and measure the effectiveness of those games in achieving educational or motivational goals.",3.0,3.0,2021 - 2022 Academic Year,"C,D"
IMGD 595,IMGD,Interactive Media & Game Development,595,Independent Study,,0.0,0.0,2021 - 2022 Academic Year,"A,B"
IMGD 6000,IMGD,Interactive Media & Game Development,6000,IMGD Colloquium,(1 credit) This course introduces students to the state of the field and current research in the program. Both faculty and external visitors to IMGD will speak at the colloquia on contemporary and emergent topics in interactive media and game design. This course is taken with a pass/fail grading option.,1.0,1.0,2021 - 2022 Academic Year,"C,D"
INTL 1100,INTL,International & Global Studies,1100,Introduction To International And Global Studies,"Cat. IAn introduction to the main concepts, tools, fields of study, global problems, and cross-cultural perspectives that comprise international and global studies. No prior background is required. Especially appropriate for students interested in any of WPI's global Project Centers.",3.0,3.0,2021 - 2022 Academic Year,"A,C"
INTL 1300,INTL,International & Global Studies,1300,Introduction To Latin America,"Cat. IThis course reviews the past and present of South America, Central America and the Caribbean through an interdisciplinary approach. It examines historical and contemporary issues related to social mobilization, cultural innovation, political activism, economic development, and environmental sustainability through the critical analysis of books, films, and creative arts from and about the region. It also presents an overview of Latin American relations with other parts of the world through the region’s experiences with global culture, migration, imperialism, dependency, and entanglements with the United States. This course is especially appropriate for students who expect to complete their HUA, IQP, and/or MQP at WPI project centers in Latin America. No prior knowledge is expected. Recommended background: None.",3.0,3.0,2021 - 2022 Academic Year,A
INTL 2100,INTL,International & Global Studies,2100,Approaches To Global Studies,"Cat. I This course examines the major theoretical and methodological approaches that characterize global studies . Since the end of the Cold War, new forms of transnational integration, interdependence and conflict have been considered examples of globalization . Yet this period is not the first to undergo such transformation, and the “global” is often experienced in disparate ways around the world . This course examines the diverse ways of understanding globalization in the past and present . No prior background is required . Especially appropriate for students interested in any of WPI’s global Project Centers .",3.0,3.0,2021 - 2022 Academic Year,D
INTL 2410,INTL,International & Global Studies,2410,Modern Africa,"This interdisciplinary course takes a thematic approach to modern Africa. Topics and themes will vary each time the course is taught, and may include African kingdoms, the influence of Islam, the legacy of the Atlantic slave trade, imperialism and decolonization, democratization, the politics of language, or African literature and art. Examples and case studies will include locations where WPI has programs in this diverse and dynamic region. No prior background required. Students may not receive credit for both INTL 2410 and HU 2441. Recommended background: None.",3.0,3.0,2021 - 2022 Academic Year,D
INTL 2420,INTL,International & Global Studies,2420,"Middle East, North Africa and Mediterranean","This interdisciplinary course takes a thematic approach to the Middle East, North Africa and Mediterranean region. Themes and topics will vary each time the course is taught, and may include religion and culture, national, ethnic and linguistic identities, the Mediterranean as a contact zone, U.S. political and economic involvement in the region, postcolonialism, war and conflict, migration, forced displacement and refugees, human rights, religious freedom, popular culture, the politics of Islam and secularism, the regional intersections of Judaism, Christianity, and Islam, representations of Islam and other religions in visual culture, gender and media, and the circulation of U.S. culture. Examples and case studies will include locations where WPI has programs in this diverse and dynamic region. No prior background required. Recommended background: None.",3.0,3.0,2021 - 2022 Academic Year,B
INTL 2520,INTL,International & Global Studies,2520,Russia Ready: Language And Cultural Context,"Cat. II (1/6 unit)This course will introduce students to the fundamentals of Russian language, current events and culture. Students will be expected to steadily build essential vocabulary, learn basic grammar and forms of address; they will also review major events of Russian history from the rule of Peter the Great to the Russian Revolution and the Soviet era developments - all of which are key to understanding of Russia today. All through the course, students will have assigned media topics ranging from the student life in Russia, to aerospace exploration to agricultural breakthroughs and political turmoil. Materials under study will include Russian language textbooks and grammar guides, current media, and film. This course is appropriate for students interested in all WPI",1.5,1.5,2021 - 2022 Academic Year,C
INTL 2910,INTL,International & Global Studies,2910,Topics In Global Studies,"Cat. I This seminar course takes an interdisciplinary approach to historical and contemporary topics in global studies. Topics vary each year and may include international development, global inequality and justice, global public health, war and terrorism, international organizations and governance, humanitarianism and human rights, travel and tourism, the Anthropocene, climate change. No prior background is required. Especially appropriate for students interested in any of WPI's global Project Centers.",3.0,3.0,2021 - 2022 Academic Year,"A,B,C"
INTL 4100,INTL,International & Global Studies,4100,Senior Seminar In International And Global Studies,"Cat. IIn this capstone seminar in International and Global Studies, students will reflect on what they learned in previous global experiences and critically analyze contemporary global issues. The seminar aims to develop habits of lifelong learning as students articulate strategies for translating global experiences and expertise into personal values and professional opportunities in their future careers.",3.0,3.0,2021 - 2022 Academic Year,C
ISE 1800,ISE,English for International Students,1800,Introduction To Academic Reading And Writing For Non-Native Speakers Of English,"The goal of this course is to provide international students for whom English is not their native language the necessary skills for academic success through reading and writing assignments . Students will focus on developing vocabulary, critical reading, paragraph, and essay writing skills . Emphasis is also given to a review of English grammar through intensive written and oral practice to promote accurate and appropriate language use. Strongly recommended for first-year international non-native English speakers . Admission determined by Writing Placement or consent of the instructor.",3.0,3.0,2021 - 2022 Academic Year,A
ISE 1801,ISE,English for International Students,1801,Composition For Non-Native Speakers Of English,"This course is for international students who want to develop their academic writing skills through a sequence of essay assignments, with emphasis on rhetorical and grammatical issues particular to second language learners (ESL) . Students will concentrate on producing coherent paragraphs, developing short essays in a variety of rhetorical modes, and improving mechanics (grammar and punctuation) and vocabulary usage . Both personal and academic writing assignments provide practice in the process of writing and revising work for content and form . Recommended Background: ISE 1800 or equivalent skills (determined by Writing Placement or consent of the instructor) .",3.0,3.0,2021 - 2022 Academic Year,"A,B"
ISE 1803,ISE,English for International Students,1803,Oral Communication For Non-Native Speakers Of English,"This course focuses on the speaking and listening skills that are necessary in an academic setting . Students practice formal and informal communication skills, including listening comprehension, pronunciation, and conversational and presentation skills . Students are encouraged to practice oral/aural exercises with the class as a whole and in small groups . Class work will build language skills and personal confidence levels.",3.0,3.0,2021 - 2022 Academic Year,"A,C"
ISE 2800,ISE,English for International Students,2800,College Writing For Non-Native Speakers Of English,"In this course students will practice analytical reading, writing, and thinking intensively, through a variety of exercises and assignments . Emphasis is placed on using various methods of organization appropriate to the writer’s purpose and audience . Students will read and discuss a selection of non-fiction texts; these readings will form the basis for writing assignments in summary, critique, synthesis, and persuasion . The course also stresses the ability to understand, use, and document college-level non-fiction readings as evidence for effectively formulating and accurately supporting a thesis . This course is for international students who have already studied grammar extensively and need to refine the ability to produce acceptable academic English . Recommended Background: ISE 1801 or equivalent skills (determined by Writing Placement or consent of the instructor) .",3.0,3.0,2021 - 2022 Academic Year,B
ISE 2820,ISE,English for International Students,2820,Critical Reading of our World,"Cat. II The goal of this course is to provide non-native English language students the skills to work with the highest levels of academic and professional reading . Students will develop active and critical reading skills by annotating self-selected academic journal articles, research reports, current news reports and autobiographical literature . Students will create annotated bibliographies, summaries, literature reviews, and critical reaction papers . Students will learn to analyze, synthesize and cite multiple sources when doing academic work . Students will also increase their vocabulary of high-level academic and professional terms . Recommended background: Composition for Non-native Speakers of English (as covered in ISE 1801) or equivalent skills . Note: Students who have taken ISE 282X may not receive credit for this course . This course will be offered in 2019-20, and in alternate years thereafter .",3.0,3.0,2021 - 2022 Academic Year,A
ISE 3800,ISE,English for International Students,3800,Loaded Language: Discourse And Power In International English,"Cat. II This course, for international non-native English speakers, examines how the varieties of this global language can define identity, reflect social structures, and create and maintain power differentials. The course examines discourse, coded language and labels, accents, and strategies for communicating across cultures. We will explore the effects of World Englishes on our own minds, our classroom, our campus, our local community, and the global stage. Recommended background: Composition for non-native speakers of English (ISE 1801) or equivalent skills. This course satisfies the Inquiry Seminar requirement. Note: Students who have taken ISE 380X may not receive credit for this course. This course will be offered in 2019-2020, and in alternate years thereafter.",3.0,3.0,2021 - 2022 Academic Year,B
MA 1020,MA,Mathematical Sciences,1020,Calculus I With Preliminary Topics,"Cat. I (14-week course) This course includes the topics of MA 1021 and also presents selected topics from algebra, trigonometry, and analytic geometry. This course, which extends for 14 weeks and offers 1/3 unit of credit, is designed for students whose precalculus mathematics is not adequate for MA 1021. Although the course will make use of computers, no programming experience is assumed. Students may not receive credit for both MA 1020 and MA 1021.",3.0,3.0,2021 - 2022 Academic Year,"A,B"
MA 1021,MA,Mathematical Sciences,1021,Calculus I,"Cat. IThis course provides an introduction to differentiation and its applications.Topics covered include: functions and their graphs, limits, continuity,differentiation, linear approximation, chain rule, min/max problems, andapplications of derivatives.Recommended background: Algebra, trigonometry and analytic geometry.Although the course will make use of computers, no programming experienceis assumed.Students may not receive credit for both MA 1021 and MA 1020.",3.0,3.0,2021 - 2022 Academic Year,"A,B,C"
MA 1022,MA,Mathematical Sciences,1022,Calculus II,"Cat. IThis course provides an introduction to integration and its applications.Topics covered include: inverse trigonometric functions, Riemann sums,fundamental theorem of calculus, basic techniques of integration, volumes ofrevolution, arc length, exponential and logarithmic functions, and applications. Recommended background: MA 1021. Although the course will make use ofcomputers, no programming experience is assumed.",3.0,3.0,2021 - 2022 Academic Year,"A,B,C,D"
MA 1023,MA,Mathematical Sciences,1023,Calculus III,"Cat. I This course provides an introduction to series, parametric curves and vector algebra. Topics covered include: numerical methods, indeterminate forms, improper integrals, sequences, Taylor’s theorem with remainder, convergence of series and power series, polar coordinates, parametric curves and vector algebra. Recommended background: MA 1022. Although the course will make use of computers, no programming experience is assumed.",3.0,3.0,2021 - 2022 Academic Year,"A,B,C,D"
MA 1024,MA,Mathematical Sciences,1024,Calculus IV,"Cat. IThis course provides an introduction to multivariable calculus.Topics covered include: vector functions, partial derivatives, and gradient,multivariable optimization, double and triple integrals, polar coordinates, othercoordinate systems and applications. Recommended background: MA 1023. Although the course will make use ofcomputers, no programming experience is assumed.",3.0,3.0,2021 - 2022 Academic Year,"A,B,C,D"
MA 1033,MA,Mathematical Sciences,1033,Theoretical Calculus III,"This course will cover the same material as MA 1023 Calculus III but from a different perspective. A more rigorous study of sequences and series will be undertaken: starting from the least upper bound property in R, the fundamental theorems for convergent series will be proved. Convergence criteria for series will be rigorously justified and L'Hospital's rule will be introduced and proved. Homework problems will include a blend of computational exercises as usually assigned in MA 1023 Calculus III and problems with a stronger theoretical flavor. Recommended background: Differential and integral calculus (MA1021 and MA 1022, or equivalent). Note: Students can receive credit for this class and MA1023 Calculus III.",3.0,3.0,2021 - 2022 Academic Year,A
MA 1034,MA,Mathematical Sciences,1034,Theoretical Calculus IV,"Cat. I This course will cover the same material as MA1024 Calculus IV from a more mathematically rigorous perspective. The course gives a rigorous introduction of differentiation and integration for functions of one variable. After introducing vector functions, differentiation and integration will be extended to functions of several variables. Recommended background: Theoretical Calculus III (MA1033, or equivalent).Note: Students can receive credit for this class and MA1024 Calculus IV.",3.0,3.0,2021 - 2022 Academic Year,B
MA 1120,MA,Mathematical Sciences,1120,Calculus II (SEMESTER VERSION),"Cat. I (14-week course) The topics for integral calculus (MA 1022) are covered in this course: the concept of the definite integral, the Fundamental Theorem of Calculus, integration techniques, and applications of integration. Applications include: area, volume, arc length, center of mass, work, force, and exponential growth and decay. Logarithmic and exponential functions are studied in depth. Arithmetic and geometric sequences and series will also be covered. Key historical events in the development of integral calculus are examined. Technology will be used as appropriate to support the material being studied. This course extends for 14 weeks and offers 1/3 unit of credit. It is designed for students who would benefit from additional contact hours and who need to strengthen their mathematical background. Although the course will make use of computers, no programming experience is assumed. Students may not receive credit for both MA 1120 and MA 1022 or MA 1102.",3.0,3.0,2021 - 2022 Academic Year,"C,D"
MA 1801,MA,Mathematical Sciences,1801,Denksport,"Problem-solving is a fundamental mathematical skill. In this course, students will be exposed to problems coming from a wide range of mathematical disciplines; and will work together in a collaborative environment to explore potential solutions. Discussion problems may be inspired by the research of faculty leading the discussion, by past mathematical competitions (such as the Putnam Competition), or elsewhere. This course meets once per week, with an emphasis on discussion and exploration of problems. There will be no exam and no assigned homework. Grading is by participation only. This course may be taken multiple times; content will vary depending on the speakers. Grading for this course will be on a Pass/NR basis. Recommended background: Curiosity about Mathematics",0.75,0.75,2021 - 2022 Academic Year,"A,B,C,D"
MA 1971,MA,Mathematical Sciences,1971,Bridge To Higher Mathematics,"Cat. I The principal aim of this course is to introduce and enhance mathematical thinking. The course is intended not only for beginning mathematics, statistics, or actuarial students but also for students seeking to further their mathematical interests and those simply curious about logic and reason. Students in the course will be expected to explain, justify, defend, disprove, conjecture, and verify mathematical ideas, both verbally and in writing. One expected by-product of this training is that students will develop concrete proof-writing skills which will improve their prospects for success in more advanced mathematics courses. When appropriate, course discussion will touch on current events in the mathematical sciences, including recently solved problems and open challenges facing today's scientists. Recommended background: at least two courses in Mathematical Sciences at WPI, or equivalent.",3.0,3.0,2021 - 2022 Academic Year,D
MA 2051,MA,Mathematical Sciences,2051,Ordinary Differential Equations,"Cat. IThis course develops techniques for solving ordinary differential equations.Topics covered include: introduction to modeling using first-order differentialequations, solution methods for linear higher-order equations, qualitativebehavior of nonlinear first-order equations, oscillatory phenomena includingspring-mass system and RLC-circuits and Laplace transform. Additional topicsmay be chosen from power series method, methods for solving systems ofequations and numerical methods for solving ordinary differential equations.Recommended background: MA 1024.",3.0,3.0,2021 - 2022 Academic Year,"A,B,C,D"
MA 2071,MA,Mathematical Sciences,2071,Matrices And Linear Algebra I,"Cat. IThis course provides an introduction to the theory and techniques of matrix algebra and linear algebra. Topics covered include: operations on matrices, systems of linear equations, linear transformations, determinants, eigenvalues and eigenvectors, least squares, vector spaces, inner products, introduction to numerical techniques, and applications of linear algebra. Credit may not be earned for this course and MA 2072.Recommended background: None, although basic knowledge of equations for planes and lines in space would be helpful.",3.0,3.0,2021 - 2022 Academic Year,"A,B,C,D"
MA 2072,MA,Mathematical Sciences,2072,Accelerated Matrices And Linear Algebra I,"Cat. IThis course provides an accelerated introduction to the theory and techniques of matrix algebra and linear algebra, aimed at Mathematical Sciences majors and others interested in advanced concepts of linear algebra. Topics covered include: matrix algebra, systems of linear equations, linear transformations, determinants, eigenvalues and eigenvectors, the method of least squares, vector spaces, inner products, non-square matrices and singular value decompositions. Students will be exposed to computational and numerical techniques, and to applications of linear algebra, particularly to Data Science. Credit may not be earned for this course and MA 2071.Recommended background: Basic knowledge of matrix algebra",3.0,3.0,2021 - 2022 Academic Year,C
MA 2073,MA,Mathematical Sciences,2073,Matrices And Linear Algebra II,"Cat. IThis course provides a deeper understanding of topics introduced in MA 2071, and continues the development of linear algebra. Topics covered include: abstract vector spaces, linear transformations, matrix representations of a linear transformation, determinants, characteristic and minimal polynomials, diagonalization, eigenvalues and eigenvectors, the matrix exponential, inner product spaces. This course is designed primarily for Mathematical Science majors and those interested in the deeper mathematical issues underlying linear algebra. Recommended background: MA 2071 or MA 2072.",3.0,3.0,2021 - 2022 Academic Year,C
MA 2201,MA,Mathematical Sciences,2201,Discrete Mathematics,"Cat. I This course serves as an introduction to some of the more important concepts, techniques, and structures of discrete mathematics providing a bridge between computer science and mathematics. Topics include sets, functions and relations, propositional and predicate calculus, mathematical induction, properties of integers, counting techniques, and graph theory. Students will be expected to develop simple proofs for problems drawn primarily from computer science and applied mathematics. Recommended background: None",3.0,3.0,2021 - 2022 Academic Year,"A,C,D"
MA 2210,MA,Mathematical Sciences,2210,Mathematical Methods In Decision Making,"Cat. IThis course introduces students to the principles of decision theory as applied tothe planning, design and management of complex projects. It will be useful tostudents in all areas of engineering, actuarial mathematics as well as those insuch interdisciplinary areas as environmental studies. It emphasizes quantitative,analytic approaches to decision making using the tools of applied mathematics,operations research, probability and computations. Topics covered include: thesystems approach, mathematical modeling, optimization and decision analyses.Case studies from various areas of engineering or actuarial mathematics are usedto illustrate applications of the materials covered in this course.Recommended background: MA 1024. Suggested background: Familiaritywith vectors and matrices. Although the course makes use of computers, noprogramming experience is assumed. Students who have received credit forCE 2010 may not receive credit for MA 2210.",3.0,3.0,2021 - 2022 Academic Year,D
MA 2211,MA,Mathematical Sciences,2211,Theory Of Interest I,"An introduction to actuarial mathematics is provided for those who may be interested in the actuarial profession. Topics usually included are: measurement of interest, including accumulated and present value factors; annuities certain; amortization schedules and sinking funds; and bonds.Recommended background: Single variable calculus (MA 1021 and MA 1022 or equivalent) and the ability to work with appropriate computer software.Students may not receive credit for both MA 2211 and MA 3211",3.0,3.0,2021 - 2022 Academic Year,A
MA 2212,MA,Mathematical Sciences,2212,Theory Of Interest II,"This course covers topics in fixed income securities. Topics are chosen to cover the mechanics and pricing of modern-day fixed income products and can include: yield curve theories; forward rates; interest rate swaps; credit-default swaps; bonds with credit risk and options; bond duration and convexity; bond portfolio construction; asset- backed securities, including collateralized debt obligations and mortgage-backed securities with prepayment risk; asset-liability hedging; applications of binomial interest rate trees.Recommended background: An introduction to theory of interest (MA 2211 or equivalent) and the ability to work with appropriate computer software.",3.0,3.0,2021 - 2022 Academic Year,B
MA 2251,MA,Mathematical Sciences,2251,Vector And Tensor Calculus,"Cat. IThis course provides an introduction to tensor and vector calculus, an essentialtool for applied mathematicians, scientists, and engineers.Topics covered include: scalar and vector functions and fields, tensors, basicdifferential operations for vectors and tensors, line and surface integrals, change of variable theorem in integration, integral theorems of vector and tensorcalculus. The theory will be illustrated by applications to areas such aselectrostatics, theory of heat, electromagnetics, elasticity and fluid mechanics.Recommended background: MA 1024.",3.0,3.0,2021 - 2022 Academic Year,C
MA 2273,MA,Mathematical Sciences,2273,Combinatorics,"Cat. IIThis course introduces the concepts and techniques of combinatorics— a part ofmathematics with applications in computer science and in the social, biological,and physical sciences. Emphasis will be given to problem solving. Topics will beselected from: basic counting methods, inclusion-exclusion principle, generatingfunctions, recurrence relations, systems of distinct representatives, combinatorialdesigns, combinatorial algorithms and applications of combinatorics.This course is designed primarily for Mathematical Sciences majors and thoseinterested in the deeper mathematical issues underlying combinatorics.Undergraduate credit may not be earned both for this course and for MA 3273.Recommended background: MA 2071.This course will be offered in 2019-20, and in alternating years thereafter.",3.0,3.0,2021 - 2022 Academic Year,D
MA 2431,MA,Mathematical Sciences,2431,Mathematical Modeling With Ordinary Differential Equations,"Cat. IThis course focuses on the principles of building mathematical models from a physical, chemical or biological system and interpreting the results. Students will learn how to construct a mathematical model and will be able to interpret solutions of this model in terms of the context of the application. Mathematical topics focus on solving systems of ordinary differential equations, and may include the use of stability theory and phase-plane analysis. Applications will be chosen from electrical and mechanical oscillations, control theory, ecological or epidemiological models and reaction kinetics. This course is designed primarily for students interested in the deeper mathematical issues underlying mathematical modeling. Students may be required to use programming languages such as Matlab or Maple to further investigate different models. Recommended background: multivariable calculus (MA 1024 or equivalent), ordinary differential equations (MA 2051 or equivalent), and linear algebra (MA 2071 or equivalent).",3.0,3.0,2021 - 2022 Academic Year,B
MA 2610,MA,Mathematical Sciences,2610,Applied Statistics For The Life Sciences,"Cat. IThis course is designed to introduce the student to statistical methods andconcepts commonly used in the life sciences. Emphasis will be on the practicalaspects of statistical design and analysis with examples drawn exclusively fromthe life sciences, and students will collect and analyze data. Topics coveredinclude analytic and graphical and numerical summary measures, probabilitymodels for sampling distributions, the central limit theorem, and one and twosample point and interval estimation, parametric and non-parametric hypothesistesting, principles of experimental design, comparisons of paired samples andcategorical data analysis.Undergraduate credit may not be earned for both thiscourse and for MA 2611.Recommended background: MA 1022.",3.0,3.0,2021 - 2022 Academic Year,B
MA 2611,MA,Mathematical Sciences,2611,Applied Statistics I,"Cat. IThis course is designed to introduce the student to data analytic and appliedstatistical methods commonly used in industrial and scientific applications aswell as in course and project work at WPI. Emphasis will be on the practicalaspects of statistics with students analyzing real data sets on an interactivecomputer package.Topics covered include analytic and graphical representation of data,exploratory data analysis, basic issues in the design and conduct of experimentaland observational studies, the central limit theorem, one and two sample pointand interval estimation and tests of hypotheses.Recommended background: MA 1022.",3.0,3.0,2021 - 2022 Academic Year,"A,B,C,D"
MA 2612,MA,Mathematical Sciences,2612,Applied Statistics II,"Cat. IThis course is a continuation of MA 2611.Topics covered include simple and multiple regression, one and two-way tablesfor categorical data, design and analysis of one factor experiments anddistribution-free methods.Recommended background: MA 2611.",3.0,3.0,2021 - 2022 Academic Year,"B,D"
MA 2621,MA,Mathematical Sciences,2621,Probability For Applications,"Cat. IThis course is designed to introduce the student to probability.Topics to be covered are: basic probability theory including Bayes theorem;discrete and continuous random variables; special distributions including theBernoulli, Binomial, Geometric, Poisson, Uniform, Normal, Exponential, Chisquare,Gamma, Weibull, and Beta distributions; multivariate distributions;conditional and marginal distributions; independence; expectation; transformationsof univariate random variables.Recommended background: MA 1024.",3.0,3.0,2021 - 2022 Academic Year,"A,C,D"
MA 2631,MA,Mathematical Sciences,2631,Probability Theory,Cat. IThe purpose of this course is twofold:- To introduce the student to probability. Topics to be covered will be chosenfrom: axiomatic development of probability; independence; Bayes theorem;discrete and continuous random variables; expectation; special distributionsincluding the binomial and normal; moment generating functions; multivariatedistributions; conditional and marginal distributions; independenceof random variables; transformations of random variables; limit theorems.- To introduce fundamental ideas and methods of mathematics using thestudy of probability as the vehicle. These ideas and methods may includesystematic theorem-proof development starting with basic axioms;mathematical induction; set theory; applications of univariate andmultivariate calculus.This course is designed primarily for Mathematical Sciences majors and thoseinterested in the deeper mathematical issues underlying probability theory.Recommended background: MA 1024.Undergraduate credit may not be earned both for this course and for MA 2621.,3.0,3.0,2021 - 2022 Academic Year,"A,D"
MA 3212,MA,Mathematical Sciences,3212,Actuarial Mathematics I,"A study of actuarial mathematics with emphasis on the theory and application of contingency mathematics in various areas of insurance. Topics usually included are: survival functions and life tables; life insurance; property insurance; annuities; net premiums; and premium reserves. Recommended background: An introduction to the theory of interest, and familiarity with basic probability (MA 2211 and either MA 2621 or MA 2631, or equivalent).",3.0,3.0,2021 - 2022 Academic Year,C
MA 3213,MA,Mathematical Sciences,3213,Actuarial Mathematics II,"Cat. IA continuation of the study of actuarial mathematics with emphasis oncalculations in various areas of insurance, based on multiple insureds, multipledecrements, and multiple state models. Topics usually included are: survivalfunctions; life insurance; property insurance; common shock; Poisson processesand their application to insurance settings; gross premiums; and reserves.Recommended background: An introduction to actuarial mathematics (MA3212 or equivalent)",3.0,3.0,2021 - 2022 Academic Year,D
MA 3231,MA,Mathematical Sciences,3231,Linear Programming,"Cat. IThe mathematical subject of linear programming deals with those problems in optimal resource allocation which can be modeled by a linear profit (or cost) function together with feasibility constraints expressible as linear inequalities. Such problems arise regularly in many industries, ranging from manufacturing to transportation, from the design of livestock diets to the construction of investment portfolios.This course considers the formulation of such real-world optimization problems as linear programming problems, the most important algorithms for their solution, and techniques for their analysis. The core material includes problem formulation, the primal and dual simplex algorithms, and duality theory. Further topics may include: sensitivity analysis; applications such as matrix games or network flow models; bounded variable linear programs; interior point methods. Recommended background: Matrices and Linear Algebra (MA 2071, or equivalent).",3.0,3.0,2021 - 2022 Academic Year,A
MA 3257,MA,Mathematical Sciences,3257,Numerical Methods For Linear And Nonlinear Systems,"Cat. I This course provides an introduction to modern computational methods for linear and nonlinear equations and systems and their applications. Topics covered include solution of nonlinear scalar equations, direct and iterative algorithms for the solution of systems of linear equations, solution of nonlinear systems, and the eigenvalue problem for matrices. Error analysis will be emphasized throughout. Recommended background: MA 2071. An ability to write computer programs in a scientific language is assumed.",3.0,3.0,2021 - 2022 Academic Year,C
MA 3457,MA,Mathematical Sciences,3457,Numerical Methods For Calculus And Differential Equations,"Cat. I This course provides an introduction to modern computational methods for differential and integral calculus and differential equations. Topics covered include interpolation and polynomial approximation, approximation theory, numerical differentiation and integration, and numerical solutions of ordinary differential equations. Error analysis will be emphasized throughout. Recommended background: MA 2051. An ability to write computer programs in a scientific language is assumed. Undergraduate credit may not be earned for both this course and for MA 3255/CS 4031.",3.0,3.0,2021 - 2022 Academic Year,B
MA 3471,MA,Mathematical Sciences,3471,Advanced Ordinary Differential Equations,"Cat. II The first part of the course will cover existence and uniqueness of solutions, continuous dependence of solutions on parameters and initial conditions, maximal interval of existence of solutions, Gronwall’s inequality, linear systems and the variation of constants formula, Floquet theory, stability of linear and perturbed linear systems. The second part of the course will cover material selected by the instructor. Possible topics include: Introduction to dynamical systems, stability by Lyapunov’s direct method, study of periodic solutions, singular perturbation theory and nonlinear oscillation theory. Recommended background: MA 2431 and MA 3832. This course will be offered in 2019-20, and in alternating years thereafter.",3.0,3.0,2021 - 2022 Academic Year,D
MA 3627,MA,Mathematical Sciences,3627,Introduction To The Design And Analysis Of Experiments,"Cat. IIThis course will teach students how to design experiments in order to collectmeaningful data for analysis and decision making. This course continues theexploration of statistics for scientific and industrial applications begun in MA2611 and MA 2612. The course offers comprehensive coverage of the keyelements of experimental design used by applied researchers to solve problems inthe field, such as random assignment, replication, blocking, and confounding.Topics covered include the design and analysis of general factorial experiments;two-level factorial and fractional factorial experiments; principles of design;completely randomized designs and one-way analysis of variance (ANOVA);complete block designs and two-way analysis of variance; complete factorialexperiments; fixed, random, and mixed models; split-plot designs; nesteddesigns.Recommended background: Applied Statistics (MA 2611 and MA2612, orequivalent).This course will be offered in 2020-21, and in alternating years thereafter.",3.0,3.0,2021 - 2022 Academic Year,C
MA 3631,MA,Mathematical Sciences,3631,Mathematical Statistics,"Cat. IThis course introduces students to the mathematical principles of statistics.Topics will be chosen from: Sampling distributions, limit theorems, point andinterval estimation, sufficiency, completeness, efficiency, consistency; the Rao-Blackwell theorem and the Cramer-Rao bound; minimum variance unbiasedestimators and maximum likelihood estimators; tests of hypotheses includingthe Neyman-Pearson lemma, uniformly most powerful and likelihood radio tests.Recommended background: MA 2631.",3.0,3.0,2021 - 2022 Academic Year,B
MA 3823,MA,Mathematical Sciences,3823,Group Theory,"This course provides an introduction to one of the major areas of modernalgebra. Topics covered include: groups, subgroups, permutation groups, normalsubgroups, factor groups, homomorphisms, isomorphisms and the fundamentalhomomorphism theorem.Recommended background: MA 2073.",3.0,3.0,2021 - 2022 Academic Year,B
MA 3825,MA,Mathematical Sciences,3825,Rings And Fields,"Cat. IIThis course provides an introduction to one of the major areas of modernalgebra. Topics covered include: rings, integral domains, ideals, quotient rings,ring homomorphisms, polynomial rings, polynomial factorization, extensionfields and properties of finite fields. Recommended background: MA 2073.This course will be offered in 2019-20, and in alternating years thereafter.",3.0,3.0,2021 - 2022 Academic Year,C
MA 3831,MA,Mathematical Sciences,3831,Principles Of Real Analysis I,"Cat. IPrinciples of Real Analysis is a two-part course giving a rigorous presentation of the important concepts of classical real analysis. Topics covered in the sequence include: basic set theory, elementary topology of Euclidean spaces, metric spaces, compactness, limits and continuity, differentiation, Riemann-Stieltjes integration, infinite series, sequences of functions, and topics in multivariate calculus. Recommended background: at least one course focused on proof-based mathematics (e.g., MA 1971 Bridge to Higher Mathematics, MA1033 Theoretical Calculus III).",3.0,3.0,2021 - 2022 Academic Year,"A,C"
MA 3832,MA,Mathematical Sciences,3832,Principles Of Real Analysis II,"Cat. IMA 3832 is a continuation of MA 3831. For the contents of this course, see the description given for MA 3831.Recommended background: introductory knowledge in real analysis (e.g., MA 3831 Principles of Real Analysis I, or equivalent).",3.0,3.0,2021 - 2022 Academic Year,"B,D"
MA 4213,MA,Mathematical Sciences,4213,Loss Models I - Risk Theory,"Cat. IThis course covers topics in loss models and risk theory as it is applied, underspecified assumptions, to insurance. Topics covered include: economics ofinsurance, short term individual risk models, single period and extended periodcollective loss models, and applications.Recommended background: An introduction to probability (MA 2631 orequivalent).",3.0,3.0,2021 - 2022 Academic Year,A
MA 4214,MA,Mathematical Sciences,4214,Loss Models II - Survival Models,"Cat. ISurvival models are statistical models of times to occurrence of some event. Theyare widely used in areas such as the life sciences and actuarial science (where theymodel such events as time to death, or to the development or recurrence of adisease), and engineering (where they model the reliability or useful life ofproducts or processes). This course introduces the nature and properties ofsurvival models, and considers techniques for estimation and testing of suchmodels using realistic data. Topics covered will be chosen from: parametric andnonparametric survival models, censoring and truncation, nonparametricestimation (including confidence intervals and hypothesis testing) using right-,left-, and otherwise censored or truncated data.Recommended background: An introduction to mathematical statistics (MA3631 or equivalent).",3.0,3.0,2021 - 2022 Academic Year,B
MA 4216,MA,Mathematical Sciences,4216,Actuarial Seminar,"Cat. I (0 credit) This pass/fail graduation requirement will be offered every term, under thesupervision of the actuarial professors. In order to receive a passing grade,students will need to complete some or all of the following: attend speaker talks,attend company visits to campus, take part and help out with Math Departmentactivities, take part and help out with Actuarial Club activities, prepare foractuarial exams, or complete other activities as approved by the instructor(s).Recommended background: Interest in being an actuarial mathematics major.",0.0,0.0,2021 - 2022 Academic Year,"A,B,C,D"
MA 4222,MA,Mathematical Sciences,4222,Top Algorithms In Applied Mathematics,"Cat. IIThis course will introduce students to the top algorithms in applied mathematics.These algorithms have tremendous impact on the development and practiceof modern science and engineering. Class discussions will focus on introducingstudents to the mathematical theory behind the algorithms as well as theirapplications. In particular, the course will address issues of computationalefficiency, implementation, and error analysis. Algorithms to be considered mayinclude the Krylov Subspace Methods, Fast Multipole Method, Monte CarloMethods, Fast Fourier Transform, Kalman Filters and Singular Value Decomposition.Students will be expected to apply these algorithms to real-worldproblems; e.g., image processing and audio compression (Fast FourierTransform), recommendation systems (Singular Value Decomposition),electromagnetics or fluid dynamics (Fast Multipole Method, Krylov SubspaceMethods, and Fast Fourier Transform), and the tracking and prediction of anobject’s position (Kalman Filters). In addition to studying these algorithms,students will learn about high performance computing and will have access to amachine with parallel and GPU capabilities to run code for applications withlarge data sets.Recommended background: Familiarity with matrix algebra and systems ofequations (MA 2071, MA 2072, or equivalent), numerical methods for thesolution of linear systems or differential equations (MA 3257, MA 3457, orequivalent), and concepts from probability (MA 2621, MA 2631, or equivalent).The ability to write computer programs in a scientific language is assumed.This course will be offered in 2021-22, and in alternating years thereafter.",3.0,3.0,2021 - 2022 Academic Year,A
MA 4235,MA,Mathematical Sciences,4235,Mathematical Optimization,"Cat. IIThis course explores theoretical conditions for the existence of solutions andeffective computational procedures to find these solutions for optimizationproblems involving nonlinear functions.Topics covered include: classical optimization techniques, Lagrange multipliersand Kuhn-Tucker theory, duality in nonlinear programming, and algorithms forconstrained and unconstrained problems.Recommended background: Vector calculus at the level of MA 2251.This course will be offered in 2019-20, and in alternating years thereafter.",3.0,3.0,2021 - 2022 Academic Year,D
MA 4237,MA,Mathematical Sciences,4237,Probabilistic Methods In Operations Research,"Cat. IIThis course develops probabilistic methods useful to planners and decisionmakers in such areas as strategic planning, service facilities design, and failure ofcomplex systems.Topics covered include: decisions theory, inventory theory, queuing theory,reliability theory, and simulation.Recommended background: Probability theory at the level of MA 2621or MA 2631.This course will be offered in 2019-20, and in alternating years thereafter.",3.0,3.0,2021 - 2022 Academic Year,B
MA 4291,MA,Mathematical Sciences,4291,Applied Complex Variables,"Cat. IThis course provides an introduction to the ideas and techniques of complexanalysis that are frequently used by scientists and engineers. The presentationwill follow a middle ground between rigor and intuition.Topics covered include: complex numbers, analytic functions, Taylor and Laurentexpansions, Cauchy integral theorem, residue theory, and conformal mappings.Recommended background: MA 1024 and MA 2051.",3.0,3.0,2021 - 2022 Academic Year,C
MA 4451,MA,Mathematical Sciences,4451,Boundary Value Problems,"Cat. IScience and engineering majors often encounter partial differential equations inthe study of heat flow, vibrations, electric circuits and similar areas. Solutiontechniques for these types of problems will be emphasized in this course.Topics covered include: derivation of partial differential equations as models ofprototype problems in the areas mentioned above, Fourier Series, solution oflinear partial differential equations by separation of variables, Fourier integralsand a study of Bessel functions.Recommended background: MA 1024 or and MA 2051.",3.0,3.0,2021 - 2022 Academic Year,A
MA 4603,MA,Mathematical Sciences,4603,Statistical Methods In Genetics And Bioinformatics,"Cat. IIThis course provides students with knowledge and understanding of the applications of statistics in modern genetics and bioinformatics. The course generally covers population genetics, genetic epidemiology, and statistical models in bioinformatics. Specific topics include meiosis modeling, stochastic models for recombination, linkage and association studies (parametric vs. nonparametric models, family-based vs. population-based models) for mapping genes of qualitative and quantitative traits, gene expression data analysis, DNA and protein sequence analysis, and molecular evolution. Statistical approaches include log-likelihood ratio tests, score tests, generalized linear models, EM algorithm, Markov chain Monte Carlo, hidden Markov model, and classification and regression trees.Recommended background: MA 2612, MA 2631 (or MA 2621), and one or more biology courses.This course is offered in 2019-20, and in alternating years thereafter.",3.0,3.0,2021 - 2022 Academic Year,A
MA 4631,MA,Mathematical Sciences,4631,Probability And Mathematical Statistics I,"Cat. I (14 week course) Intended for advanced undergraduates and beginning graduate students in the mathematical sciences, and for others intending to pursue the mathematical study of probability and statistics., this course begins by covering the material of MA 3613 at a more advanced level. Additional topics covered are: one-to-one and many-to-one transformations of random variables; sampling distributions; order statistics, limit theorems. Recommended background: MA 2631 or MA 3613, MA 3831, MA 3832.",3.0,3.0,2021 - 2022 Academic Year,"A,B"
MA 4632,MA,Mathematical Sciences,4632,Probability And Mathematical Statistics II,"Cat. I (14 week course) This course is designed to complement MA 4631 and provide background in principles of statistics. Topics covered include: point and interval estimation; sufficiency, completeness, efficiency, consistency; the Rao-Blackwell theorem and the Cramer-Rao bound; minimum variance unbiased estimators, maximum likelihood estimators and Bayes estimators; tests of hypothesis including uniformly most powerful, likelihood ratio, minimax and bayesian tests.Recommended background: MA 3631 or MA 4631.",3.0,3.0,2021 - 2022 Academic Year,"C,D"
MA 4635,MA,Mathematical Sciences,4635,Data Analytics And Statistical Learning,"Cat. I The focus of this class will be on statistical learning – the intersection of applied statistics and modeling techniques used to analyze and to make predictions and inferences from complex real-world data. Topics covered include: regression; classification/clustering; sampling methods (bootstrap and cross validation); and decision tree learning. Students may not receive credit for both MA 463X and MA 4635. Recommended background: Linear Algebra (MA 2071 or equivalent), Applied Statistics and Regression (MA 2612 or equivalent), Probability (MA 2631 or equivalent). The ability to write computer programs in a scientific language is assumed.",3.0,3.0,2021 - 2022 Academic Year,D
MA 4891,MA,Mathematical Sciences,4891,Topics In Mathematics,Cat. I,3.0,3.0,2021 - 2022 Academic Year,D
MA 4892,MA,Mathematical Sciences,4892,Topics In Actuarial Mathematics,"Cat. IITopics covered in this course would vary from one offering to the next. Thepurpose of this course will be to introduce actuarial topics that typically arise inthe professional actuarial organization’s curriculum beyond the point whereaspiring actuaries are still in college. Topics might include ratemaking,estimation of unpaid claims, equity linked insurance products, simulation, orstochastic modeling of insurance products.Recommended background: Could vary by the specific topics being covered,but would typically include an introduction to the theory of interest and anintroduction to actuarial mathematics (MA 2211 and MA 3212 or equivalent).This course will be offered in 2020-21, and in alternating years thereafter.",3.0,3.0,2021 - 2022 Academic Year,C
MA 501,MA,Mathematical Sciences,501,Engineering Mathematics,"This course develops mathematical techniques used in the engineering disciplines. Preliminary concepts will be reviewed as necessary, including vector spaces, matrices and eigen values. The principal topics covered will include vector calculus, Fourier transforms, fast Fourier transforms and Laplace transformations. Applications of these techniques for the solution of boundary value and initial value problems will be given. The problems treated and solved in this course are typical of those seen in applications and include problems of heat conduction, mechanical vibrations and wave propagation. (Prerequisite: A knowledge of ordinary differential equations, linear algebra and multivariable calculus is assumed.)",3.0,3.0,2021 - 2022 Academic Year,"A,B,C,D"
MA 502,MA,Mathematical Sciences,502,Linear Algebra,This course provides an introduction to the theory and methods of applicable linear algebra. The goal is to bring out the fundamental concepts and techniques that underlie and unify the many ways in which linear algebra is used in applications. The course is suitable for students in mathematics and other disciplines who wish to obtain deeper insights into this very important subject than are normally offered in undergraduate courses. It is also intended to provide a foundation for further study in subjects such as numerical linear algebra and functional analysis.,3.0,3.0,2021 - 2022 Academic Year,"A,B"
MA 503,MA,Mathematical Sciences,503,Lebesgue Measure And Integration,"This course begins with a review of topics normally covered in undergraduate analysis courses: open, closed and compact sets; liminf and limsup; continuity and uniform convergence. Next the course covers Lebesgue measure in Rn including the Cantor set, the concept of a sigmaalgebra, the construction of a nonmeasurable set, measurable functions, semicontinuity, Egorov’s and Lusin’s theorems, and convergence in measure. Next we cover Lebesgue integration, integral convergence theorems (monotone and dominated), Tchebyshev’s inequality and Tonelli’s and Fubini’s theorems. Finally LP spaces are introduced with emphasis on L2 as a Hilbert space. Other related topics will be covered at the instructor’s discretion. (Prerequisite: Basic knowledge of undergraduate analysis is assumed.)",3.0,3.0,2021 - 2022 Academic Year,"A,B"
MA 504,MA,Mathematical Sciences,504,Functional Analysis,"This course will give a comprehensive presentation of fundamental concepts and theorems in Banach and Hilbert spaces. Whenever possible, the theory will be illustrated by examples in Lebesgue spaces. Topics include: The Hahn-Banach theorems, the Uniform Boundedness principle (Banach-Steinhaus Theorem), the Open Mapping and Closed Graph theorems, and weak topologies and convergence. Additional topics will be covered at the instructor’s discretion. (Prerequisite: MA 503 or equivalent.)",3.0,3.0,2021 - 2022 Academic Year,"C,D"
MA 508,MA,Mathematical Sciences,508,Mathematical Modeling,"This course introduces mathematical model building using dimensional analysis, perturbation theory and variational principles. Models are selected from the natural and social sciences according to the interests of the instructor and students. Examples are: planetary orbits, spring-mass systems, fluid flow, isomers in organic chemistry, biological competition, biochemical kinetics and physiological flow. Computer simulation of these models will also be considered. (Prerequisite: knowledge of ordinary differential equations and of analysis at the level of MA 501 is assumed.)",3.0,3.0,2021 - 2022 Academic Year,"A,B"
MA 510,MA,Mathematical Sciences,510,Numerical Methods,"This course provides an introduction to a broad range of modern numerical techniques that are widely used in computational mathematics, science, and engineering. It is suitable for both mathematics majors and students from other departments. It covers introductory-level material for subjects treated in greater depth in MA 512 and MA 514 and also topics not addressed in either of those courses. Subject areas include numerical methods for systems of linear and nonlinear equations, interpolation and approximation, differentiation and integration, and differential equations. Specific topics include basic direct and iterative methods for linear systems; classical rootfinding methods; Newton’s method and related methods for nonlinear systems; fixed-point iteration; polynomial, piecewise polynomial, and spline interpolation methods; least-squares approximation; orthogonal functions and approximation; basic techniques for numerical differentiation; numerical integration, including adaptive quadrature; and methods for initial-value problems for ordinary differential equations. Additional topics may be included at the instructor’s discretion as time permits. Both theory and practice are examined. Error estimates, rates of convergence, and the consequences of finite precision arithmetic are also discussed. Topics from linear algebra and elementary functional analysis will be introduced as needed. These may include norms and inner products, orthogonality and orthogonalization, operators and projections, and the concept of a function space. (Prerequisite: knowledge of undergraduate linear algebra and differential equations is assumed, as is familiarity with MATLAB or a higher-level programming language.)",3.0,3.0,2021 - 2022 Academic Year,"A,B"
MA 511,MA,Mathematical Sciences,511,Applied Statistics For Engineers And Scientists,"This course is an introduction to statistics for graduate students in engineering and the sciences. Topics covered include basic data analysis, issues in the design of studies, an introduction to probability, point and interval estimation and hypothesis testing for means and proportions from one and two samples, simple and multiple regression, analysis of one and two-way tables, one-way analysis of variance. As time permits, additional topics, such as distribution-free methods and the design and analysis of factorial studies will be considered. (Prerequisites: Integral and differential calculus.)",3.0,3.0,2021 - 2022 Academic Year,"A,B"
MA 514,MA,Mathematical Sciences,514,Numerical Linear Algebra,"This course provides students with the skillsnecessary to develop, analyze and implementcomputational methods in linear algebra. Thecentral topics include vector and matrix algebra,vector and matrix norms, the singular valuedecomposition, the LU and QR decompositions,Householder transformations and Givensrotations, and iterative methods for solving linearsystems including Jacobi, Gauss-Seidel, SORand conjugate gradient methods; and eigenvalueproblems. Applications to such problem areas asleast squares and optimization will be discussed.Other topics might include: special linear systems,such as symmetric, positive definite, banded orsparse systems; preconditioning; the Cholesky decomposition;sparse tableau and other least-squaremethods; or algorithms for parallel architectures.(Prerequisite: basic knowledge of linear algebra orequivalent background. Knowledge of a higher levelprogramming language is assumed.)",3.0,3.0,2021 - 2022 Academic Year,"C,D"
MA 517,MA,Mathematical Sciences,517,Mathematical Foundations For Data Science,"The foci of this class are the essential statistics and linear algebra skills required for Data Science students. The class builds the foundation for theoretical and computational abilities of the students to analyze high dimensional data sets. Topics covered include Bayes’ theorem, the central limit theorem, hypothesis testing, linear equations, linear transformations, matrix algebra, eigenvalues and eigenvectors, and sampling techniques, including Bootstrap and Markov chain Monte Carlo. Students will use these techniques while engaging in hands-on projects with real data. Prerequisites: Some knowledge of integral and differential calculus is recommended.",3.0,3.0,2021 - 2022 Academic Year,"A,B,C,D"
MA 529,MA,Mathematical Sciences,529,Stochastic Processes,"This course is designed to introduce students to continuous-time stochastic processes. Stochastic processes play a central role in a wide range of applications from signal processing to finance and also offer an alternative novel viewpoint to several areas of mathematical analysis, such as partial differential equations and potential theory.The main topics for this course are martingales, maximal inequalities and applications, optimal stopping and martingale convergence theorems, the strong Markov property, stochastic integration, Ito's formula and applications, martingale representation theorems, Girsanov's theorem and applications, and an introduction to stochastic differential equations, the Feynman-Kac formula, and connections to partial differential equations.Optional topics (at the instructor's discretion) include Markov processes and Poisson-and jump-processes. (Prerequisite: MA 528. Measure- Theoretic Probability Theory, which can be taken concurrently (or, with special permission by the instructor, MA 540)).",3.0,3.0,2021 - 2022 Academic Year,"C,D"
MA 535,MA,Mathematical Sciences,535,Algebra,"Fundamentals of group theory: homomorphisms and the isomorphism theorems, finite groups, structure of finitely generated Abelian groups. Structure of rings: homomorphisms, ideals, factor rings and the isomorphism theorems, integral domains, factorization. Field theory: extension fields, finite fields, theory of equations. Selected topics from: Galois theory, Sylow theory, Jordan- Hölder theory, Polya theory, group presentations, basic representation theory and group characters, modules. Applications chosen from mathematical physics, Gröbner bases, symmetry, cryptography, error-correcting codes, number theory.",3.0,3.0,2021 - 2022 Academic Year,"A,B"
MA 540,MA,Mathematical Sciences,540,Probability And Mathematical Statistics I,"Intended for advanced undergraduates and beginning graduate students in the mathematical sciences, and for others intending to pursue the mathematical study of probability and statistics. Topics covered include axiomatic foundations, the calculus of probability, conditional probability and independence, Bayes’ Theorem, random variables, discrete and continuous distributions, joint, marginal and conditional distributions, covariance and correlation, expectation, generating functions, exponential families, transformations of random variables, types of convergence, laws of large numbers the Central Limit Theorem, Taylor series expansion, the delta method. (Prerequisite: knowledge of basic probability at the level of MA 2631 and of advanced calculus at the level of MA 3831/3832 is assumed.)",3.0,3.0,2021 - 2022 Academic Year,"A,B"
MA 541,MA,Mathematical Sciences,541,Probability And Mathematical Statistics II,"This course is designed to provide background in principles of statistics. Topics covered include estimation criteria: method of moments, maximum likelihood, least squares, Bayes, point and interval estimation, Fisher’s information, Cramer-Rao lower bound, sufficiency, unbiasedness, and completeness, Rao-Blackwell Theorem, efficiency, consistency, interval estimation pivotal quantities, Neyman-Person Lemma, uniformly most powerful tests, unbiased, invariant and similar tests, likelihoodratio tests, convex loss functions, risk functions, admissibility and minimaxity, Bayes decision rules. (Prerequisite: knowledge of the material in MA 540 is assumed.)",3.0,3.0,2021 - 2022 Academic Year,"C,D"
MA 542,MA,Mathematical Sciences,542,Regression Analysis,"Regression analysis is a statistical tool that utilizesthe relation between a response variable and oneor more predictor variables for the purposes ofdescription, prediction and/or control. Successfu luse of regression analysis requires an appreciationof both the theory and the practical problems thatoften arise when the technique is employed withreal-world data. Topics covered include the theoryand application of the general linear regressionmodel, model fitting, estimation and prediction,hypothesis testing, the analysis of variance andrelated distribution theory, model diagnostics andremedial measures, model building and validation,and generalizations such as logistic responsemodels and Poisson regression. Additional topicsmay be covered as time permits. Application oftheory to real-world problems will be emphasizedusing statistical computer packages. (Prerequisite:knowledge of probability and statistics at the levelof MA 511 and of matrix algebra is assumed.)",3.0,3.0,2021 - 2022 Academic Year,"C,D"
MA 543,MA,Mathematical Sciences,543,Statistical Methods For Data Science,"Statistical Methods for Data Science surveys the statistical methods most useful in data science applications. Topics covered include predictive modeling methods, including multiple linear regression, and time series, data dimension reduction, discrimination and classification methods, clustering methods, and committee methods. Students will implement these methods using statistical software. Prerequisites: DS 517/ MA 517, Statistics at the level of MA 2611 and MA 2612 and linear algebra at the level of MA 2071.",3.0,3.0,2021 - 2022 Academic Year,"A,B,C,D"
MA 546,MA,Mathematical Sciences,546,Design and Analysis of Experiments,"Controlled experiments—studies in which treatments are assigned to observational units— are the gold standard of scientific investigation. The goal of the statistical design and analysis of experiments is to (1) identify the factors which most affect a given process or phenomenon; (2) identify the ways in which these factors affect the process or phenomenon, both individually and in combination; (3) accomplish goals 1 and 2 with minimum cost and maximum efficiency while maintaining the validity of the results. Topics covered in this course include the design, implementation and analysis of completely randomized complete block, nested, split plot, Latin square and repeated measures designs. Emphasis will be on the application of the theory to real data using statistical computer packages. (Prerequisite: knowledge of basic probability and statistics at the level of MA 511 is assumed.",3.0,3.0,2021 - 2022 Academic Year,"A,B"
MA 547,MA,Mathematical Sciences,547,Design and Analysis of Observational and Sampling Studies,"Like controlled experiments, observational studiesseek to establish cause-effect relationships,but unlike controlled experiments, they lack theability to assign treatments to observational units.Sampling studies, such as sample surveys, seek tocharacterize aspects of populations by obtainingand analyzing samples from those populations.Topics from observational studies include:prospective and retrospective studies; overt andhidden bias; adjustments by stratification andmatching. Topics from sampling studies include:simple random sampling and associated estimates for means, totals, and proportions; estimates forsubpopulations; unequal probability sampling;ratio and regression estimation; stratified, cluster,systematic, multistage, double sampling designs,and, time permitting, topics such as model-basedsampling, spatial and adaptive sampling.(Prerequisite: knowledge of basic probability andstatistics, at the level of MA 511 is assumed.)",3.0,3.0,2021 - 2022 Academic Year,"C,D"
MA 557,MA,Mathematical Sciences,557,Graduate Seminar in Applied Mathematics,"This seminar introduces students to modern issues in Analysis and Applied Mathematics. During the seminar, students and faculty will present and discuss recent research papers from the literature. Students will gain insights about current advances In the mathematical sciences and their applications.",0.0,0.0,2021 - 2022 Academic Year,"A,B,C,D"
MA 559,MA,Mathematical Sciences,559,Statistics Graduate Seminar,"This seminar introduces students to issues and trends in modern statistics. In the seminar, students and faculty will read and discuss survey and research papers, make and attend presentations, and participate in brainstorming sessions toward the solution of advanced statistical problems.",1.0,1.0,2021 - 2022 Academic Year,"A,B,C,D"
MA 560,MA,Mathematical Sciences,560,Graduate Seminar,Designed to introduce graduate students to studyof original papers and afford them opportunity togive account of their work by talks in the seminar.,3.0,3.0,2021 - 2022 Academic Year,"B,C,D"
MA 562,MA,Mathematical Sciences,562,Professional Master's Seminar,"This seminar will introduce professional master’s students to topics related to general writing, presentation, group communication and interviewing skills, and will provide the foundations to successful cooperation within interdisciplinary team environments. All full-time students will be required to take both components A and B of the seminar during their professional master’s studies.",0.0,0.0,2021 - 2022 Academic Year,"A,B,C,D"
MA 571,MA,Mathematical Sciences,571,Financial Mathematics I,"This course provides an introduction to many of the central concepts in mathematical finance. The focus of the course is on arbitrage-based pricing of derivative securities. Topics include stochastic calculus, securities markets, arbitrage-based pricing of options and their uses for hedging and risk management, forward and futures contracts, European options, American options, exotic options, binomial stock price models, the Black- Scholes-Merton partial differential equation, riskneutral option pricing, the fundamental theorems of asset pricing, sensitivity measures (“Greeks”), and Merton’s credit risk model. (Prerequisite: MA 540, which can be taken concurrently.)",3.0,3.0,2021 - 2022 Academic Year,"A,B"
MA 573,MA,Mathematical Sciences,573,Computational Methods of Financial Mathematics,"Most realistic quantitative finance models are toocomplex to allow explicit analytic solutions andare solved by numerical computational methods.The first part of the course covers the applicationof finite difference methods to the partial differentialequations and interest rate models arisingin finance. Topics included are explicit, implicitand Crank-Nicholson finite difference schemesfor fixed and free boundary value problems, theirconvergence and stability. The second part of thecourse covers Monte Carlo simulation methods,including random number generation, variance reductiontechniques and the use of low discrepancysequences. (Prerequisites: MA 571 and programmingskills at the level of MA 579, which can betaken concurrently.)",3.0,3.0,2021 - 2022 Academic Year,"C,D"
MA 574,MA,Mathematical Sciences,574,Portfolio Valuation and Risk Management,"Balancing financial risks vs returns by the use ofasset diversification is one of the fundamentaltasks of quantitative financial management. Thiscourse is devoted to the use of mathematicaloptimization and statistics to allocate assets, toconstruct and manage portfolios and to measureand manage the resulting risks. The fist part ofthe course covers Markowitz’s mean-varianceoptimization and efficient frontiers, Sharpe’s singleindex and capital asset pricing models, arbitragepricing theory, structural and statistical multifactormodels, risk allocation and risk budgeting.The second part of the course is devoted to the intertwining of optimization and statisticalmethodologies in modern portfolio management,including resampled efficiency, robust andBayesian statistical methods, the Black-Littermanmodel and robust portfolio optimization.",3.0,3.0,2021 - 2022 Academic Year,"C,D"
MA 584,MA,Mathematical Sciences,584,Statistical Methods In Genetics And Bioinformatics,"This course provides students with knowledge and understanding of the applications of statistics in modern genetics and bioinformatics. The course generally covers population genetics, genetic epidemiology, and statistical models in bioinformatics. Specific topics include meiosis modeling, stochastic models for recombination, linkage and association studies (parametric vs. nonparametric models, family-based vs. population-based models) for mapping genes of qualitative and quantitative traits, gene expression data analysis, DNA and protein sequence analysis, and molecular evolution. Statistical approaches include log-likelihood ratio tests, score tests, generalized linear models, EM algorithm, Markov chain Monte Carlo, hidden Markov model, and classification and regression trees. Students may not receive credit for both BCB 4004 and BCB 504. (Prerequisite: knowledge of probability and statistics at the undergraduate level.)",3.0,3.0,2021 - 2022 Academic Year,"A,B"
MA 590,MA,Mathematical Sciences,590,Special Topics,Courses on special topics are offered under this number. Contact the Mathematical Sciences Department for current offerings.,3.0,3.0,2021 - 2022 Academic Year,"A,B,C,D"
ME 1800,ME,Mechanical Engineering,1800,"Manufacturing Science, Prototyping, And Computer-Controlled Machining","Cat. I This course introduces students to manufacturing science and engineering and prototype part production. It emphasizes CNC (computer-controlled) machining. Students will learn how to go from a solid (CAD, computer-aided design) model to a machined part, using CAM software (computer-aided manufacturing) and CNC machining. They will also be exposed to associated issues in manufacturing process analysis, engineering design, material science, and in dimensional and surface metrology. Using machining as an example, the science of manufacturing processes is developed in a combination of class work and laboratory experience. The laboratory experience includes an experimental component that relates process variables in machining with performance and machined part quality. Students whose project work will necessitate fabrication of parts and those who want a background in manufacturing process science and engineering should take this course.",3.0,3.0,2021 - 2022 Academic Year,"A,B,C,D"
ME 2300,ME,Mechanical Engineering,2300,Introduction To Engineering Design,"Cat. I This project based course introduces students to the engineering design process including; identifying the need, benchmarking, writing design specifications, evaluating alternative designs and selecting a final design. Student groups will construct and evaluate a working prototype of their design. Additional topics include; creativity, product liability, reverse engineering, patents, and codes of ethics for engineers. Extensive written reports and oral presentations are required. Recommended background: computer-aided design (ES 1310), mechanics (ES 2501, ES 2502), and manufacturing (ME 1800).",3.0,3.0,2021 - 2022 Academic Year,"B,D"
ME 2312,ME,Mechanical Engineering,2312,Introduction To Computational Solutions For Engineering Problems,"Cat. I The purpose of this course is to introduce concepts of programming and numerical methods using Matlab within an engineering framework. The course will review basic linear algebra, statics, stress analysis, and engineering governing equations with solution pathways developed and presented as numerical programming problems. The fundamental programming techniques cover a variety of input and output formats typically encountered in engineering situations. Control and conditional loops, recognizing and controlling numerical error, numerical integration and differentiation will be introduced and developed within an engineering framework. Recommended background: Statics (ES 2501), Stress Analysis (ES 2502), General Physics-Mechanics (PH 1110), Differential and Integral Calculus (MA 1021, MA 1022) or equivalents.",3.0,3.0,2021 - 2022 Academic Year,B
ME 2820,ME,Mechanical Engineering,2820,Materials Processing,"Cat. I An introduction to material processing in manufacturing. This course provides important background for anyone interested in manufacturing, design engineering design, sales, or management. Processing of polymers, ceramics, metals and composites is discussed. Processes covered include: rolling, injection molding, forging, powder metallurgy, joining and machining. The relationships between materials, processes, processing parameters and the properties of manufactured parts are developed. During the course the students should develop the ability to choose materials, processes, and processing parameters for designing manufacturing procedures to take a prototype part to production. Recommended background: ME 1800 Materials Selection and Manufacturing Processes, and ES 2001 Introduction to Materials Science.",3.0,3.0,2021 - 2022 Academic Year,"B,D"
ME 3310,ME,Mechanical Engineering,3310,Kinematics Of Mechanisms,"Cat. I An introduction to the synthesis and analysis of linkages, cams and gear trains is presented. The design process is introduced and used to solve unstructured design problems in linkage and cam design. Algebraic and graphical techniques to analyze the displacement, velocity and acceleration of linkages and cams are developed. Computer programs for the design and analysis of linkages are used by students. Results of student design projects are presented in professional engineering reports. Recommended background: Ordinary Differential Equations (MA 2051), statics (ES 2501), dynamics (ES 2503).",3.0,3.0,2021 - 2022 Academic Year,"A,C"
ME 3311,ME,Mechanical Engineering,3311,Dynamics of Mechanisms and Machines,"Cat. IIThis course provides an in-depth study of forces in dynamic systems. Dynamicforce analysis is developed using matrix methods. Computer programs are usedto solve the sets of simultaneous equations derived by students for realistic,unstructured design problems. Inertial and shaking forces, elementarymechanical vibrations, torque-time functions, rotational and reciprocatingbalance and cam dynamics are covered using the internal combustion engine as adesign example. Students execute unstructured design projects and prepareprofessional engineering reports on the results. Computers are used extensivelyto solve the dynamic equations.Recommended background: Ordinary Differential Equations (MA 2051),statics (ES 2501), dynamics (ES 2503), kinematics (ME 3310), linear algebra. This course will be offered in 2020-21, and in alternating years thereafter.",3.0,3.0,2021 - 2022 Academic Year,D
ME 3320,ME,Mechanical Engineering,3320,Design of Machine Elements,"Cat. I This is an introductory course in mechanical design analysis, and it examines stress and fatigue in many machine elements. Common machine elements are studied and methods of selection and design are related to the associated hardware. Topics covered include: combined stresses, fatigue analysis, design of shafts, springs, gears, bearings and miscellaneous machine elements. Recommended background: mechanics (ES 2501, ES 2502, ES 2503), materials (ME 1800, ME 2820), computer programming (CS 1101 or CS 1102).",3.0,3.0,2021 - 2022 Academic Year,"A,B,C"
ME 3506,ME,Mechanical Engineering,3506,Rehabilitation Engineering,"Cat. I This project based design course focuses on the design and use of devices to aid persons with disabilities. Human factors and ergonomics are integrated into all phases of the design process with particular emphasis on the user interface. Topics include: defining the problem, developing design specifications, development of preliminary designs, selecting, realization and evaluation of a final design. Students will also learn how physical and cognitive parameters, safety, economics, reliability and aesthetics need to be incorporated into the design process. Recommended background: mechanics (ES 2501, ES 2502, ES 2503), design (ME 2300), materials (ME 1800) and electrical engineering (ECE 2010).",3.0,3.0,2021 - 2022 Academic Year,C
ME 3820,ME,Mechanical Engineering,3820,Computer-Aided Manufacturing,"Cat. I This introductory course in modern control systems will give students an understanding of the basic techniques, and the range of equipment used in most computer controlled manufacturing operations. The class work is reinforced by hands-on laboratories in the Robotics/CAM lab. Modeling and analysis of machining processes, and applications of PLC (programmable logic control) are included. Class topics include: Manufacturing Automation, Microcomputers for Process Monitoring and Control, Computer Numerical Control, Switching Theory and Ladder Logic, Transducers and Signal Conditioning, and Closed Loop Digital Control. The laboratories allow students to program and implement several types of the controllers, and will provide an introduction to the topic of industrial robotics. Recommended background: manufacturing (ME 1800), materials processing (ME 2820), elementary computer/logic device programming.",3.0,3.0,2021 - 2022 Academic Year,C
ME 3901,ME,Mechanical Engineering,3901,Engineering Experimentation,"Cat. IA course designed to develop analytical and experimental skills in modernengineering measurement methods, based on electronic instrumentation andcomputer-based data acquisition systems. The lectures are concerned with theengineering analysis and design as well as the principles of instrumentation,whereas the laboratory periods afford the student an opportunity to use moderndevices in actual experiments.Lecture topics include: review of engineering fundamentals and, amongothers, discussions of standards, measurement and sensing devices, experimentplanning, data acquisition, analysis of experimental data, and report writing.Laboratory experiments address both mechanical and thermal systems andinstrumentation in either traditional mechanical engineering (heat transfer, flowmeasurement/visualization, force/torque/strain measurement, motion/vibrationmeasurement) or materials engineering (temperature and pressure measurementsin materials processing, measurement of strain and position in mechanicaltesting of materials). Each year students will be notified which type ofexperiments will be used in each term offering. Students may also consult withtheir academic advisor or the Mechanical Engineering department office.Recommended background: mathematics (MA 2051), thermo-fluids (ES3001, ES 3003, ES 3004), mechanics (ES 2501, ES 2502, ES 2503), materials(ES 2001).",3.0,3.0,2021 - 2022 Academic Year,"C,D"
ME 3902,ME,Mechanical Engineering,3902,Project-Based Engineering Experimentation,"Cat. I This course is designed to develop experimental skills in engineering measurement methods, based on electronic instrumentation and computerbased data acquisition systems, such as the Raspberry Pi (a primarily digital microprocessor) and an Arduino (a primarily analog microcontroller). The lectures are concerned with the engineering design requirements as well as the principles of instrumentation, whereas the laboratory modules afford the student an opportunity to use these devices in actual experiments. Lecture topics include: discussions of standards, measurement and sensing devices, experiment planning, data acquisition, analysis of experimental data, and report writing. Laboratory experiments address mechanical (force/torque/strain measurements, motion/vibration measurements), energy (heat transfer, temperature, flow measurements), materials measurements (materials processing, measurement of strain and position in mechanical testing of materials), and instrumentation. The course culminates with an open-ended project of the students choosing. This open-ended project will illuminate the skills gained by the student to utilize multiple sensors and equipment to monitor and/or control physical situations. Recommended background: introductory heat transfer (ES3003 or equivalent), introductory stress and dynamic mechanics (ES 2502 & ES 2503 or equivalents), introductory electrical and computer engineering (ES2010 or equivalent) and introductory materials (such as ES 2001 or equivalent).",3.0,3.0,2021 - 2022 Academic Year,"A,B"
ME 4320,ME,Mechanical Engineering,4320,Advanced Engineering Design,"Cat. I This course integrates students’ background in ME in a one-term design project that is usually taken from a local company. Students must organize themselves and the project to successfully realize a product that meets customer needs. Activities include problem definition, design analysis, mathematical modelling, CAD modelling, manufacturing, testing, liaison to vendors, customer relations, marketing, technical management, purchasing, report writing, and oral presentations. Recommended background: mechanisms (ME 3310, ME 3311), stress analysis (ES 3502), design (ME 3320), thermo-fluids (ES 3001, ES 3003, ES 3004), materials (ES 2001), manufacturing (ME 1800).",3.0,3.0,2021 - 2022 Academic Year,"A,B,C,D"
ME 4322,ME,Mechanical Engineering,4322,Modeling And Analysis Of Mechatronic Systems.,"Cat. I This course introduces students to the modeling and analysis of mechatronic systems. Creation of dynamic models and analysis of model response using the bond graph modeling language are emphasized. Lecture topics include energy storage and dissipation elements, transducers, transformers, formulation of equations for dynamic systems, time response of linear systems, and system control through open and closed feedback loops. Computers are used extensively for system modeling, analysis, and control. Hands-on projects will include the reverse engineering and modeling of various physical systems. Physical models may sometimes also be built and tested. Recommended background: mathematics (MA 2051, MA 2071), fluids (ES 3004), thermodynamics (ES 3001), mechanics (ES 2501, ES 2503).",3.0,3.0,2021 - 2022 Academic Year,"A,C"
ME 4422,ME,Mechanical Engineering,4422,Design and Optimization of Thermal Systems,"Cat. I This course introduces students to design of small and large scale optimal thermal systems. The hardware associated with thermal systems includes fans, pumps, compressors, engines, expanders, turbines, heat and mass exchangers, and reactors, all interconnected with some form of conduits. Generally, the working substances are fluids. These types of systems appear in such industries as power generation, electric and gas utilities, refrigeration and cryogenics, air conditioning and heating, food, chemical, petroleum, and other process industries. This course is intended for mechanical engineering students, especially those seeking a concentration in Thermal-Fluids. Additionally, this course might be of interest to students in Aerospace Engineering and Chemical Engineering. Recommended Background: Knowledge in thermodynamics (ES 3001), fluid mechanics (ES 3004), heat transfer (ES 3003), and introduction to design (ME 2300)",3.0,3.0,2021 - 2022 Academic Year,B
ME 4424,ME,Mechanical Engineering,4424,Radiation Heat Transfer Application & Design,"Cat. II Radiation Heat Transfer Applications will develop the student’s knowledge of radiation and multi-mode heat transfer. Fundamentals of radiation will be covered: radiative properties of surfaces; view factors; exchange between black and grey surfaces; emission and absorption of gases; and flame radiation. Use of numerical methods will be emphasized as appropriate for solution of applications: the select numerical methods (numerical integration, matrix methods, ODE solutions) can be learned during the course. The course will conclude with a design exercise to be completed by each student. Each exercise will highlight radiation in a realistic scenario that requires multi-mode heat transfer and fluid mechanics analysis to develop the design solution. Exercise topics will come from subjects such as: solar power plants, solar effects on buildings, furnaces, fire safety in the built environment, etc. Recommended background: differential and integral calculus, and ordinary differential equations (MA 2051 or equivalent), and thermodynamics, fluid mechanics and heat transfer (ES 3001, 3004, 3003 or equivalents). Students may not receive credit for both ME 4424 and ME 442X.",3.0,3.0,2021 - 2022 Academic Year,C
ME 4429,ME,Mechanical Engineering,4429,Thermofluid Application and Design,"Cat. IThis course integrates thermodynamics, fluid mechanics and heat transferthrough the use of design projects involving modern technologies, such aselectronic cooling, vapor compression power and refrigeration cycles. Activitiesinclude problem definition, design creation and analysis, mathematicalmodeling, cost analysis and optimization.Recommended background: knowledge in thermodynamics, fluid mechanics,heat transfer and introduction to design (ES 3001, ES 3004 and ES 3003,ME 2300 or equivalent).",3.0,3.0,2021 - 2022 Academic Year,"A,C,D"
ME 4504,ME,Mechanical Engineering,4504,Biomechanics,"Cat. I This course emphasizes the applications of mechanics to describe the material properties of living tissues. It is concerned with the description and measurements of these properties as related to their physiological functions. Emphasis on the interrelationship between biomechanics and physiology in medicine, surgery, body injury and prostheses. Topics covered include: review of basic mechanics, stress, strain, constitutive equations and the field equations, viscoelastic behavior, and models of material behavior. The measurement and characterization of properties of tendons, skin, muscles and bone. Biomechanics as related to body injury and the design of prosthetic devices. Recommended background: Mechanics (ES 2501, ES 2502, ES 2503, ME 3501), Mathematics (MA 2051).",3.0,3.0,2021 - 2022 Academic Year,C
ME 4506,ME,Mechanical Engineering,4506,Mechanical Vibrations,"Cat. IThis course is an introduction to the fundamental concepts of mechanicalvibrations, which are important for design and analysis of mechanical andstructural systems subjected to time-varying loads. The objective of the course isto expose the students to mathematical modeling and analysis of such systemsTopics covered include: formulation of the equations of motion using Newton’sLaws, D’Alembert’s Principle and energy methods; prediction of natural frequencyfor single-degree-of-freedom systems; modeling stiffness characteristics, dampingand other vibrational properties of mechanical systems; basic solution techniquesby frequency response analysis and convolution integral methods. Examples mayinclude analysis and design for transient passage through resonance; analysisand design of vibration measurement devices; introductory rotordynamics.The course is mainly focused on analysis of single-degree-of-freedom systems,however a basic introduction into multidegree-of-freedom systems is alsopresented. Computer-based project may be suggested.Recommended background: Ordinary Differential Equations (MA 2501),Statics (ES 2501), Dynamics (ES 2503).",3.0,3.0,2021 - 2022 Academic Year,B
ME 4512,ME,Mechanical Engineering,4512,Introduction to the Finite Element Method,"Cat. I This course serves as an introduction to finite element analysis (FEA) for stress analysis problems. Finite element equations are developed for several element types from stiffness and energy approaches and used to solve simple problems. Element types considered include spring, truss, beam, two-dimensional (plane stress/strain and axisymmetric solid), three-dimensional and plates. Stress concentrations, static failures, and fatigue failures are considered for each element type. Emphasis will be placed on knowing the behavior and usage of each element type, being able to select a suitable finite element model for a given problem, and being able to interpret and evaluate the solution quality. A commercial, general-purpose finite element computer program is used to solve problems that are more complex. Projects are used to introduce the use of FEA in the iterative design process. Recommended background: Mathematics (MA 2051, MA 2071), Mechanics (ES 2501 & ES 2502 or CE 2000 & CE 2001).",3.0,3.0,2021 - 2022 Academic Year,A
ME 4810,ME,Mechanical Engineering,4810,Automotive Materials And Process Design,"Cat. II This course focuses on materials used in the automotive industry . Students complete a term-long project that integrates design, materials selection and processing considerations . Activities include: problem definition, development of design specifications, development and analysis of alternative designs, conceptual designs and materials and process selection . Students will consider cost, and environmental impact of alternative material choices . Students will present their results in intermediate and final design reviews . Recommended background: materials science (ES 2001), stress analysis (ES 2502), or equivalent . This course will be offered in 2019-20, and in alternating years thereafter.",3.0,3.0,2021 - 2022 Academic Year,"B,C"
ME 4813,ME,Mechanical Engineering,4813,Ceramics And Glasses For Engineering Applications,"Cat. II This course develops an understanding of the processing, structure, property, performance relationships in crystalline and vitreous ceramics. The topics covered include crystal structure, glassy structure, phase diagrams, microstructures, mechanical properties, optical properties, thermal properties, and materials selection for ceramic materials . In addition the methods for processing ceramics for a variety of products will be included . Recommended Background: ES 2001 or equivalent . This course will be offered in 2019-20, and in alternating years thereafter.",3.0,3.0,2021 - 2022 Academic Year,A
ME 4814,ME,Mechanical Engineering,4814,Biomaterials,"Cat. I This course discusses various aspects pertaining to the selection, processing, testing (in vitro and in vivo) and performance of biomedical materials. The biocompatibility and surgical applicability of metallic, polymeric and ceramic implants and prosthetic devices are discussed. The physico-chemical interactions between the implant material and the physiological environment will be described. The use of biomaterials in maxillofacial, orthopedic, dental, ophthalmic and neuromuscular applications is presented. Recommended background: BB 3130 or equivalent introduction to Human Anatomy, ES 2001 or equivalent introduction to Materials Science and Engineering.",3.0,3.0,2021 - 2022 Academic Year,A
ME 4815,ME,Mechanical Engineering,4815,Industrial Robotics,"Cat. I This course introduces students to robotics within manufacturing systems. Topics include: classification of robots, robot kinematics, motion generation and transmission, end effectors, motion accuracy, sensors, robot control and automation. This course is a combination of lecture, laboratory and project work, and utilizes industrial robots. Through the laboratory work, students will become familiar with robotic programming (using a robotic programming language VAL II) and the robotic teaching mode. The experimental component of the laboratory exercise measures the motion and positioning capabilities of robots as a function of several robotic variables and levels, and it includes the use of experimental design techniques and analysis of variance. Recommended background: manufacturing (ME 1800), kinematics (ME 3310), control (ES 3011), and computer programming.",3.0,3.0,2021 - 2022 Academic Year,"B,D"
ME 4821,ME,Mechanical Engineering,4821,Plastics,"Cat. II This course develops the processing, structure, property, performance relationships in plastic materials. The topics covered include polymerization processes, chain structure and configuration, molecular weights and distributions, amorphous and crystalline states and glass-rubber transition. The principles of various processing techniques including injection molding, extrusion, blow molding, thermoforming and calendaring will be discussed. The physical and mechanical properties of polymers and polymer melts will be described with specific attention to rheology and viscoelasticity. Pertinent issues related to environmental degradation and recyclability will be highlighted. Recommended Background: ES 2001 or equivalent. This course will be offered in 2019-20, and in alternating years thereafter.",3.0,3.0,2021 - 2022 Academic Year,B
ME 4832,ME,Mechanical Engineering,4832,Corrosion And Corrosion Control,"Cat. II An introductory course designed to acquaint the student with the different forms of corrosion and the fundamentals of oxidation and electro-chemical corrosion. Topics covered include: corrosion principles, environmental effects, metallurgical aspects, galvanic corrosion, crevice corrosion, pitting, intergranular corrosion, erosion corrosion, stress corrosion, cracking and hydrogen embrittlement, corrosion testing, corrosion prevention, oxidation and other high-temperature metal-gas reactions. Recommended background: materials (ES 2001). This course will be offered in 2019-20, and in alternating years thereafter.",3.0,3.0,2021 - 2022 Academic Year,A
ME 4840,ME,Mechanical Engineering,4840,Physical Metallurgy,"Cat. I Fundamental relationships between the structure and properties of engineering materials are studied. Principles of diffusion and phase transformation are applied to the strengthening of commercial alloy systems. Role of crystal lattice defects on material properties and fracture are presented. Strongly recommended as a senior-graduate level course for students interested in pursuing a graduate program in materials or materials engineering at WPI, or other schools. Recommended background: materials (ES 2001, ME 2820).",3.0,3.0,2021 - 2022 Academic Year,D
ME 5000,ME,Mechanical Engineering,5000,Applied Analytical Methods In Engineering,"The emphasis of this course is on the modeling of physical phenomena encountered in typical engineering problems, and on interpreting solutions in terms of the governing physics. In this manner, the course will expose students to a range of techniques that are useful to practicing engineers and researchers. Physical examples will be drawn from fluid mechanics, dynamics, stability problems, and structural mechanics. The course will introduce analytical techniques as they are required to study such phenomena. Depending on the examples chosen, the techniques covered may include partial differential equations, power series, Fourier series, Fourier integrals, including cases of sustained nonperiodic processes which require incorporating probabilistic approach into dynamics, Green’s Functions, Sturm-Liouville theory and linear algebra. (Prerequisites: differential equations at the undergraduate level.) Students cannot receive credit for this course if they have taken either the Special Topics (ME 593A) version of the same course or ME 500.",2.0,2.0,2021 - 2022 Academic Year,A
ME 5001,ME,Mechanical Engineering,5001,Applied Numerical Methods In Engineering,"A study of important numerical and computational methods for solving engineering science problems. The course will include methods for solving linear and nonlinear equations, interpolation strategies, evaluating integrals, and solving ordinary and partial differential equations. Finite difference methods will be developed in full for the solution of partial differential equations. The course materials emphasize the systematic generation of numerical methods for elliptic, parabolic, and hyperbolic problems, and the analysis of their stability, accuracy, and convergence properties. The student will be required to write and run computer programs. Students cannot receive credit for this course if they have taken the Special Topics (ME 593M) version of the same course or ME 515.",2.0,2.0,2021 - 2022 Academic Year,C
ME 501,ME,Mechanical Engineering,501,Robot Dynamics,"Foundations and principles of robotic manipulation. Topics include computational models of objects and motion, the mechanics of robotic manipulators, the structure of manipulator control systems, planning and programming of robot actions. The focus of this class is on the kinematics and programming of robotic mechanisms. Important topics also include the dynamics, control, sensor and effector design, and automatic planning methods for robots. The fundamental techniques apply to arms, mobile robots, active sensor platforms, and all other computer-controlled kinematic linkages. The primary applications include robotic arms and mobile robots and lab projects would involve programming of representative robots. An end of term team project would allow students to program robots to participate in challenges or competitions. (Prerequisite: RBE 500 or equivalent.)",3.0,3.0,2021 - 2022 Academic Year,"A,B,C,D"
ME 5108,ME,Mechanical Engineering,5108,Introduction To Computational Fluid Dynamics,"(2 credits) The course provides the theory and practice of computational fluid dynamics at an entry graduate level. Topics covered include: classification of partial differential equations (PDEs) in fluid dynamics and characteristics; finite difference schemes on structured grids; temporal discretization schemes; consistency, stability and error analysis of finite difference schemes; explicit and implicit finite differencing schemes for linear hyperbolic, parabolic, elliptic, and non-linear PDEs in fluid dynamics; direct and iterative solution methods for algebraic systems. The course requires completion of several projects using MATLAB.",2.0,2.0,2021 - 2022 Academic Year,C
ME 514,ME,Mechanical Engineering,514,Fluid Dynamics,"This course is an introduction to graduate-level fluid dynamics. Specific learning outcomes include deriving and understanding the governing equations of fluid mechanics; applying basic equations of fluid motion to understand inviscid fluids, Newtonian fluids, and incompressible fluids; analyzing potential flows using stream functions and potential functions; deriving exact solutions of fluid equations for special flow cases; and introducing the concept of boundary layers and deriving similarity solutions for boundary layer equations. (Prerequisites: undergraduate-level fluid dynamics.) Students cannot receive credit for this course if they have received credit for AE/ME 5101 or AE/ME 5107.",3.0,3.0,2021 - 2022 Academic Year,"A,B"
ME 516,ME,Mechanical Engineering,516,Heat Transfer,"Review of governing differential equations and boundary conditions for heat transfer analysis. Multidimensional and unsteady conduction, including effects of variable material properties. Analytical and numerical solution methods. Forced and free convection with laminar and turbulent flow in internal and external flows. Characteristics of radiant energy spectra and radiative properties of surfaces. Radiative heat transfer in absorbing and emitting media. Systems with combined conduction, convection and radiation. Condensation, evaporation, and boiling phenomena. (Prerequisite: Background in thermodynamics, fluid dynamics, ordinary and partial differential equations, and basic undergraduate physics.)",3.0,3.0,2021 - 2022 Academic Year,"C,D"
ME 5200,ME,Mechanical Engineering,5200,Mechanical Vibrations,"The course provides fundamentals for vibration analysis of linear discrete and continuous dynamic systems, A vibrating system is first modeled mathematically as an initial value problem (IVP) or a boundary-initial value problem (BIVP) by the Newton-D’Alembert method and/or the Lagrange energy approach and then solved for various types of system. Explicit solutions for dynamic response of a linear single-degree-of-freedom (SDOF) system, both damped and undamped, is derived for free-vibration caused by the initial conditions and forced vibration caused by different excitations. Modal analysis is presented to solve for vibration response of both multi-degreeof-freedom (MDOF) systems and continuous systems with distributed parameters. As the basis of modal analysis, the natural frequencies and vibration modes of a linear dynamic system are obtained in advance by solving an associated generalized eigenvalue problem and the orthogonal properties of the vibration modes with respect to the stiffness and mass matrices are strictly proved. Computational methods for vibration analysis are introduced. Applications include but are not limited to cushion design of falling packages, vehicles traveling on a rough surface, multi-story building subjected to seismic and wind loading, and vibration analysis of bridges subjected to traffic loading. Students cannot receive credit for this course if they have taken the Special Topics (ME 593V) version of the same course or ME522.",2.0,2.0,2021 - 2022 Academic Year,D
ME 5202,ME,Mechanical Engineering,5202,Advanced Dynamics,"Basic concepts and general principles of classical kinematics and dynamics of particles, systems of particles and rigid bodies are presented with application to engineering problems with complicated three-dimensional kinematics and dynamics. Derivation of the governing equations of motion using Principle of Virtual Work and Lagrange equations is described together with the direct Newton approach. Applications include: swings-effect and its use in engineering, illustrating in particular limit cycles and their stability and reversed-swings control of vibrations of pendulum; various examples of gyroscopic effects; and especially introductory rotordynamics including transverse vibrations (whirling) and potential instability of rotating shafts. Students cannot receive credit for this course if they have taken the Special Topics (ME 593D) version of the same course or ME 527.",2.0,2.0,2021 - 2022 Academic Year,"A,B"
ME 5205,ME,Mechanical Engineering,5205,Biomedical Robotics,"This course will provide an overview of a multitude of biomedical applications of robotics. Applications covered include: image-guided surgery, percutaneous therapy, localization, robot-assisted surgery, simulation and augmented reality, laboratory and operating room automation, robotic rehabilitation, and socially assistive robots. Specific subject matter includes: medical imaging, coordinate systems and representations in 3D space, robot kinematics and control, validation, haptics, teleoperation, registration, calibration, image processing, tracking, and human-robot interaction. Topics will be discussed in lecture format followed by interactive discussion of related literature. The course will culminate in a team project covering one or more of the primary course focus areas. Recommended background: Linear algebra, ME/ RBE 501 or equivalent. Students cannot receive credit for this course if they have taken the Special Topics (ME 593U) version of the same course.",2.0,2.0,2021 - 2022 Academic Year,D
ME 5220,ME,Mechanical Engineering,5220,Control Of Linear Dynamical Systems,"(2 credits) This course covers analysis and synthesis of control laws for linear dynamical systems. Fundamental concepts including canonical representations, the state transition matrix, and the properties of controllability and observability will be discussed. The existence and synthesis of stabilizing feedback control laws using pole placement and linear quadratic optimal control will be discussed. The design of Luenberger observers and Kalman filters will be introduced. Examples pertaining to aerospace engineering, such as stability analysis and augmentation of longitudinal and lateral aircraft dynamics, will be considered. Assignments and term project (if any) will focus on the design, analysis, and implementation of linear control for current engineering problems. The use of Matlab®/Simulink® for analysis and design will be emphasized. (Recommended background: Familiarity with ordinary differential equations, introductory control theory, fundamentals of linear algebra, and the analysis of signals and systems is recommended. Familiarity with Matlab® is strongly recommended.)",2.0,2.0,2021 - 2022 Academic Year,B
ME 5225,ME,Mechanical Engineering,5225,Fiber Optical Sensors,"This course is designed to introduce students to the field of fiber optics, with an emphasis on design and working principles of fiber optical sensors for mechanical, biological, and chemical measurements. Students will be able to learn the basic knowledge and working principles of optical fibers and fiber optical components, as well as practical design guidelines and applications of fiber optical sensing systems. The first half of the course will introduce the fundamentals of fiber optics, including working principles of optical fibers, single-mode and multimode fibers, properties of optical fibers, passive fiber optical devices, light sources, and optical detectors. The second half will focus on practical fiber optical sensors and sensing systems, including working principles of fiber optical sensors, intensitybased and interferometer-based fiber optical sensors, fiber Bragg gratings, and low-coherence fiber optical interferometers. Specifically, design and implementation of fiber optical sensors and sensing systems for strain and pressure measurements will be discussed in detail. Measurement characteristics and signal processing of fiber optical sensing systems for different applications will be introduced. Recommended Background: Undergraduate level stress analysis and wave fundamentals, such as ES 2502, PH 1140. Knowledge of vibrations such as ME 4506 is preferred but not required.",2.0,2.0,2021 - 2022 Academic Year,A
ME 530,ME,Mechanical Engineering,530,Soft Robotics,"Soft robotics studies “intelligent” machines and devices that incorporate some form of compliance in their mechanics. Elasticity is not a byproduct but an integral part of these systems, responsible for inherent safety, adaptation and part of the computation in this class of robots. This course will cover a number of major topics of soft robotics including but not limited to design and fabrication of soft systems, elastic actuation, embedded intelligence, soft robotic modeling and control, and fluidic power. Students will implement new design and fabrication methodologies of soft robots, read recent literature in the field, and complete a project to supplement the course material. Existing soft robotic platforms will be available for experimental work. Prerequisites: Differential equations, linear algebra, stress analysis, kinematics, embedded programming.",2.0,2.0,2021 - 2022 Academic Year,D
ME 5303,ME,Mechanical Engineering,5303,Applied Finite Element Methods In Engineering,"This course is devoted to the numerical solution of partial differential equations encountered in engineering sciences. Finite element methods are introduced and developed in a logical progression of complexity. Topics covered include matrix structural analysis variation form of differential equations, Ritz and weighted residual approximations, and development of the discretized domain solution. Techniques are developed in detail for the one- and twodimensional equilibrium and transient problems. These numerical strategies are used to solve actual problems in heat flow, diffusion, wave propagation, vibrations, fluid mechanics, hydrology and solid mechanics. Weekly computer exercises are required to illustrate the concepts discussed in class. Students cannot receive credit for this course if they have taken the Special Topics (ME 593E) version of the same course or ME 533 or CE 524.",2.0,2.0,2021 - 2022 Academic Year,D
ME 5311,ME,Mechanical Engineering,5311,Structure And Properties Of Engineering Materials,"(2 credits) This course, (along with its companion course MTE 512 Properties and Performance of Engineering Materials), is designed to provide a comprehensive review of the fundamental principles of Materials Science and Engineering for incoming graduate students . In the first part of this 2 course sequence, the structure in materials ranging from the sub-atomic to the macroscopic including nano, micro and macromolecular structures will be discussed to highlight bonding mechanisms, crystallinity and defect patterns . Representative thermodynamic and kinetic aspects such as diffusion, phase diagrams, nucleation and growth and TTT diagrams will be discussed . Major structural parameters that effect of performance in materials including plastics, metallic alloys, ceramics and glasses will be emphasized . The principal processing techniques to shape materials and the effects of processing on structure will be highlighted. (Prerequisites: senior or graduate standing or consent of the instructor.) Note: Students cannot receive credit for this course if they have taken the Special Topics version of the same course (MTE 594S).",2.0,2.0,2021 - 2022 Academic Year,A
ME 5312,ME,Mechanical Engineering,5312,Properties And Performance Of Engineering Materials,"(2 credits) The two introductory classes on materials science (MTE 511 and MTE 512) describe the structure property relationships in materials. The purpose of this class is to provide a basic knowledge of the principles pertaining to the physical, mechanical and chemical properties of materials. The primary focus of this class will be on mechanical properties. The thermal, tensile, compressive, flexural and shear properties of metallic alloys, ceramics and glasses and plastics will be discussed. Fundamental aspects of fracture mechanics and viscoelasticity will be presented. An overview of dynamic properties such as fatigue, impact and creep will be provided. The relationship between the structural parameters and the preceding mechanical properties will be described. Basic composite theories will be presented to describe fiber-reinforced composites and nanocomposites. Various factors associated with material degradation during use will be discussed. Some introductory definitions of electrical and optical properties will be outlined. (Prerequisites: senior or graduate standing or consent of the instructor.) Note: Students cannot receive credit for this course if they have taken the Special Topics version of the same course (MTE 594P).",2.0,2.0,2021 - 2022 Academic Year,B
ME 5350,ME,Mechanical Engineering,5350,Phase Transformations In Materials,"This course is intended to provide a fundamental understanding of thermodynamic and kinetic principles associated with phase transformations. The mechanisms of phase transformations will be discussed in terms of driving forces to establish a theoretical background for various physical phenomena. The principles of nucleation and growth and spinodal transformations will be described. The theoretical analysis of diffusion controlled and interface controlled growth will be presented . The basic concepts of martensitic transformations will be highlighted. Specific examples will include solidification, crystallization, precipitation, sintering, phase separation and transformation toughening. (Prerequisites: MTE 510, ME 4850 or equivalent.)",3.0,3.0,2021 - 2022 Academic Year,"C,D"
ME 5356,ME,Mechanical Engineering,5356,Smart Materials,"(2 credits) A material whose properties can respond to an external stimulus in a controlled fashion is referred to as a smart or intelligent material. These materials can be made to undergo changes modulus, shape, porosity, electrical conductivity, physical form, opacity, and magnetic properties based on an external stimulus. The stimuli can include temperature, pH, specific molecules, light, magnetic field, voltage and stress. These stimulisensitive materials can be utilized as sensors and as vehicles for the controlled delivery of drugs and other biomolecules in medical applications. Smart materials are also becoming important in other biological areas such as bio-separation, biosensor design, tissue engineering, protein folding, and microfluidics. The use of stimuli-sensitive materials is receiving increasing attention in the development of damage tolerant smart structures in aerospace, marine, automotive and earth quake resistant buildings. The use of smart materials is being explored for a range of applications including protective coatings, corrosion barriers, intelligent batteries, fabrics and food packaging. The purpose of this course is to provide an introduction to the various types of smart materials including polymers, ceramic, metallic alloys and composites. Fundamental principles associated with the onset of “smart” property will be highlighted. The principles of selfhealable materials based on smart materials will be discussed. The application of smart materials in various fields including sensors, actuators, diagnostics, therapeutics, packaging and other advanced applications will be presented. Note: Students cannot receive credit for this course if they have taken the Special Topics version of the same course (MTE 594X).",2.0,2.0,2021 - 2022 Academic Year,C
ME 5358,ME,Mechanical Engineering,5358,Plastics,"(2 credits) This course will provide an integrated overview of the design, selection and use of synthetic plastics. The basic chemistry associated with polymerization and the structure of commercial plastics will be described. Various aspects of polymer crystallization and glass transition will be outlined. Salient aspects of fluid flow and heat transfer during the processing of plastics will be highlighted. Fundamentals of the diverse processing operations used to shape plastics and the resulting structures that develop after processing will be discussed. The mechanical behavior of plastics including elastic deformation, rubber elasticity, yielding, viscoelasticity, fracture and creep will be discussed. Plastic 164 Mechanical Engineering Return to Table of Contents Mechanical Engineering 165 degradation and environmental issues associated with recycling and disposal of plastics will be examined. Typical techniques used in the analysis and testing of plastics will be described and a working knowledge of various terminologies used in commercial practice will be provided. Note: Students cannot receive credit for this course if they have taken the Special Topics version of the same course (MTE 594A).",2.0,2.0,2021 - 2022 Academic Year,B
ME 5359,ME,Mechanical Engineering,5359,Biomedical Materials,"This course is intended to serve as a general introduction to various aspects pertaining to the application of synthetic and natural materials in medicine and healthcare. This course will provide the student with a general understanding of the properties of a wide range of materials used in clinical practice. The physical and mechanical property requirements for the long term efficacy of biomaterials in the augmentation, repair, replacement or regeneration of tissues will be described. The physico-chemical interactions between the biomaterial and the physiological environment will be highlighted. The course will provide a general understanding of the application of a combination of synthetic and biological moieties to elicit a specific physiological response. Examples of the use of biomaterials in drug delivery, theranostic, orthopedic, dental, cardiovascular, ocular, wound closure and the more recent lab-on-chip applications will be outlined. This course will highlight the basic terminology used in this field and provide the background to enable the student to review the latest research in scientific journals. This course will demonstrate the interdisciplinary issues involved in biomaterials design, synthesis, evaluation and analysis, so that students may seek a job in the medical device industry or pursue research in this rapidly expanding field. Students cannot receive credit for this course if they have received credit for the Special Topics (ME 593/MTE 594) version of the same course, or for ME/BME 4814 Biomedical Materials.",2.0,2.0,2021 - 2022 Academic Year,A
ME 5370,ME,Mechanical Engineering,5370,Surface Metrology,"(3 credits) This course emphasizes research applications of advanced surface metrology, including the measurement and analysis of surface roughness. Surface metrology can be important in a wide variety of situations including adhesion, friction, catalysis, heat transfer, mass transfer, scattering, biological growth, wear and wetting. These situations impact practically all the engineering disciplines and sciences. The course begins by considering basic principles and conventional analyses, and methods. Measurement and analysis methods are critically reviewed for utility. Students learn advanced methods for differentiating surface textures that are suspected of being different because of their performance or manufacture. Students will also learn methods for making correlations between surface textures and behavioral and manufacturing parameters. The results of applying these methods can be used to support the design and manufacture of surface textures, and to address issues in quality assurance. Examples of research from a broad range of applications are presented, including, food science, pavements, friction, adhesion, machining and grinding. Students do a major project of their choosing, which can involve either an in-depth literature review, or surface measurement and analysis. The facilities of WPI’s Surface Metrology Laboratory are available for making measurements for selected projects. Software for advanced analysis methods is also available for use in the course. No previous knowledge of surface metrology is required. Students should have some background in engineering, math or science. Students cannot receive credit for this course if they have received credit for ME 5371/MTE 5843/MFE 5843 Fundamentals of Surface Metrology or the Special Topics (ME 593/MTE 594/MFE 594) version of Fundamentals of Surface Metrology.",3.0,3.0,2021 - 2022 Academic Year,"C,D"
ME 5371,ME,Mechanical Engineering,5371,Fundamentals of Surface Metrology,"(2 Credits) Surface Metrology is about measuring, characterizing, and analyzing surface topographies or textures. This course covers conventional and developing measurement and characterization of roughness. It emphasizes research and covers a wide variety of applications, including, adhesion, friction, fatigue life, mass transfer, scattering, wear, manufacturing, food science, wetting, physical anthropology, and archeology. Surface metrology has applications in practically all engineering disciplines and sciences. Research principles are applied to critical evaluations of research methods. Students learn multiscale methods for discovering correlations between processing, textures, and behavior , and for discriminating surface textures supposed to be different because of their performance or manufacture. Results support product and process design, and quality assurance. Students create detailed project proposals on topics of their choosing, including literature reviews, preparation and testing of surfaces, measurements, characterizations, and analyses. Students cannot receive credit for this course if they have received credit for the Special Topics (ME 593/MTE 594/MFE 594) version of this course, or for ME 5370/MTE 5841/MFE 5841 Surface Metrology.",2.0,2.0,2021 - 2022 Academic Year,A
ME 5381,ME,Mechanical Engineering,5381,Applied Elasticity,(2 credits) This course is suitable as an introductory graduate level course. Topics covered will be chosen from the following: bending and shear stresses in unsymmetric beams; bending of composite beams; bending of curved beams; torsion of thin-walled noncircular cross sections; beams on elastic foundations; stress concentrations; failure criteria; stability of columns; and bending of plates. This course may be taken independent of ME 5301.,2.0,2.0,2021 - 2022 Academic Year,B
ME 5383,ME,Mechanical Engineering,5383,Continuum Mechanics,"This course covers the fundamentals of continuum mechanics at an introductory graduate level. Topics covered include: 1) Introduction: essential mathematics - scalars, vectors, tensors, and indicial notation; 2) Basics: three-dimensional states of stress, finite and infinitesimal measures strain, and principal axes; 3) Conservations laws: mass, linear momentum, angular momentum and energy; 4) Constitutive equations: ideal materials, Newtonian fluids, isotropy and anisotropy, elasticity and thermoelasticity, plasticity, and viscoelasticity; 5) Applications to classical problems and emerging topics in solid and fluid mechanics. Recommended background: undergraduate knowledge of strength of materials, fluid mechanics, and linear algebra.",2.0,2.0,2021 - 2022 Academic Year,A
ME 5385,ME,Mechanical Engineering,5385,Metal Additive Manufacturing,"(2 Credits) Additive Manufacturing (AM), popularly known as 3D printing, is a technique in which parts are fabricated in a layer-by-layer fashion. The focus of this course is on direct metal AM processes that are used in aerospace, automobile, medical, and energy industries. The objective of the course is to enable students to understand the working principles of various additive manufacturing processes, assess the suitability of metal AM processes for different designs and applications, apply process design concepts to metal AM processes via analytical and finite element modeling approaches, and have an introductory-level understanding of design for AM. Through the course project, students will have the opportunity to experience hands-on design, manufacturing, and characterization of additively manufactured materials, and will work in an interdisciplinary team of mechanical, materials, and manufacturing engineers. The economics of the manufacturing process will also be addressed, with an emphasis on determining the major cost drivers and discussing cost minimization strategies. Students cannot receive credit for this course if they have received credit for the Special Topics (ME 593/MTE 594) version of the same course.",2.0,2.0,2021 - 2022 Academic Year,C
ME 5420,ME,Mechanical Engineering,5420,Fundamentals Of Axiomatic Design Of Manufacturing Processes,"(2 credits) The course starts with an in-depth study of axiomatic design. Applications of axiomatic design are considered primarily, although not exclusively, for the design of manufacturing processes and tools. Axiomatic design is a design methodology based on the premise that there are two axioms that apply to all good designs. These axioms facilitate the teaching and practice of engineering design as a scientific discipline. Manufacturing process analysis is considered from the perspective of supporting design. Methods of analysis of manufacturing processes with broad applicability are sought. Special attention is given to examples in machining (traditional, nontraditional and grinding), additive manufacturing, and to the production of surfaces. The ability to find commonalities across applications and generalize is emphasized to facilitate further development of principles with broad applicability. The content is delivered in video lectures and in readings from the technical literature. Homework and quizzes are given and delivered online. There is a project to design a manufacturing process. The topics can be from work or dissertations that can be interpreted as manufacturing processes and tools. Credit cannot be given for this course and any of the similar, in-class versions for 3 credits, MFE 520, MTE 520 and ME 543.",2.0,2.0,2021 - 2022 Academic Year,C
ME 543,ME,Mechanical Engineering,543,Axiomatic Design Of Manufacturing Processes,"(3 credits) This course begins with elements axiomatic design, the theory and practice. Design applications are considered primarily, although not exclusively, for the design of manufacturing processes and tools. Axiomatic design is based on the premise that there are common aspects to all good designs. These commons aspects, stated in the independence and information axioms, facilitate the teaching and practice of engineering design as a scientific discipline. Analysis of processes and products is considered from the perspective of supporting product and process design. Fundamental methods of engineering analysis of manufacturing processes with broad applicability are developed. Attention is given to examples from one or more of the following: machining (traditional, nontraditional and grinding), additive manufacturing, and to the production of surface topographies. The ability to generalize from detailed examples is emphasized in order to facilitate the students’ ability to development analyses and design methods with broader applicability",3.0,3.0,2021 - 2022 Academic Year,"A,B"
ME 5431,ME,Mechanical Engineering,5431,Computer Integrated Manufacturing,"(2 credits) An overview of computer-integrated manufacturing (CIM). As the CIM concept attempts to integrate all of the business and engineering functions of a firm, this course builds on the knowledge of computer-aided design, computer-aided manufacturing, concurrent engineering, management of information systems and operations management to demonstrate the strategic importance of integration. Emphasis is placed on CAD/CAM integration. Topics include, part design specification and manufacturing quality, tooling and fixture design, and manufacturing information systems. This course includes a group term project. (Prerequisites: Background in manufacturing and CAD/CAM, e.g., ME 1800, ES 1310, ME 3820.) Note: Students cannot receive credit for this course if they have taken the Special Topics version of the same course (ME 593D/MFE 594D).",2.0,2.0,2021 - 2022 Academic Year,D
ME 5441,ME,Mechanical Engineering,5441,Design For Manufacturability,"(2 Credits) The problems of cost determination and evaluation of processing alternatives in the designmanufacturing interface are discussed. Approaches for introducing manufacturing capability knowledge into the product design process are covered. An emphasis is placed on part and process simplification, and analysis of alternative manufacturing methods based on such parameters as: anticipated volume, product life cycle, lead time, customer requirements, and quality yield. Lean manufacturing and Six-Sigma concepts and their influence on design quality are included as well. Note: Students cannot receive credit for this course if they have taken the Special Topics version of the same course (MFE594M).",2.0,2.0,2021 - 2022 Academic Year,D
ME 550,ME,Mechanical Engineering,550,Tissue Engineering,"This biomaterials course focuses on the selection, processing, testing and performance of materials used in biomedical applications with special emphasis upon tissue engineering. Topics includematerial selection and processing, mechanisms and kinetics of material degradation, cell-material interactions and interfaces; effect of construct architecture on tissue growth; and transport through engineered tissues. Examples of engineering tissues for replacing cartilage, bone, tendons, ligaments, skin and liver will be presented. (Prerequisites: A first course in biomaterials equivalent to BME/ME 4814 and a basic understanding of cell biology and physiology. Admission of undergraduate students requires the permission of the instructor.)",3.0,3.0,2021 - 2022 Academic Year,"A,B"
ME 5503,ME,Mechanical Engineering,5503,Medical Device Innovation and Development,"The goal of this course is to introduce medical device innovation strategies, design and development processes, and provide students with an understanding of how medical device innovations are brought from concept to clinical adoption. Students will have opportunities to practice medical device innovation through a team-based course project. Specific learning outcomes include describing and applying medical device design and development concepts such as value proposition, iterative design, concurrent design and manufacturing, intellectual property, and FDA regulation; demonstrating an understanding of emerging themes that are shaping medical device innovation; demonstrating familiarity with innovation and entrepreneurship skills, including customer discovery, market analysis, development planning, and communicating innovation; and gaining capability and confidence as innovators, problem solvers, and communicators, particularly in the medical device industry but transferable to any career path.",2.0,2.0,2021 - 2022 Academic Year,A
ME 591,ME,Mechanical Engineering,591,Graduate Seminar,Seminars on current issues related to various areas of mechanical engineering are presented by authorities in their fields. All full-time mechanical engineering students are required to register and attend.,0.0,0.0,2021 - 2022 Academic Year,"A,B,C,D"
ME 593,ME,Mechanical Engineering,593,Special Topics,"(credits TBD) Arranged by individual faculty with special expertise, these courses survey fundamentals in areas that are not covered by the regular mechanical engineering course offerings. Exact course descriptions are disseminated by the Mechanical Engineering Department well in advance of the offering. (Prerequisite: Consent of instructor.)",2.0,2.0,2021 - 2022 Academic Year,"A,B,C,D"
ME 598,ME,Mechanical Engineering,598,Directed Research,"For M.S. students wishing to gain research experience peripheral to their thesis topic, or for Ph.D. students wishing to gain research experience peripheral to their dissertation topic.",0.0,0.0,2021 - 2022 Academic Year,"A,B"
MFE 500,MFE,Manufacturing Engineering,500,Current Topics In Manufacturing Seminar,"(0 credits) This seminar identifies the typical problems involved in a variety of manufacturing operations, and generic approaches for applying advanced technologies to implement operations. Topical areas of application and development such as intelligent materials processing, automated assembly, MRP and JIT scheduling, vision recognition systems, high-speed computer networks, distributed computer control of manufacturing processes and flexible manufacturing systems may be covered. This seminar is coordinated with the undergraduate program in manufacturing engineering. Required for all full-time students .",0.0,0.0,2021 - 2022 Academic Year,"A,B,C,D"
MFE 511,MFE,Manufacturing Engineering,511,Application Of Industrial Robotics,"(Concurrent with ME 4815) This course introduces the student to the field of industrial automation. Topics covered include robot specification and selection, control and drive methods, part presentation, economic justification, safety, implementation, product design and programming languages. The course combines the use of lecture, project work and laboratories that utilize industrial robots. Theory and application of robotic systems will be emphasized.",2.0,2.0,2021 - 2022 Academic Year,"B,D"
MFE 520,MFE,Manufacturing Engineering,520,Axiomatic Design Of Manufacturing Processes,"(3 credits) This course begins with elements axiomatic design, the theory and practice. Design applications are considered primarily, although not exclusively, for the design of manufacturing processes and tools. Axiomatic design is based on the premise that there are common aspects to all good designs. These commons aspects, stated in the independence and information axioms, facilitate the teaching and practice of engineering design as a scientific discipline. Analysis of processes and products is considered from the perspective of supporting product and process design. Fundamental methods of engineering analysis of manufacturing processes with broad applicability are developed. Attention is given to examples from one or more of the following: machining (traditional, nontraditional and grinding), additive manufacturing, and to the production of surface topographies. The ability to generalize from detailed examples is emphasized in order to facilitate the students’ ability to development analyses and design methods with broader applicability",3.0,3.0,2021 - 2022 Academic Year,"A,B"
MFE 531,MFE,Manufacturing Engineering,531,Computer Integrated Manufacturing,"(2 credits) An overview of computer-integrated manufacturing (CIM). As the CIM concept attempts to integrate all of the business and engineering functions of a firm, this course builds on the knowledge of computer-aided design, computer-aided manufacturing, concurrent engineering, management of information systems and operations management to demonstrate the strategic importance of integration. Emphasis is placed on CAD/CAM integration. Topics include, part design specification and manufacturing quality, tooling and fixture design, and manufacturing information systems. This course includes a group term project. (Prerequisites: Background in manufacturing and CAD/CAM, e.g., ME 1800, ES 1310, ME 3820.) Note: Students cannot receive credit for this course if they have taken the Special Topics version of the same course (ME 593D/MFE 594D).",2.0,2.0,2021 - 2022 Academic Year,D
MFE 5385,MFE,Manufacturing Engineering,5385,Metal Additive Manufacturing,"(2 Credits) Additive Manufacturing (AM), popularly known as 3D printing, is a technique in which parts are fabricated in a layer-by-layer fashion. The focus of this course is on direct metal AM processes that are used in aerospace, automobile, medical, and energy industries. The objective of the course is to enable students to understand the working principles of various additive manufacturing processes, assess the suitability of metal AM processes for different designs and applications, apply process design concepts to metal AM processes via analytical and finite element modeling approaches, and have an introductory-level understanding of design for AM. Through the course project, students will have the opportunity to experience hands-on design, manufacturing, and characterization of additively manufactured materials, and will work in an interdisciplinary team of mechanical, materials, and manufacturing engineers. The economics of the manufacturing process will also be addressed, with an emphasis on determining the major cost drivers and discussing cost minimization strategies. Students cannot receive credit for this course if they have received credit for the Special Topics (ME 593/MTE 594) version of the same course.",2.0,2.0,2021 - 2022 Academic Year,C
MFE 541,MFE,Manufacturing Engineering,541,Design For Manufacturability,"(2 Credits) The problems of cost determination and evaluation of processing alternatives in the designmanufacturing interface are discussed. Approaches for introducing manufacturing capability knowledge into the product design process are covered. An emphasis is placed on part and process simplification, and analysis of alternative manufacturing methods based on such parameters as: anticipated volume, product life cycle, lead time, customer requirements, and quality yield. Lean manufacturing and Six-Sigma concepts and their influence on design quality are included as well. Note: Students cannot receive credit for this course if they have taken the Special Topics version of the same course (MFE594M).",2.0,2.0,2021 - 2022 Academic Year,D
MFE 5420,MFE,Manufacturing Engineering,5420,Fundamentals Of Axiomatic Design Of Manufacturing Processes,"(2 credits) The course starts with an in-depth study of axiomatic design. Applications of axiomatic design are considered primarily, although not exclusively, for the design of manufacturing processes and tools. Axiomatic design is a design methodology based on the premise that there are two axioms that apply to all good designs. These axioms facilitate the teaching and practice of engineering design as a scientific discipline. Manufacturing process analysis is considered from the perspective of supporting design. Methods of analysis of manufacturing processes with broad applicability are sought. Special attention is given to examples in machining (traditional, nontraditional and grinding), additive manufacturing, and to the production of surfaces. The ability to find commonalities across applications and generalize is emphasized to facilitate further development of principles with broad applicability. The content is delivered in video lectures and in readings from the technical literature. Homework and quizzes are given and delivered online. There is a project to design a manufacturing process. The topics can be from work or dissertations that can be interpreted as manufacturing processes and tools. Credit cannot be given for this course and any of the similar, in-class versions for 3 credits, MFE 520, MTE 520 and ME 543.",2.0,2.0,2021 - 2022 Academic Year,C
MFE 5841,MFE,Manufacturing Engineering,5841,Surface Metrology,"(3 credits) This course emphasizes research applications of advanced surface metrology, including the measurement and analysis of surface roughness. Surface metrology can be important in a wide variety of situations including adhesion, friction, catalysis, heat transfer, mass transfer, scattering, biological growth, wear and wetting. These situations impact practically all the engineering disciplines and sciences. The course begins by considering basic principles and conventional analyses, and methods. Measurement and analysis methods are critically reviewed for utility. Students learn advanced methods for differentiating surface textures that are suspected of being different because of their performance or manufacture. Students will also learn methods for making correlations between surface textures and behavioral and manufacturing parameters. The results of applying these methods can be used to support the design and manufacture of surface textures, and to address issues in quality assurance. Examples of research from a broad range of applications are presented, including, food science, pavements, friction, adhesion, machining and grinding. Students do a major project of their choosing, which can involve either an in-depth literature review, or surface measurement and analysis. The facilities of WPI’s Surface Metrology Laboratory are available for making measurements for selected projects. Software for advanced analysis methods is also available for use in the course. No previous knowledge of surface metrology is required. Students should have some background in engineering, math or science. Students cannot receive credit for this course if they have received credit for ME 5371/MTE 5843/MFE 5843 Fundamentals of Surface Metrology or the Special Topics (ME 593/MTE 594/MFE 594) version of Fundamentals of Surface Metrology.",3.0,3.0,2021 - 2022 Academic Year,"C,D"
MFE 5843,MFE,Manufacturing Engineering,5843,Fundamentals of Surface Metrology,"(2 Credits) Surface Metrology is about measuring, characterizing, and analyzing surface topographies or textures. This course covers conventional and developing measurement and characterization of roughness. It emphasizes research and covers a wide variety of applications, including, adhesion, friction, fatigue life, mass transfer, scattering, wear, manufacturing, food science, wetting, physical anthropology, and archeology. Surface metrology has applications in practically all engineering disciplines and sciences. Research principles are applied to critical evaluations of research methods. Students learn multiscale methods for discovering correlations between processing, textures, and behavior , and for discriminating surface textures supposed to be different because of their performance or manufacture. Results support product and process design, and quality assurance. Students create detailed project proposals on topics of their choosing, including literature reviews, preparation and testing of surfaces, measurements, characterizations, and analyses. Students cannot receive credit for this course if they have received credit for the Special Topics (ME 593/MTE 594/MFE 594) version of this course, or for ME 5370/MTE 5841/MFE 5841 Surface Metrology.",2.0,2.0,2021 - 2022 Academic Year,A
MFE 594,MFE,Manufacturing Engineering,594,Special Topics,Theoretical and experimental studies in subjects of interest to graduate students in manufacturing engineering. (Prerequisite: Consent of instructor.) The description of each Special Topics course is attached to the course number as seen on the course schedule posted on the Registrar’s website.,2.0,2.0,2021 - 2022 Academic Year,C
MIS 3720,MIS,Management Information Systems,3720,Business Data Management,"Cat. I This course introduces students to the theory and practice of database management and the application of database software to implement business information systems that support managerial and operational decision making. Special topics covered include relational data models, query languages, normalization, locking, concurrency control and recovery. The course covers data administration and the design of data tables for computerized databases. Students will use a commercial database package to design and implement a small business database application. Recommended background: CS 2119 or equivalent knowledge.",3.0,3.0,2021 - 2022 Academic Year,C
MIS 3787,MIS,Management Information Systems,3787,Business Applications Of Machine Learning,"Cat. I This course offers a business focused data analytics introduction. Using cutting-edge tools and approaches to the analysis of data through supervised machine learning, the course teaches how to utilize “big data” for effective decision-making. The course creates data analytics skills through hands-on exposure to data and analytic techniques embedded in Automated Machine Learning tools. Application areas covered include Marketing (pricing and marketing of luxury shoes), Supply Chain (predicting parts backorders), Finance (predicting safe loans), Talent Management (predicting and explaining attrition), Service Delivery (predicting hospital readmissions), as well as student-centric topics (college grades and starting salaries). This course provides foundations required to successfully apply the machine learning approaches to many of the most common business problems.",3.0,3.0,2021 - 2022 Academic Year,A
MIS 4084,MIS,Management Information Systems,4084,Business Intelligence,"Cat. I This course provides an introduction to the technologies and techniques for organizing, analyzing, visualizing, and presenting data about business operations in a way that creates business value, and prepares students to be knowledgeable producers and consumers of business intelligence. During the course, students will study a variety of business decisions that can be improved by analyzing large volumes of data about customers, sales, operations, and business performance. Students will employ commercially available business intelligence software to organize, summarize, visualize, and analyze data sets and make recommendations to decision makers based on the results. The course explores the technical challenges of conducting analytics on various forms of data including social media data and the managerial challenges of creating value from business intelligence expertise deployed in organizations. The course includes business cases, in-class discussion, hands-on analyses of business data, and methods for presenting results to decision makers. It is designed for any student interested in analyzing data to support business decision-making, including students whose primary focus is Management Information Systems, Marketing, Operations and Industrial Engineering, Business, Management Engineering, Data Science, or Computer Science. Recommended background: Previous knowledge in data management, such as that provided by MIS 3720 Business Data Management or CS 3431 Database Systems I.",3.0,3.0,2021 - 2022 Academic Year,D
MIS 4720,MIS,Management Information Systems,4720,Systems Analysis And Design,"Cat. I This course integrates students’ background in MIS in a one-term project focusing on development of creative solutions to open-ended business and manufacturing problems. The project will utilize systems analysis and design tools such as systems development life cycle, feasibility study, cost-benefit analysis, structured analysis and design. Students will acquire the skills necessary to analyze, develop, implement, and document real-life information systems. Students must be able to organize themselves and the project to complete their work within a seven week term. It is recommended that MIS majors take this course in preparation for their MQP. Recommended background: MIS 3720.",3.0,3.0,2021 - 2022 Academic Year,D
MIS 4741,MIS,Management Information Systems,4741,User Experience And Design,"Cat. I This course focuses on the newest developments in the field of user experience (UX) (e.g., the use of physiological measures such as eye tracking in UX design) and provides an introduction to various methods used in cutting-edge research laboratories to study user experience. Both theoretical concepts and practical skills with appropriate development tools will be addressed within the scope of the class through hands-on projects and assignments. Students will develop a plan to innovate with user experience and will implement a simple prototype of their plan. Recommended background: BUS 3010, CS 2102 (or CS 2103) or ability to program in a higher level programming language.",3.0,3.0,2021 - 2022 Academic Year,B
MIS 500,MIS,Management Information Systems,500,Innovating With Information Systems,"This course focuses on information technology and innovation. Topics covered are information technology and organizations, information technology and individuals (privacy, ethics, job security, job changes), information technology and information security, information technology within the organization (technology introduction, and implementation, and data analytics for competitive analysis), business process engineering and information technology between organizations (electronic data interchange and electronic commerce). This course provides the knowledge and skills to utilize existing and emerging information technology innovatively to create business opportunities.",3.0,3.0,2021 - 2022 Academic Year,"A,B"
MIS 502,MIS,Management Information Systems,502,Data Management For Analytics,"This course develops the skills business students need for handling data. It focuses on student skills in (1) cleaning and preparing data for analysis, (2) writing SQL queries to access and manipulate data, and (3) ethical uses of data and data privacy issues. It also covers the types of data typically found in organizations, e.g., employee, customer, product, marketing, operations, and financial data.",3.0,3.0,2021 - 2022 Academic Year,"A,B,C,D"
MIS 571,MIS,Management Information Systems,571,Database Applications Design And Development,"This course introduces students to the theory and practice of computer-based data management, including the delivery of high quality data in information processing and analysis. The course focuses on the design of database systems to meet an organization’s needs for data analytics. The course also covers data security, data integrity, data quality, as well as backup and recovery procedures. Students will be exposed to commercially available database management systems, such as Microsoft Access and Oracle. As a project during the course, students will design and implement a small database application that meets the data needs of some real-world business opportunity. The project report will include recommendations for ensuring data security, data integrity, and data quality.",3.0,3.0,2021 - 2022 Academic Year,"C,D"
MIS 573,MIS,Management Information Systems,573,System Design And Development,"This course introduces students to the concepts and principles of systems analysis and design. It covers all aspects of the systems development life cycle from project identification through project planning and management, requirements identification and specification, process and data modeling, system architecture and security, interface design, and implementation and change management. Object-oriented analysis techniques are introduced. Students will learn to use an upper level CASE (computer-aided software engineering) tool, which will be employed in completing a real-world systems analysis and design project. (Prerequisite: MIS 571 or equivalent content, or instructor consent)",3.0,3.0,2021 - 2022 Academic Year,"C,D"
MIS 576,MIS,Management Information Systems,576,Project Management,"This course presents the specific concepts, techniques and tools for managing projects effectively. The role of the project manager as team leader is examined, together with important techniques for controlling cost, schedules and performance parameters. Lectures, case studies and projects are combined to develop skills needed by project managers in today’s environment.",3.0,3.0,2021 - 2022 Academic Year,"A,B,C,D"
MIS 581,MIS,Management Information Systems,581,Policy And Strategy For Information Technology And Analytics,"This course focuses on the core IS capabilities that IS managers must consider when managing technology within an organization, such as IT strategy, policy development, management, and IT’s role in data analytics. Fast-paced changes in technology require IT managers to quickly understand, adapt, and apply technology. Successful companies are those that can react quickly by introducing innovative technologies and respond to market demands using data driven solutions. Students will learn how IT managers engage data to develop and enhance their departments’ strategies.",3.0,3.0,2021 - 2022 Academic Year,"A,B,C,D"
MIS 582,MIS,Management Information Systems,582,Information Security Management,"This course introduces students to the fundamentals of Information Security Management. It is designed to develop in students an understanding of and appreciation for the importance of information security to all enterprises, and to enable current and future managers to understand the important role that they must play in securing the enterprise. This course is appropriate for any student interested in gaining a managerial-level understanding of information security. A combination of readings, lectures, case studies, guest speakers, and discussion of real world events will be used to bridge the gap between theory and practice. The course will primarily explore the Common Body of Knowledge (CBK) of information security, along with other related topics. It will also explore the interaction between People, Process and Technology as the cornerstone of any effective information security program. Upon completion of this course, the student will have an in-depth understanding of the essential components of a comprehensive information security program, as well as an understanding of the technology at work behind the scenes.",3.0,3.0,2021 - 2022 Academic Year,"C,D"
MIS 583,MIS,Management Information Systems,583,User Experience Applications,"The UX Applications course provides an introduction to using UX methods to study user experience. The course teaches students how to use the newest research tools, including eye tracking and emotion detection, to study user experiences of technological products and services. Students will learn how businesses can benefit from these techniques. Both theoretical concepts and practical skills will be addressed within the scope of the class through hands-on projects, class exercises, and assignments.",3.0,3.0,2021 - 2022 Academic Year,"C,D"
MIS 584,MIS,Management Information Systems,584,Business Intelligence,"Today’s business computing infrastructures are producing the large volumes of data organizations need to make better plans and decisions. This course provides an introduction to the processes, technologies, and techniques for organizing, analyzing, visualizing, and interpreting data and information about business operations in a way that creates business value. During the course, students will study a variety of business decisions that can be improved by analyzing data about customers, sales, and operations, preparing students to be knowledgeable producers and consumers of business intelligence. Students will apply commercially available business intelligence software to develop performance dashboards to facilitate organizational decision-making. The course explores the technical challenges of organizing, analyzing, and presenting data and the managerial challenges of creating and deploying business intelligence expertise in organizations. The course includes business cases, in-class discussion, and hands-on analyses of business data. It is designed for any student interested in learning about data-driven business performance management and decision-making, including students whose primary focus is Data Science, IT, Marketing, Operations, or Business Management.",3.0,3.0,2021 - 2022 Academic Year,"A,B,C,D"
MIS 585,MIS,Management Information Systems,585,User Experience Design,"Designing positive user experiences is becoming increasingly important in staying competitive in the marketplace. This UX Design course offers students hands-on experiences, through the use of real-world projects, that provide them with a strong portfolio of work that showcases their skills in UX/UI, visual, service, experience, and product design. Throughout this course, students will create innovative experiences that enrich their technical fluency in both web and interactive development. The course provides a foundation in art and design in order to help students articulate their work to stakeholders and translate outcomes as business value.",3.0,3.0,2021 - 2022 Academic Year,"A,B"
MIS 586,MIS,Management Information Systems,586,User Experience Methods,"In today’s digital economy, understanding how people use and experience technology is crucial to designing successful technological products and services. This course covers the methodologies and tools for conducting research in the User Experience (UX) field. The course covers both qualitative and quantitative methods for conducting UX research in academia and industry, including surveys, persona development, customer journey maps, and other industry-standard tools for studying user experience. Both cutting-edge theoretical concepts and proven practical skills will be addressed within the scope of the class through hands-on projects, class exercises, and assignments.",3.0,3.0,2021 - 2022 Academic Year,"A,B"
MIS 587,MIS,Management Information Systems,587,Business Applications In Machine Learning,"This course explores how Machine Learning (ML) and Artificial Intelligence (AI) is applied to solve business problems, to satisfy specific business needs, or to discover new opportunities for businesses. Applications of ML and AI are constantly evolving across many industries. This course utilizes existing AutoML solutions to address issues identified in business case studies (e.g. predicting hospital readmissions, loans likely to default, customer churn). The course covers the machine learning project life cycle starting with defining ML project objectives, acquiring and exploring data, modeling using AutoML tools, interpretation of models and communication of outcomes, and implementation and deployment of predictive models in organizations.",3.0,3.0,2021 - 2022 Academic Year,"A,B"
MKT 3640,MKT,Marketing,3640,Management Of Process And Product Innovation,"Cat. I This course is based on the hypothesis that high performance firms depend on a sustainable pattern of new and innovative processes and products. Successful companies are examined in regard to their strategies for innovation and technology transfer. Technology alliances among industry, universities, and government are considered in order to increase the leverage of the individual firm. Benchmarking and commercialization from research to actualization is discussed through cases and examples. Recommended background: BUS 2070 or OIE 2850.",3.0,3.0,2021 - 2022 Academic Year,D
MKT 3650,MKT,Marketing,3650,Consumer Behavior,"Cat. I Knowing how to manage and interact with customers is a key component for business success. Today, customer needs are continuously evolving as well as how products and services are purchased and consumed. Understanding consumer behavior concepts allows firms to investigate consumption habits and make better informed managerial decisions. The goal of this course is to provide an introduction to various theories and dimensions of consumer behavior, such as the consumer decision-making process, the influence of attitude towards the product, brand, and/or firm, and the impact of culture and subculture. Students will be exposed to how these concepts are linked and applied to marketing, to our roles as consumers, and to everyday decisions.",3.0,3.0,2021 - 2022 Academic Year,C
MKT 500,MKT,Marketing,500,Marketing Strategy,"This course focuses on the development and marketing of products and services that meet customer needs. Topics covered include management and the development of distinctive competence, segmentation and target marketing, market research, competitor analysis and marketing information systems, product management, promotion, pricing strategy, and channel management. Students will learn how the elements of marketing strategy are combined in a marketing plan based on marketing analytics, and the challenges associated with managing products and services over the life cycle, including strategy modification and market exit.",3.0,3.0,2021 - 2022 Academic Year,"A,B,C,D"
MKT 561,MKT,Marketing,561,Consumer Behavior And Analytics,"We are living in a data-driven world. Everything we do from getting our news in the morning, to buying goods, and searching for information leaves trails of data across the Internet. Consumers have changed and companies need to find new ways to engage with consumers in order to stay profitable and relevant. As a working professional, you will be tasked to use data to make business decisions and develop strategy that create value for consumers and your organization. This course will introduce traditional theories of consumer behavior and then take you on a beginning journey through the dynamic practices of how to use consumer data and analytics in the digital age. Topics covered include consumer behavior theory, an examination of attitude formation and value creation, the challenges of consumer protection, market research, and the influence of technology on consumer decision making.",3.0,3.0,2021 - 2022 Academic Year,"C,D"
MKT 562,MKT,Marketing,562,Marketing Research,"This course is designed to equip students with research methods and tools that are used for marketing decision making. Students will learn to conduct, use, apply, interpret, and present marketing research in order to become effective decision makers. The topics covered in this course include problem formulation, research design, data collection methods, data analysis, and finally presentation of a research plan. This course will be an activity-based course involving design, implementation, and presentation of a marketing research plan. Basic knowledge of marketing and statistical concepts is assumed.",3.0,3.0,2021 - 2022 Academic Year,"A,B"
MKT 568,MKT,Marketing,568,Data Mining Business Applications,"This course provides students with the key concepts and tools to turn raw data into useful business intelligence. A broad spectrum of business situations will be considered for which the tools of classical statistics and modern data mining have proven their usefulness. Problems considered will include such standard marketing research activities as customer segmentation and customer preference as well as more recent issues in credit scoring, churn management and fraud detection. Roughly half the class time will be devoted to discussions on business situations, data mining techniques, their application and their usage. The remaining time will comprise an applications laboratory in which these concepts and techniques are used and interpreted to solve realistic business problems. Some knowledge of basic marketing principles and basic data analysis is assumed.",3.0,3.0,2021 - 2022 Academic Year,"C,D"
MKT 569,MKT,Marketing,569,Product And Brand Management,"The conversion of technology into new products requires an understanding of how to develop a meaningful value proposition and integrate the development of a product with a marketing strategy that creates brand equity. This course will focus on the management of products, the implications of other marketing decisions on product and brand management, the management of product lines within the organization, including introduction, growth, and market exit. (Prerequisite: MKT 500 or equivalent content, or consent of instructor.)",3.0,3.0,2021 - 2022 Academic Year,"C,D"
ML 1011,ML,Military Leadership,1011,Foundations Of Officership I,"Cat. I (0 units w/grade) Introduction to issues and competencies that are central to a commissioned officer’s responsibilities. Establishes a framework for understanding officership, leadership, and Army values. Additionally, the semester addresses “life skills” including fitness and time management. Participation in weekly training leadership laboratories; off campus training sessions (field training exercises) and other special events is required.",0.0,0.0,2021 - 2022 Academic Year,
ML 1012,ML,Military Leadership,1012,Foundations Of Officership II,"Cat. I (1/9 unit after completion of 1011 and 1012) This course continues the studies begun in ML 1011. Students make oral presentations on the elements of leadership, enhancing effective communication. Students begin to develop leadership potential by instilling self-confidence and fostering teamwork through basic survival techniques (e.g., water survival). Participation in weekly training leadership laboratories; off campus training sessions (field training exercises) and other special events is required.",1.0,1.0,2021 - 2022 Academic Year,
ML 1021,ML,Military Leadership,1021,Basic Leadership I,"Cat. I (0 units w/grade) ML 1021 expands upon the fundamentals introduced in the previous term by focusing on communications, leadership, and problem solving. “Life skills” lessons in this semester include: problem solving, goal setting, interpersonal communication skills, and assertiveness skills. Participation in weekly training leadership laboratories; off campus training sessions (field training exercises) and other special events is required.",0.0,0.0,2021 - 2022 Academic Year,
ML 1022,ML,Military Leadership,1022,Basic Leadership II,"Cat. I (1/9 unit after completion of 1021 and 1022) ML 1022 continues by providing cadets with interesting lessons yielding immediately useful skills. The course also gives accurate information about life in the Army, including the organization of the Army, employment benefits, and work experiences of junior officers. Participation in weekly training leadership laboratories; off campus training sessions (field training exercises) and other special events is required.",1.0,1.0,2021 - 2022 Academic Year,
ML 2011,ML,Military Leadership,2011,Individual Leadership Studies I,"Cat. I (1/12 unit) Introduces students to team building techniques. Students build upon the basic leader principals and leadership development methodologies to refine their understanding of leadership. How to build teams, how to influence, how to communicate, how and when to make decision, and creative problem-solving. Participation in weekly training leadership laboratories; off campus training sessions (field training exercises) and other special events is required. Recommended background: ML 1022",0.75,0.75,2021 - 2022 Academic Year,
ML 2012,ML,Military Leadership,2012,Individual Leadership Studies II,"Cat. I (1/12 unit) The curriculum focuses on building character. Where years one, three and four focus on mastering definitions, concepts, ideas and principles, year two focuses on direct, physical experiences. Year two centers on giving cadets the opportunity to apply, practice and experience leadership principles. Cadets are asked to reflect upon their actions and those of others. Participation in weekly training leadership laboratories; off campus training sessions (field training exercises) and other special events is required. Recommended background: ML 2011",0.75,0.75,2021 - 2022 Academic Year,
ML 2021,ML,Military Leadership,2021,Leadership And Teamwork I,"Cat. I (1/12 unit) Students continue the study of leader principals and are introduced to formal policies such as equal opportunity, ethics, and values. Military communication skills are trained along with the principles of camouflage. Complex cases of risk management are studied. Students will submit a written information paper. Participation in weekly training leadership laboratories; off campus training sessions (field training exercises) and other special events is required. Recommended background: ML 2012",0.75,0.75,2021 - 2022 Academic Year,
ML 2022,ML,Military Leadership,2022,Leadership And Teamwork II,"Cat. I (1/12 unit) This course covers small unit movement and military tactics. It combines previous study in weapons, movement and communications to teach the combination of firepower and maneuver to the student. This course also teaches the student the elements of how the military trains its personnel. A written decision paper and practical exercise in conducting training is included in this course. Participation in weekly training leadership laboratories; off campus training sessions (field training exercises) and other special events is required. Recommended background: ML 2021",0.75,0.75,2021 - 2022 Academic Year,
ML 3011,ML,Military Leadership,3011,Leadership And Problem Solving I,"Cat. I (1/6 unit) This course focuses on development of individual leadership abilities. This course reviews leadership styles, management strategies and training techniques for leaders of small units. Promoting and developing communication skills and teamwork are addressed. Examines leadership of small units conducting conventional combat operations and tactical employment of weapon systems. Development of oral communication skills through military briefings and issuance of operations orders. Special attention is placed on evaluations through practical exercises. Participation in weekly training leadership laboratories; off campus training sessions (field training exercises) and other special events is required. Recommended background: Students must have completed the basic course or ROTC Leadership Training course and have signed a personal contract with the US Army. Department Head approval is required.",1.5,1.5,2021 - 2022 Academic Year,A
ML 3012,ML,Military Leadership,3012,Leadership And Problem Solving II,"Cat. I (1/6 unit) Student learns how to conduct crisis planning and management. Discussion of roles and functions of combat arms, combat support, and combat service support branches. Case studies of small-unit operations are studied. Introduction to Army special operations, military operations other than war, and trends in the military. Students write self-evaluations throughout this course. Students are graded on their performance during leadership practical exercises. Attendance at monthly labs and formal social functions is required. Students write self-evaluations through this course. Students are graded on their performance during leadership practical exercises. Participation in weekly training leadership laboratories; off campus training sessions (field training exercises) and other special events is required. Recommended background: ML 3011",1.5,1.5,2021 - 2022 Academic Year,B
ML 3021,ML,Military Leadership,3021,Leadership And Ethics I,"Cat. I (1/6 unit) ML 3021 is designed to continue the development as leaders by presenting instruction in the three foundational areas of leadership, interpersonal communication, and values and ethics. The leadership module contains an examination of Army leadership doctrine followed by expansion on key leadership concepts and provide feedback for cadet leadership self-development efforts. Participation in weekly training leadership laboratories; off campus training sessions (field training exercises) and other special events is required.",1.5,1.5,2021 - 2022 Academic Year,C
ML 3022,ML,Military Leadership,3022,Leadership And Ethics II,"Cat. I (1/6 unit) The main thrust of the communication module is the opportunity for cadets to present an information briefing and receive feedback from both instructor and fellow students. The last module of the term contains lessons that focus on values, ethics, ethical decision-making, consideration of others, and spiritual needs. Participation in weekly training leadership laboratories; off campus training sessions (field training exercises) and other special events is required. Recommended background: ML 3021",1.5,1.5,2021 - 2022 Academic Year,D
ML 4011,ML,Military Leadership,4011,Leadership And Management I,"Cat. I (1/6 unit) ML 4011 begins with a series of lessons designed to enable the cadets to make informed career decisions as they prepare their accessions documents. Lessons concentrate on Army operations and training management, communications and leadership skills and support the beginning of the final transition from cadet to lieutenant. The course focuses cadets, early in the year, on attaining knowledge and proficiency in several critical areas they will need to operate effectively as Army officers. These areas include: the Army’s training management system, coordinating activities with staffs, and counseling skills. While the proficiency attained in each of these areas will initially be at the apprentice level, cadets will continue to sharpen these skills as they perform their roles as cadet officers in the ROTC battalion and as new lieutenants after commissioning. At the end of this semester cadets should possess the fundamental skills, attributes, and abilities to operate as competent leaders in the cadet battalion and confidently shoulder the responsibilities entrusted to them. Participation in weekly training leadership laboratories; off campus training sessions (field training exercises) and other special events is required.",1.5,1.5,2021 - 2022 Academic Year,A
ML 4022,ML,Military Leadership,4022,Leadership And Management II,"Cat. I (1/6 unit) This Course focuses on completing the transition from cadet to lieutenant. As an expansion of the Ethics instruction in ML 3021, the course starts with an examination of unit ethical climate and the commander’s role as the moral anchor of the unit. This is followed by a module addressing military law and leadership. The next module reinforces previous instruction on the organization of the Army and introduces how the Army organizes for operations from the tactical to strategic level. This is followed by instruction on administrative and logistical management that focuses on the fundamentals of soldier and unit level support. Next is a short module that focuses on preparing cadets for their forthcoming commissioning and military service. At the core of this semester is the Advanced Course’s Capstone Exercise. This twelve-lesson exercise directly reinforces all modules from this term, and also incorporates and reinforces many learning objectives from modules throughout the entire curriculum. The Capstone Exercise requires cadets, both individually and collectively, to apply their knowledge to solve problems and confront situations commonly faced by junior officers. Upon completion of this course the cadets will be prepared to shoulder the responsibility of being a commissioned officer in the United States Army. Participation in weekly training leadership laboratories; off campus training sessions (field training exercises, Military Staff Ride and other special events is required.",1.5,1.5,2021 - 2022 Academic Year,B
ML 4023,ML,Military Leadership,4023,Officership,Cat. I (1/6 unit) This course is a continuation of ML 4022.,1.5,1.5,2021 - 2022 Academic Year,C
ML 4024,ML,Military Leadership,4024,Transition To Lieutenant,"Cat. I (1/6 unit) Cadets organize and lead all the junior cadets. This course covers the military legal system, personnel actions and personal finances. It certifies fundamental competencies in land navigation, tactics, counseling, and interpersonal communications. This course requires three hours of class work and three hours of physical fitness per week. Participation in weekly training leadership laboratories; off campus training sessions (field training exercises) and other special events is required. Recommended background: ML 4023",1.5,1.5,2021 - 2022 Academic Year,D
MME 523,MME,Mathematics for Educators,523,Analysis With Applications,"This course introduces students to mathematical analysis and its use in modeling. It will emphasize topics of calculus (including multidimensional) in a rigorous way. These topics will be motivated by their usefulness for understanding concepts of the calculus and for facilitating the solutions of engineering and science problems. Projects involving applications and appropriate use of technology will be an essential part of the course. Topics covered may include dynamical systems and differential equations; growth and decay; equilibrium; probabilistic dynamics; optimal decisions and reward; applying, building and validating models; functions on n-vectors; properties of functions; parametric equations; series; applications such as pendulum problems; electromagnetism; vibrations; electronics; transportation; gravitational fields; and heat loss. (Prerequisite: MME 532)",2.0,2.0,2021 - 2022 Academic Year,"A,B"
MME 524,MME,Mathematics for Educators,524,"Probability, Statistics And Data Analysis I","This course introduces students to probability, the mathematical description of random phenomena, and statistics, the science of data. Students in this course will acquire the following knowledge and skills: Probability models-mathematical models used to describe and predict random phenomena. Students will learn several basic probability models and their uses, and will obtain experience in modeling random phenomena. Data analysis-the art/science of finding patterns in data and using those patterns to explain the process which produced the data . Students will be able to explore and draw conclusions about data using computational and graphical methods. The iterative nature of statistical exploration will be emphasized. Statistical inference and modeling-the use of data sampled from a process and the probability model of that process to draw conclusions about the process. Students will attain proficiency in selecting, fitting and criticizing models, and in drawing inference from data. Design of experiments and sampling studies – the proper way to design experiments and sampling studies so that statistically valid inferences can be drawn. Special attention will be given to the role of experiments and sampling studies in scientific investigation. Through lab and project work, students will obtain practical skills in designing and analyzing studies and experiments. Course topics will be motivated whenever possible by applications and reinforced by experimental and computer lab experiences. One in-depth project per semester involving design, data collection, and statistical or probabilistic analysis will serve to integrate and consolidate student skills and understanding. Students will be expected to learn and use a statistical computer package such as MINITAB.",2.0,2.0,2021 - 2022 Academic Year,"A,B"
MME 525,MME,Mathematics for Educators,525,"Probability, Statistics And Data Analysis II","This course introduces students to probability, the mathematical description of random phenomena, and statistics, the science of data. Students in this course will acquire the following knowledge and skills: Probability models-mathematical models used to describe and predict random phenomena. Students will learn several basic probability models and their uses, and will obtain experience in modeling random phenomena. Data analysis-the art/science of finding patterns in data and using those patterns to explain the process which produced the data . Students will be able to explore and draw conclusions about data using computational and graphical methods. The iterative nature of statistical exploration will be emphasized. Statistical inference and modeling-the use of data sampled from a process and the probability model of that process to draw conclusions about the process. Students will attain proficiency in selecting, fitting and criticizing models, and in drawing inference from data. Design of experiments and sampling studies – the proper way to design experiments and sampling studies so that statistically valid inferences can be drawn. Special attention will be given to the role of experiments and sampling studies in scientific investigation. Through lab and project work, students will obtain practical skills in designing and analyzing studies and experiments. Course topics will be motivated whenever possible by applications and reinforced by experimental and computer lab experiences. One in-depth project per semester involving design, data collection, and statistical or probabilistic analysis will serve to integrate and consolidate student skills and understanding. Students will be expected to learn and use a statistical computer package such as MINITAB.",2.0,2.0,2021 - 2022 Academic Year,"C,D"
MME 528,MME,Mathematics for Educators,528,Mathematical Modeling And Problem Solving,"This course introduces students to the process of developing mathematical models as a means for solving real problems. The course will encompass several different modeling situations that utilize a variety of mathematical topics. The mathematical fundamentals of these topics will be discussed, but with continued reference to their use in finding the solutions to problems. Problems to be covered include balance in small group behavior, traffic flow, air pollution flow, group decision making, transportation, assignment, project planning and the critical path method, genetics, inventory control and queueing. (Prerequisite: MME 532)",2.0,2.0,2021 - 2022 Academic Year,"C,D"
MPE 510,MPE,Masters for Physics Educators,510,Classical Mechanics,"Broad coverage emphasizing interconnections of a mechanical description of the universe utilizing both algebraic and calculus language at a level appropriate for secondary school educators. Topics include: vectors and vector manipulation to describe motion, Newton’s laws of motion; work and energy concepts; energy and momentum conservation laws; models of forces and interactions; generalized coordinates and momentum; overview of Lagrangian and Hamiltonian formulations.",2.0,2.0,2021 - 2022 Academic Year,"A,B"
MPE 520,MPE,Masters for Physics Educators,520,Electrodynamics,"(2 credits) Broad coverage at the appropriate level emphasizing interconnections of the electromagnetic interactions in the universe utilizing both algebraic and calculus language at a level appropriate for secondary school educators. Topics include: electro and magnetostatics and dynamics, boundary-value problems; Maxwell’s equations; overview of electromagnetic properties of matter and wave propagation (radiation).",2.0,2.0,2021 - 2022 Academic Year,"A,B"
MPE 530,MPE,Masters for Physics Educators,530,Modern Physics,"(2 credits) Broad coverage of the three central areas of modern physics that emphasize the wonder and interconnections at the conceptual level appropriate for secondary school educators. Topics include: Quantum Physics (postulates, Schrödinger and Dirac formalisms, implications and interpretations), Special and Introduction to General Relativity (the four-vector, space-time, invariants, time dilation and length contraction), and Thermo/Statistical Physics (macroscopic variables, equation of state, state functions, response functions, microscopic variables, statistical approach, ensembles, the partition function).",2.0,2.0,2021 - 2022 Academic Year,"C,D"
MPE 540,MPE,Masters for Physics Educators,540,Differential Equations In Nature,"(2 credits) Emphasizes connections and interconnections with the mechanical, electromagnetic, and modern areas as well as mathematical areas of oscillations, waves, and optics utilizing differential equations at a level appropriate for secondary school educators. Topics include: Free, damped, and driven-damped oscillations, waves, Doppler Effect, optics, interference and diffraction. Examples are drawn from a wide range of physical phenomena to illustrate each concept. To develop this content, homogeneous and non-homogeneous differential equations of the first and second order will be employed. Thick contextual meaning will be drawn to support mathematical foundation and vice versa to allow for deeper “authentic” learning.",2.0,2.0,2021 - 2022 Academic Year,"C,D"
MTE 509,MTE,Materials Science & Engineering,509,Electron Microscopy,"(2 credits) This course introduces students to the theory, fundamental operating principles, and specimen preparation techniques of scanning electron microscopy (SEM), transmission electron microscopy (TEM), and energy dispersive x-ray spectroscopy (EDS). The primary emphasis is placed on practical SEM, TEM, and x-ray microanalysis of materials. Topics to be covered include basic principles of the electron microscopy; SEM instrumentation, image formation and interpretation, qualitative and quantitative x-ray microanalysis in SEM; electron diffraction and diffraction contrast imaging in TEM. Various application examples of SEM and TEM in materials research will be discussed. Lab work will be included. The course is available to graduate students. Recommended background: CH 1020, PH 1120, and ES 2001 or equivalent. Note: Students cannot receive credit for this course if they have taken the Special Topics version of the same course.",2.0,2.0,2021 - 2022 Academic Year,A
MTE 511,MTE,Materials Science & Engineering,511,Structure And Properties Of Engineering Materials,"(2 credits) This course, (along with its companion course MTE 512 Properties and Performance of Engineering Materials), is designed to provide a comprehensive review of the fundamental principles of Materials Science and Engineering for incoming graduate students . In the first part of this 2 course sequence, the structure in materials ranging from the sub-atomic to the macroscopic including nano, micro and macromolecular structures will be discussed to highlight bonding mechanisms, crystallinity and defect patterns . Representative thermodynamic and kinetic aspects such as diffusion, phase diagrams, nucleation and growth and TTT diagrams will be discussed . Major structural parameters that effect of performance in materials including plastics, metallic alloys, ceramics and glasses will be emphasized . The principal processing techniques to shape materials and the effects of processing on structure will be highlighted. (Prerequisites: senior or graduate standing or consent of the instructor.) Note: Students cannot receive credit for this course if they have taken the Special Topics version of the same course (MTE 594S).",2.0,2.0,2021 - 2022 Academic Year,A
MTE 512,MTE,Materials Science & Engineering,512,Properties And Performance Of Engineering Materials,"(2 credits) The two introductory classes on materials science (MTE 511 and MTE 512) describe the structure property relationships in materials. The purpose of this class is to provide a basic knowledge of the principles pertaining to the physical, mechanical and chemical properties of materials. The primary focus of this class will be on mechanical properties. The thermal, tensile, compressive, flexural and shear properties of metallic alloys, ceramics and glasses and plastics will be discussed. Fundamental aspects of fracture mechanics and viscoelasticity will be presented. An overview of dynamic properties such as fatigue, impact and creep will be provided. The relationship between the structural parameters and the preceding mechanical properties will be described. Basic composite theories will be presented to describe fiber-reinforced composites and nanocomposites. Various factors associated with material degradation during use will be discussed. Some introductory definitions of electrical and optical properties will be outlined. (Prerequisites: senior or graduate standing or consent of the instructor.) Note: Students cannot receive credit for this course if they have taken the Special Topics version of the same course (MTE 594P).",2.0,2.0,2021 - 2022 Academic Year,B
MTE 520,MTE,Materials Science & Engineering,520,Axiomatic Design Of Manufacturing Processes,"(3 credits) This course begins with elements axiomatic design, the theory and practice. Design applications are considered primarily, although not exclusively, for the design of manufacturing processes and tools. Axiomatic design is based on the premise that there are common aspects to all good designs. These commons aspects, stated in the independence and information axioms, facilitate the teaching and practice of engineering design as a scientific discipline. Analysis of processes and products is considered from the perspective of supporting product and process design. Fundamental methods of engineering analysis of manufacturing processes with broad applicability are developed. Attention is given to examples from one or more of the following: machining (traditional, nontraditional and grinding), additive manufacturing, and to the production of surface topographies. The ability to generalize from detailed examples is emphasized in order to facilitate the students’ ability to development analyses and design methods with broader applicability",3.0,3.0,2021 - 2022 Academic Year,"A,B"
MTE 526,MTE,Materials Science & Engineering,526,Advanced Thermodynamics,"(2 credits) Thermodynamics of solutions—phase equilibria— Ellingham diagrams, binary and ternary phase diagrams, reactions between gasses and condensed phases, reactions within condensed phases, thermodynamics of surfaces, defects and electrochemistry. Applications to materials processing and degradation will be presented and discussed. (Prerequisites: ES 3001, ES 2001) Note: Students cannot receive credit for this course if they have taken the Special Topics version of the same course (MTE 594T).",2.0,2.0,2021 - 2022 Academic Year,B
MTE 530,MTE,Materials Science & Engineering,530,Computational Thermodynamics,"The objective of this course is to introduce the basic principles of computational thermodynamics (CALPHAD). Students will be exposed to the basic thermodynamic simulation in single-component, binary, ternary, and higher-order systems for various alloys and ceramics systems. The course will emphasize the linkage of computational thermodynamics with the real industry challenges faced in the next-generation materials design. In addition, the fundamental concepts of multiscale modeling, including the atomic scale, mesoscale and macroscale modeling, will also be introduced to students. Recommended Background: A graduate major in engineering or science is recommended, but not required. It is preferred that students have taken MTE526/ME5326 Advanced Thermodynamics or equivalent courses.",2.0,2.0,2021 - 2022 Academic Year,C
MTE 532,MTE,Materials Science & Engineering,532,X-Ray Diffraction And Crystallography,"(2 credits) This course discusses the fundamentals of crystallography and X-ray diffraction (XRD) of metals, ceramics and polymers. It introduces graduate students to the main issues and techniques of diffraction analysis as they relate to materials. The techniques for the experimental phase identification and determination of phase fraction via XRD will be reviewed. Topics covered include: basic X-ray physics, basic crystallography, fundamentals of XRD, XRD instrumentation and analysis techniques. (Prerequisites: ES 2001 or equivalent, and senior or graduate standing in engineering or science.) Note: Students cannot receive credit for this course if they have taken the Special Topics version of the same course (MTE 594C).",2.0,2.0,2021 - 2022 Academic Year,A
MTE 5385,MTE,Materials Science & Engineering,5385,Metal Additive Manufacturing,"(2 Credits) Additive Manufacturing (AM), popularly known as 3D printing, is a technique in which parts are fabricated in a layer-by-layer fashion. The focus of this course is on direct metal AM processes that are used in aerospace, automobile, medical, and energy industries. The objective of the course is to enable students to understand the working principles of various additive manufacturing processes, assess the suitability of metal AM processes for different designs and applications, apply process design concepts to metal AM processes via analytical and finite element modeling approaches, and have an introductory-level understanding of design for AM. Through the course project, students will have the opportunity to experience hands-on design, manufacturing, and characterization of additively manufactured materials, and will work in an interdisciplinary team of mechanical, materials, and manufacturing engineers. The economics of the manufacturing process will also be addressed, with an emphasis on determining the major cost drivers and discussing cost minimization strategies. Students cannot receive credit for this course if they have received credit for the Special Topics (ME 593/MTE 594) version of the same course.",2.0,2.0,2021 - 2022 Academic Year,C
MTE 540,MTE,Materials Science & Engineering,540,Analytical Methods In Materials Engineering,"(3 credits) Heat transfer and diffusion kinetics are applied to the solution of materials engineering problems. Mathematical and numerical methods for the solutions to Fourier’s and Pick’s laws for a variety of boundary conditions will be presented and discussed. The primary emphasis is given heat treatment and surface modification processes. Topics to be covered include solutionizing, quenching, and carburization heat treatment. (Prerequisites: ME 4840 or MTE 511 and MTE 512 or equivalent.)",3.0,3.0,2021 - 2022 Academic Year,"C,D"
MTE 5420,MTE,Materials Science & Engineering,5420,Fundamentals Of Axiomatic Design Of Manufacturing Processes,"(2 credits) The course starts with an in-depth study of axiomatic design. Applications of axiomatic design are considered primarily, although not exclusively, for the design of manufacturing processes and tools. Axiomatic design is a design methodology based on the premise that there are two axioms that apply to all good designs. These axioms facilitate the teaching and practice of engineering design as a scientific discipline. Manufacturing process analysis is considered from the perspective of supporting design. Methods of analysis of manufacturing processes with broad applicability are sought. Special attention is given to examples in machining (traditional, nontraditional and grinding), additive manufacturing, and to the production of surfaces. The ability to find commonalities across applications and generalize is emphasized to facilitate further development of principles with broad applicability. The content is delivered in video lectures and in readings from the technical literature. Homework and quizzes are given and delivered online. There is a project to design a manufacturing process. The topics can be from work or dissertations that can be interpreted as manufacturing processes and tools. Credit cannot be given for this course and any of the similar, in-class versions for 3 credits, MFE 520, MTE 520 and ME 543.",2.0,2.0,2021 - 2022 Academic Year,C
MTE 550,MTE,Materials Science & Engineering,550,Phase Transformations In Materials,"(3 credits) This course is intended to provide a fundamental understanding of thermodynamic and kinetic principles associated with phase transformations. The mechanisms of phase transformations will be discussed in terms of driving forces to establish a theoretical background for various physical phenomena. The principles of nucleation and growth and spinodal transformations will be described. The theoretical analysis of diffusion controlled and interface controlled growth will be presented The basic concepts of martensitic transformations will be highlighted. Specific examples will include solidification, crystallization, precipitation, sintering, phase separation and transformation toughening. (Prerequisites: MTE 511 and MTE 512, ME 4850 or equivalent.)",3.0,3.0,2021 - 2022 Academic Year,"C,D"
MTE 556,MTE,Materials Science & Engineering,556,Smart Materials,"(2 credits) A material whose properties can respond to an external stimulus in a controlled fashion is referred to as a smart or intelligent material. These materials can be made to undergo changes modulus, shape, porosity, electrical conductivity, physical form, opacity, and magnetic properties based on an external stimulus. The stimuli can include temperature, pH, specific molecules, light, magnetic field, voltage and stress. These stimulisensitive materials can be utilized as sensors and as vehicles for the controlled delivery of drugs and other biomolecules in medical applications. Smart materials are also becoming important in other biological areas such as bio-separation, biosensor design, tissue engineering, protein folding, and microfluidics. The use of stimuli-sensitive materials is receiving increasing attention in the development of damage tolerant smart structures in aerospace, marine, automotive and earth quake resistant buildings. The use of smart materials is being explored for a range of applications including protective coatings, corrosion barriers, intelligent batteries, fabrics and food packaging. The purpose of this course is to provide an introduction to the various types of smart materials including polymers, ceramic, metallic alloys and composites. Fundamental principles associated with the onset of “smart” property will be highlighted. The principles of selfhealable materials based on smart materials will be discussed. The application of smart materials in various fields including sensors, actuators, diagnostics, therapeutics, packaging and other advanced applications will be presented. Note: Students cannot receive credit for this course if they have taken the Special Topics version of the same course (MTE 594X).",2.0,2.0,2021 - 2022 Academic Year,C
MTE 558,MTE,Materials Science & Engineering,558,Plastics,"(2 credits) This course will provide an integrated overview of the design, selection and use of synthetic plastics. The basic chemistry associated with polymerization and the structure of commercial plastics will be described. Various aspects of polymer crystallization and glass transition will be outlined. Salient aspects of fluid flow and heat transfer during the processing of plastics will be highlighted. Fundamentals of the diverse processing operations used to shape plastics and the resulting structures that develop after processing will be discussed. The mechanical behavior of plastics including elastic deformation, rubber elasticity, yielding, viscoelasticity, fracture and creep will be discussed. Plastic 164 Mechanical Engineering Return to Table of Contents Mechanical Engineering 165 degradation and environmental issues associated with recycling and disposal of plastics will be examined. Typical techniques used in the analysis and testing of plastics will be described and a working knowledge of various terminologies used in commercial practice will be provided. Note: Students cannot receive credit for this course if they have taken the Special Topics version of the same course (MTE 594A).",2.0,2.0,2021 - 2022 Academic Year,B
MTE 559,MTE,Materials Science & Engineering,559,Biomedical Materials,"This course is intended to serve as a general introduction to various aspects pertaining to the application of synthetic and natural materials in medicine and healthcare. This course will provide the student with a general understanding of the properties of a wide range of materials used in clinical practice. The physical and mechanical property requirements for the long term efficacy of biomaterials in the augmentation, repair, replacement or regeneration of tissues will be described. The physico-chemical interactions between the biomaterial and the physiological environment will be highlighted. The course will provide a general understanding of the application of a combination of synthetic and biological moieties to elicit a specific physiological response. Examples of the use of biomaterials in drug delivery, theranostic, orthopedic, dental, cardiovascular, ocular, wound closure and the more recent lab-on-chip applications will be outlined. This course will highlight the basic terminology used in this field and provide the background to enable the student to review the latest research in scientific journals. This course will demonstrate the interdisciplinary issues involved in biomaterials design, synthesis, evaluation and analysis, so that students may seek a job in the medical device industry or pursue research in this rapidly expanding field. Students cannot receive credit for this course if they have received credit for the Special Topics (ME 593/MTE 594) version of the same course, or for ME/BME 4814 Biomedical Materials.",2.0,2.0,2021 - 2022 Academic Year,A
MTE 580,MTE,Materials Science & Engineering,580,Materials Science And Engineering Seminar,Reports on the state-of-the-art in various areas of research and development in materials science and engineering will be presented by the faculty and outside experts. Reports on graduate student research in progress will also be required.,0.0,0.0,2021 - 2022 Academic Year,"A,B,C,D"
MTE 5816,MTE,Materials Science & Engineering,5816,Ceramics And Glasses For Engineering Applications,"(2 credits) This course develops an understanding of the processing, structure, property, performance relationships in crystalline and vitreous ceramics. The topics covered include crystal structure, glassy structure, phase diagrams, microstructures, mechanical properties, optical properties, thermal properties, and materials selection for ceramic materials. In addition the methods for processing ceramics for a variety of products will be included. Recommended background: ES2001 or equivalent. Note: Students cannot receive credit for this course if they have taken the Special Topics version of the same course.",2.0,2.0,2021 - 2022 Academic Year,A
MTE 5841,MTE,Materials Science & Engineering,5841,Surface Metrology,"(3 credits) This course emphasizes research applications of advanced surface metrology, including the measurement and analysis of surface roughness. Surface metrology can be important in a wide variety of situations including adhesion, friction, catalysis, heat transfer, mass transfer, scattering, biological growth, wear and wetting. These situations impact practically all the engineering disciplines and sciences. The course begins by considering basic principles and conventional analyses, and methods. Measurement and analysis methods are critically reviewed for utility. Students learn advanced methods for differentiating surface textures that are suspected of being different because of their performance or manufacture. Students will also learn methods for making correlations between surface textures and behavioral and manufacturing parameters. The results of applying these methods can be used to support the design and manufacture of surface textures, and to address issues in quality assurance. Examples of research from a broad range of applications are presented, including, food science, pavements, friction, adhesion, machining and grinding. Students do a major project of their choosing, which can involve either an in-depth literature review, or surface measurement and analysis. The facilities of WPI’s Surface Metrology Laboratory are available for making measurements for selected projects. Software for advanced analysis methods is also available for use in the course. No previous knowledge of surface metrology is required. Students should have some background in engineering, math or science. Students cannot receive credit for this course if they have received credit for ME 5371/MTE 5843/MFE 5843 Fundamentals of Surface Metrology or the Special Topics (ME 593/MTE 594/MFE 594) version of Fundamentals of Surface Metrology.",3.0,3.0,2021 - 2022 Academic Year,"C,D"
MTE 5843,MTE,Materials Science & Engineering,5843,Fundamentals of Surface Metrology,"(2 Credits) Surface Metrology is about measuring, characterizing, and analyzing surface topographies or textures. This course covers conventional and developing measurement and characterization of roughness. It emphasizes research and covers a wide variety of applications, including, adhesion, friction, fatigue life, mass transfer, scattering, wear, manufacturing, food science, wetting, physical anthropology, and archeology. Surface metrology has applications in practically all engineering disciplines and sciences. Research principles are applied to critical evaluations of research methods. Students learn multiscale methods for discovering correlations between processing, textures, and behavior , and for discriminating surface textures supposed to be different because of their performance or manufacture. Results support product and process design, and quality assurance. Students create detailed project proposals on topics of their choosing, including literature reviews, preparation and testing of surfaces, measurements, characterizations, and analyses. Students cannot receive credit for this course if they have received credit for the Special Topics (ME 593/MTE 594/MFE 594) version of this course, or for ME 5370/MTE 5841/MFE 5841 Surface Metrology.",2.0,2.0,2021 - 2022 Academic Year,A
MTE 5844,MTE,Materials Science & Engineering,5844,Corrosion And Corrosion Control,"(2 credits) An introductory course on corrosion; aqueous corrosion, stress corrosion cracking and hydrogen effects in metals will be presented. High-temperature oxidation, carburization and sulfidation will be discussed. Discussions focus on current corrosive engineering problems and research. (Prerequisites: MTE 511 and MTE 512 or consent of the instructor.) Note: Students cannot receive credit for this course if they have taken the Special Topics version of the same course.",2.0,2.0,2021 - 2022 Academic Year,A
MTE 5847,MTE,Materials Science & Engineering,5847,Materials For Electrochemical Energy Systems,"An introductory course on electrochemical engineering, fuel cells and batteries. With escalating oil prices and increasing environmental concerns, increasing attention is being paid to the development of electrochemical devices to replace traditional energy. Here several types of batteries and fuel cells will be discussed. Topics covered include: basic electrochemistry, lithium ion battery, proton exchange membrane fuel cell, solid oxide fuel cell, electrochemical method. Recommended background: ES2001 or equivalent. Note: Students cannot receive credit for this course if they have taken the Special Topics version of the same course (MTE 594E).",2.0,2.0,2021 - 2022 Academic Year,B
MTE 594,MTE,Materials Science & Engineering,594,Special Topics,(As arranged) Theoretical or experimental studies in subjects of interest to graduate students in materials science and engineering.,3.0,3.0,2021 - 2022 Academic Year,"C,D"
MU 1511,MU,Music,1511,Introduction To Music,"Cat. I. This course, designed for students who have little or no previous experience in music, will present an approach to the study of music that includes studying some concepts of music theory (rhythms, scales, keys, intervals, harmony). The course will also include a study of some of the great masterpieces though listening, reading, and discussion. Recommended background: No previous experience is necessary",3.0,3.0,2021 - 2022 Academic Year,"A,C,D"
MU 1611,MU,Music,1611,Fundamentals Of Music I,"Cat. I This course concentrates on basic music theory of the common practice period. If time permits, instruction includes ear training, sight singing, and work on scales and intervals. Recommended background: basic knowledge of reading music.",3.0,3.0,2021 - 2022 Academic Year,"A,B,C,D"
MU 2300,MU,Music,2300,Foundations Of Music Technology,"Cat. II This course will present ways to facilitate musicianship through the use of technology. Course topics include an introduction to music notation software, MIDI and audio recording, signal processing, and interactive music system programming. The course will address past, current, and emerging trends in music technology as they relate to facilitating an understanding of musical concepts. Students may not receive credit for both MU 2300 and MU 230X. Suggested background: a basic understanding of music notation and the fundamentals of music. This course will be offered in 2020-21, and in alternating years thereafter.",3.0,3.0,2021 - 2022 Academic Year,"A,D"
MU 2501,MU,Music,2501,Music And Mind,"Cat. I How are we able to distinguish instruments, timbres and rhythms from the intertwined sonic stream presented by the world? How do we organize these elements in time to create rhythms, melodies, phrases and pieces? How do perception and memory interact to allow us navigate a musical work? We will explore these questions by considering the cognitive and perceptual processes that shape our musical experience. Topics will include event distinction, temporal perception, hierarchical organization, perceptual grouping, expertise, memory and categorization . We will illustrate these ideas in musical contexts by listening to a variety of musical works . We will consider how psychological principles are applied to music technologies, such as compression algorithms, mixing methodologies and the field of music information retrieval . We will consider experiments that focus on some of these topics to further our understanding about how we experience music . Note: Students that received credit for MU 202X may not receive credit for MU 2501 . Students also may not receive credit for both MU 2501 and PSY 2501 . This course can count for either the HUA or the SSPS requirement, but it cannot double count for both the HUA and SSPS graduation requirements . Recommended background: Fundamentals of Music I and/or Fundamentals of Music II.",3.0,3.0,2021 - 2022 Academic Year,D
MU 2510,MU,Music,2510,Music in Time of Conflict,"Cat. II This course will use music as a device to examine issues such as war, racial discrimination, refugee / homelessness, rehabilitation, and personal suffering. Works to be examined may include: Benjamin Britten’s War Requiem and Ralph Vaughan Williams’ Dona Nobis Pacem – critique and reactions to the World Wars; James MacMillan’s Cantos Sagrados – a work highlighting the tragedies of political repression in Latin America; and Joel Thompson’s Seven Last Words of the Unarmed – a piece of social justice that humanizes the black men who were unarmed, yet killed by authority figures. Along with the music, there may also be discussion of individual artists who have been outspoken about social issues, such as Leonard Bernstein in the 1960s, Dimitri Shostakovich under Stalin’s rule, and contemporary pop and jazz artists. Recommended background: Basic knowledge of reading music, such as personal experience, participation in ensembles, or music courses (MU 1611: Fundamentals of Music I, or MU 1511: Introduction to Music).",3.0,3.0,2021 - 2022 Academic Year,B
MU 2611,MU,Music,2611,Fundamentals Of Music II,Cat. I Fundamentals II is a course on music theory at the advanced level beginning with secondary dominants and modulations and working through 19th-century chromatic harmony.,3.0,3.0,2021 - 2022 Academic Year,B
MU 2631,MU,Music,2631,Glee Club,"Cat. I The Glee Club is one of WPI’s choral ensembles and the oldest student organization on campus. Glee Club performs many styles and periods of the vast repertoire of music featuring tenor and bass voices. Several times each year the Glee Club and Alden Voices (soprano and alto voices) join forces as the WPI Festival Chorus to perform major works of the repertoire. The Glee Club regularly performs on campus, throughout the Worcester area, and takes international and domestic tours. Rehearsals are held weekly. No audition is required. The course is open to all who are interested and sing in the tenor and bass range.",1.5,1.5,2021 - 2022 Academic Year,"A,B,C,D"
MU 2632,MU,Music,2632,Alden Voices,"Cat. I Alden Voices is one of WPI’s choral ensembles and also functions as a student organization on campus. Alden Voices performs many styles and periods of the vast repertoire of music featuring soprano and alto voices. Several times each year the Alden Voices and the Glee Club (tenor and bass voices) join forces as the WPI Festival Chorus to perform major works of the repertoire. Alden Voices regularly performs on campus, throughout the Worcester area, and takes international and domestic tours. Rehearsals are held weekly. No audition is required. The course is open to all who are interested and sing in the soprano and alto range.",1.5,1.5,2021 - 2022 Academic Year,"A,B,C,D"
MU 2633,MU,Music,2633,Brass Ensemble,"Cat. I The Brass Ensemble performs frequently on campus and on tour and is open to students who perform on trumpet, trombone, euphonium, French horn, tuba, or tympani. Renaissance antiphonal music is included in the repertoire. Rehearsals are held weekly. Students are expected to perform with the ensemble and to know how to read music. Permission of the instructor is necessary to register.",1.5,1.5,2021 - 2022 Academic Year,"A,B,C,D"
MU 2634,MU,Music,2634,Jazz Ensemble,Cat. I The Jazz Ensemble performs frequently on campus and on tour and plays jazz arrangements written for a small ensemble with major emphasis on improvisation. Rehearsals are held weekly. Students are expected to perform with the ensemble and to know how to read music. Permission of the instructor is necessary to register.,1.5,1.5,2021 - 2022 Academic Year,"A,B,C,D"
MU 2635,MU,Music,2635,Stage Band,Cat. I The Stage Band performs traditional and contemporary big band literature with an emphasis on stylistically appropriate interpretation and performance practice. The ensemble performs frequently on campus and on tour. Rehearsals are held weekly. Students are expected to perform with the ensemble and to know how to read music. Permission of the instructor is necessary to register.,1.5,1.5,2021 - 2022 Academic Year,"A,B,C,D"
MU 2636,MU,Music,2636,Concert Band,"Cat. I The Concert Band is a large ensemble that performs several concerts a year as well as on tour. Membership is open to those who play traditional wind, brass or percussion instruments. Rehearsals are held weekly. Students are expected to perform with the ensemble and to know how to read music.",1.5,1.5,2021 - 2022 Academic Year,"A,B,C,D"
MU 2637,MU,Music,2637,Orchestra,Cat. I The String Ensemble performs music for string orchestra both on campus and on tour. Members of the string ensemble also comprise the string section for the full orchestra. Rehearsals are held weekly. Students are expected to perform with the ensemble and to know how to read music.,1.5,1.5,2021 - 2022 Academic Year,"A,B,C,D"
MU 2638,MU,Music,2638,Chamber Choir,"Cat. I The Chamber Choir is WPI’s smaller, audition-based, choral ensemble. This ensemble explores specific stylistic techniques as pertains to the music of the Renaissance, Baroque, twentieth century, jazz, and extended vocal techniques (electronic, digital and experimental). The ensemble meets weekly. Students are expected to be of the highest vocal caliber and should possess advanced sight-reading techniques. Open to all who are interested. Permission of the instructor is necessary to register.",1.5,1.5,2021 - 2022 Academic Year,"A,B,C,D"
MU 2639,MU,Music,2639,String Quartet,"Cat. I The String Quartet is an audition-based, select ensemble. Members are required to also participate in Orchestra. The quartet meets weekly and performs both on campus and on tour. Students are expected to be of the highest caliber of string players and know how to read music. Permission of the instructor is necessary to register.",1.5,1.5,2021 - 2022 Academic Year,"A,B,C,D"
MU 2720,MU,Music,2720,Music History I: Medieval Through The Baroque,"Cat. II This course provides a historical survey of Western music from Medieval through Baroque periods with an emphasis on understanding stylistic traits and theoretical concepts of the eras. Topics include Gregorian chant and secular monophony; evolution of musical notation; development of polyphonic music; and vocal and instrumental genres such as mass, motet, madrigal, opera, cantata, sonata, and concerto, among others. No prior background in music is necessary. This course will be offered in 2020-21, and in alternating years thereafter.",3.0,3.0,2021 - 2022 Academic Year,A
MU 2721,MU,Music,2721,Music History Ii: Classical To The Present,"Cat. I This course provides a historical survey of Western music from the Classical period to the present with an emphasis on understanding stylistic traits and theoretical concepts of the eras. Topics include the development of genres such as sonata, string quartet, concerto, symphony, symphonic poem, character piece, Lied, and opera; and 20th century trends of impressionism, primitivism, atonality, serialism, minimalism, aleatory music, and electronic music. No prior background in music is necessary.",3.0,3.0,2021 - 2022 Academic Year,B
MU 2722,MU,Music,2722,History Of American Popular Music,Cat. I This course will explore the uniqueness of America’s popular music and its origins in the music of Africa and the folk music of Europe. Particular emphasis will be given to the origins and history of rock ‘n’ roll examining its roots in blues and early American popular music. [This replaces MU 4625. Credit is not allowed for both MU 4625 and MU 2722.],3.0,3.0,2021 - 2022 Academic Year,"B,C"
MU 2723,MU,Music,2723,Music Composition,"Cat. I This course will investigate the sonic organization of musical works and performances, focusing on fundamental questions involved in the process of composition: How do I connect different ideas? How can I make a larger work out of smaller parts? How can I vary statements to create interest without compromising coherence? Where do I start? A progressive series of composition projects will build techniques in relevant areas including rhythm, harmony, melody, and form. Exercises in mechanics will be complemented by contemplation and discussion of artistic, aesthetic and philosophical ideas that are equally important in the compositional process. We will examine the relationship between musical works and how they are communicated as instructions to others (e.g. orally, as symbols, prose, graphic images, or computer programs). Weekly listening, reading, and composition assignments draw on a broad range of musical styles and intellectual traditions from various cultures and historical periods. Recommended background: understanding of basic music theory through coursework (e.g. MU 1511, Introduction to Music or MU 1611, Fundamentals of Music) or equivalent experience.",3.0,3.0,2021 - 2022 Academic Year,C
MU 2730,MU,Music,2730,Jazz Theory,"Cat. I This course examines harmonic and melodic relationships as applied to jazz and popular music composition. Students are introduced to a wide range of jazz improvisational performance practices. Topics include compositional forms, harmonic structures, major and minor keys, blues, modal jazz, and re-harmonization techniques. Students are expected to have a basic knowledge of reading music. [This replaces MU 4624. Credit is not allowed for both MU 4624 and MU 2730.]",3.0,3.0,2021 - 2022 Academic Year,B
MU 2801,MU,Music,2801,Making Music With Machines,"Cat. II This course will explore automatic mechanical (electro)acoustic instruments, the people that design and build them and the music that they make. The subject is inherently interdisciplinary, so activities will engage with historical, musical, and technical matters. The history of automatic mechanical instruments reaches back centuries: we will study past designs so that we can better contextualize modern efforts, which have progressed alongside increasing computational power and machine sensing abilities. We will consider the music that has been composed using such instruments including the works of Anthiel, Nancarrow, Ligeti, Gann, and Metheny. In doing so, we will develop analytical tools required to understand such music and will illuminate relationships between electromechanical capabilities and musical ideas. The technical components of this course will introduce students to principles involved in instrument design, actuators, electronic circuits, microcontrollers, and musical programming environments. We will do all of this with our mind open to the question of how we can design new machines to make new kinds of music. Recommended Background: Fundamentals of Music I and / or Fundamentals of Music II, experience with programming and electronic circuits is helpful. This course will be offered in 2020-21, and in alternating years thereafter.",3.0,3.0,2021 - 2022 Academic Year,A
MU 3001,MU,Music,3001,World Music,"Cat. II This course introduces students to selected musical cultures of the world, e.g., Africa, Asia, the Middle East, and Latin America, from the ethnomusicological perspective by examining their musical styles as well as cultural and social contexts. Students will be expected to read materials in interdisciplinary areas, including musical ethnographies. No prior background in music is necessary. This course will be offered in 2019-20, and in alternating years thereafter.",3.0,3.0,2021 - 2022 Academic Year,C
MU 3002,MU,Music,3002,Arranging And Orchestration,Cat. I Students will study specific characteristics of instruments and the voice to enable them to successfully arrange vocal and instrumental music. Students will need to possess a basic knowledge of music theory. Suggested background for this course is MU 1611 (Fundamentals of Music I) or its equivalent.,3.0,3.0,2021 - 2022 Academic Year,A
MU 3614,MU,Music,3614,Topics In Midi,"Cat. II This course examines topics in Music Technology in which the application of MIDI and MIDI systems play a significant role. Topics may vary each year among the following areas: sequencing, live performance, composition, and film scoring. Students can take MU 3614 only one time for credit, but a student interested in taking another version can take a second one as an ISU. Recommended background: MU 1611 (Fundamentals of Music) This course will be offered in 2020-21, and in alternating years thereafter.",3.0,3.0,2021 - 2022 Academic Year,"B,C"
MU 3615,MU,Music,3615,Topics In Digital Sound,"Cat. II This course examines topics in Music Technology in which Digital Sound plays a significant role. Topics may vary each year among the following areas: digital editing, audio recording, film scoring, game audio, sound effects, audio production, theatrical sound, and surround sound. Students can take MU 3615 only one time for credit, but a student interested in taking another version can take a second one as an ISU. Recommended background: MU 1611 (Fundamentals of Music) This course will be offered in 2020-21, and in alternating years thereafter",3.0,3.0,2021 - 2022 Academic Year,C
MU 3616,MU,Music,3616,Topics In Interactive Programming,"Cat. II This course examines topics in Music Technology in which Interactive Programming plays a significant role. Topics may vary each year among the following areas: real time performance controllers, algorithmic composition, interface design, sensor technology, and gesture detection. Students can take MU 3616 only one time for credit, but a student interested in taking another version can take a second one as an ISU. Recommended background: MU 1611 (Fundamentals of Music) This course will be offered in 2020-21, and in alternating years thereafter.",3.0,3.0,2021 - 2022 Academic Year,"A,D"
MU 3620,MU,Music,3620,Electronic Music Composition,"Cat. II This course will address concepts of composition through the use of technology. Students will examine existing compositions in electronic music, art music, popular music, film, multimedia, games, and more, and compose new works within these genres. Students will present newly composed works each class and discuss their aesthetic values, musical functions, and technical underpinnings. Students may not receive credit for both MU 3620 and MU 362X. Suggested background: knowledge of basic musicianship skills such as melody, harmony, and rhythm, as well as familiarity with at least one digital audio workstation or notation software. This course will be offered in 2020-21, and in alternating years thereafter.",3.0,3.0,2021 - 2022 Academic Year,B
NEU 501,NEU,Neurology,501,Neuroscience,"In this course, students will develop an understanding of neurobiology at several levels, from the physiology of individual neurons, through the functioning of neural circuits, and finally to the behavior of neural systems such as vision, motion, and memory . Topics covered include spatial orientation and sensory guidance, neuronal control of motor output, neuronal processing of sensory information, sensorimotor integration, neuromodulation, circadian rhythms and cellular mechanisms of learning and memory . Furthermore, students will learn about artificial intelligence and machine learning approaches to creating computational models of the brain using artificial neural networks and deep learning . The class will be based on lectures accompanied by in-class activities and will include weekly discussion of papers from the scientific literature . The class will focus on a guiding theme, such as neurotransmitter systems, with emphasis on research of human neurological problems, such as schizophrenia, addiction, and neurodegenerative disorders.",3.0,3.0,2021 - 2022 Academic Year,"A,B"
NEU 502,NEU,Neurology,502,Neural Plasticity,"Neuronal connections strengthen and weaken with learning, memory, or other events; a phenomenon called synaptic plasticity. In this course, we explore the underlying biological, biophysical and biochemical changes responsible for plasticity. This course covers the structure and organization of neuronal connections, the neurotransmitter receptors that line these structures, the signaling pathways that are mediated in synapses, the mechanical processes that underlie protraction and retraction, and the pharmacological agents that stimulate or block these changes. Students are required to have had an undergraduate level course in biology and biochemistry.",3.0,3.0,2021 - 2022 Academic Year,"C,D"
NEU 503,NEU,Neurology,503,Computational Neuroscience,"Computational neuroscience explores the brain at many different levels, from single cell activity, to small local network computation, to the dynamics of large neuronal populations across the brain. This course will introduce students to a multifaceted array of approaches that span biology, physics, mathematics and computer science as well as facilitate the integration of modeling (on both the single molecule and neuron level) and quantitative techniques to investigate neural activity at these different levels. Where possible, this course has a tripartite organization. First, the theory is presented from a text or journal article. Second, students read and critique a paper that uses the technique. Finally, simulations and/or problem sets are assigned to fix the knowledge learned in the course. Pertinent examples will be drawn from research done by WPI students and faculty.",3.0,3.0,2021 - 2022 Academic Year,"A,B"
NEU 504,NEU,Neurology,504,Advanced Psychophysiology,"This course will provide an in-depth under standing of what psychophysiology is and the common methods used to understand psychophysiological responses. Common psychophysiological methods will be discussed in-depth, such as sympathetic and parasympathetic nervous system, facial electromyography, electroencephalography (EEG), respiration, blood pressure, pulse rate, skin temperature, electrodermal responses, cortisol, and other neuroendocrine monitoring methods . The social, cognitive, emotional, and motivational responses to different psychological events will be explored in detail. Computational methods will be described from the fields of artificial intelligence, machine learning, and mobile computing for capturing, processing and discovering patterns in physiological and behavioral data . In addition, the course will examine how biofeedback works in educational, clinical, and experimental settings. Students may not receive credit for both PSY 2502 and NEU 504",3.0,3.0,2021 - 2022 Academic Year,"A,B"
NEU 505,NEU,Neurology,505,Brain-Computer Interaction,"This course will explore the current state of brain sensing and its application to human-computer interaction research. This course covers brain function, sensing technology, machine learning methods, and applications of brain-computer interfaces in various domains. This course aims for students to (1) obtain the background to conduct research in brain-computer interaction and humancomputer interaction; (2) understand the literature in the field of brain sensing for human-computer interaction research; (2) understand the various tools used in brain sensing, with a focus on functional near-infrared spectroscopy (fNIRS) research; (3) understand the steps required to use real-time brain sensing data as input to an interactive system; (4) understand the domains and contexts in which brain-computer interfaces may be effective; (5) understand the open questions and challenges in brain-computer interaction research today .",3.0,3.0,2021 - 2022 Academic Year,"C,D"
NEU 590,NEU,Neurology,590,Special Topics in Neuroscience,This course is intended to provide the students of the program a diverse selection of current relevant topics in neuroscience. Prerequisites will vary with topic.,3.0,3.0,2021 - 2022 Academic Year,"C,D"
NSE 510,NSE,Nuclear Science & Engineering,510,Introduction To Nuclear Science And Engineering,"This introductory course provides an overview of the field of nuclear science and engineering as it relates to nuclear power and nuclear technologies. Fundamental concepts relevant to nuclear systems are introduced, including radioactivity, radiation interaction phenomena, chain reaction physics, and transport in engineering materials. Nuclear reactor physics and design concepts are introduced with focus on light water fission reactors. A survey of advanced nuclear technologies and applications is provided. Prerequisites: graduate or senior standing or consent of the instructor.",3.0,3.0,2021 - 2022 Academic Year,"A,B"
NSE 515,NSE,Nuclear Science & Engineering,515,Radiation Biology,"This course will introduce the student to fundamental concepts in radiation biology. Initially, theories will be developed concerning the effects of radiation exposure on basic biological systems, such as a virus or a cell. These theories will be based on our knowledge of radiation interaction mechanisms at the atomic/molecular level coupled with our knowledge of cell biology. Once developed, these theories will be compared against experimental observations and expanded to include cellular kinetic responses to radiation. Focus will then shift from the simple cell to more complex biological organisms. Ultimately, the student will be expected to appreciate the practical aspects and consequences of human radiation exposure and to properly apply this information in a radiation safety or medical physics environment.",3.0,3.0,2021 - 2022 Academic Year,"C,D"
NSE 530,NSE,Nuclear Science & Engineering,530,Health Physics,"This course builds on fundamental concepts introduced in NSE 510 and applies them to key topics in health physics and radiation protection . Health physics topics include man-made and natural sources of radiation, dose, radiation biology, radiation measurement, and radiation safeguards . Radiation protection concepts are explored as they apply to existing and advanced nuclear power generators, including reactor safety, nuclear waste and byproducts, regulatory constraints, and accident case studies . Prerequisites: graduate standing or consent of the instructor.",3.0,3.0,2021 - 2022 Academic Year,"A,B"
OBC 3354,OBC,Organizational Behavior & Change,3354,Organizational Behavior And Change,"Cat. I This course focuses on the basic knowledge and processes required of managers to understand behavior in organizations and to apply this knowledge to organizational change. Topics include communication and trust, power and leadership, group and intergroup processes, conflict and conflict management, and work and organizational design. Students apply their knowledge of organizational behavior to the analysis, implementation, and leadership of organizational change. Lectures, video presentations, case studies, group discussions and mini-projects are employed to introduce and illustrate the basic elements of organizational behavior and change. Recommended background: None",3.0,3.0,2021 - 2022 Academic Year,B
OBC 4367,OBC,Organizational Behavior & Change,4367,"Leadership, Ethics, And Social Responsibility","Cat. IThis upper-level course invites students to consider the importance of ethics, corporate governance, and corporate social responsibility for leading global enterprises effectively. Students will be asked to reflect on their own leadership styles and to engage the complex, ethical dimensions of leadership in modern organizations. The course will engage students using lecture, video presentations, case studies, guest speakers, fieldwork, and mini-projects.Recommended background: None.",3.0,3.0,2021 - 2022 Academic Year,D
OBC 505,OBC,Organizational Behavior & Change,505,Teaming And Organizing For Innovation,"How do we navigate complex human systems in organizations? How do we foster innovation within organizations? In this course, we explore the paradoxes, opportunities, and hidden systemic challenges that arise on teams and projects, and in working across networks and within innovative organizations. Students will learn to more deftly manage the inherent challenges and opportunities of cross-cultural and multi-disciplinary teams; work through or avoid dysfunctional team and organizational conflicts; wrestle with ambiguity and uncertainty; negotiate change by learning to work with networks of power and influence; and analyze the individual, group, organizational and contextual dynamics that enable and constrain productive and innovative work in organizations. (Students cannot get credit for OBC 505 and OBC 500)",3.0,3.0,2021 - 2022 Academic Year,"A,B,C,D"
OBC 506,OBC,Organizational Behavior & Change,506,Leadership,"How do we mobilize our own and others’ energy toward developing sustainable outcomes and meaningful change—when the path ahead is unclear, when our business environment is rapidly changing, when we do not have full authority over those involved? This course embraces a human-centered design approach to leading others with integrity, empathy, and curiosity—with a specific focus on the unique challenges and opportunities of working within project-based networks and Industry 4.0/STEM contexts. Students will build their capacity to navigate complex human and technical systems as they work in teams to develop and pilot a solution to a real-life organizational or social problem.",3.0,3.0,2021 - 2022 Academic Year,"C,D"
OBC 533,OBC,Organizational Behavior & Change,533,Negotiations,"This course focuses on improving the student's understanding of the negotiation process and effectiveness as a negotiator. Emphasizes issues related to negotiating within and on behalf of organizations, the role of third parties, the sources of power within negotiation, and the impact of gender, culture and other differences. Conducted in workshop format, combining theory and practice.",3.0,3.0,2021 - 2022 Academic Year,"C,D"
OIE 2081,OIE,Operations & Industrial Engineering,2081,Introduction To Prescriptive Analytics,"Cat. I This course provides an introduction to prescriptive analytics, which involves the application of mathematical and computational sciences, such as linear optimization and simulation, to recommend optimal courses of action for decision making. The course will feature decision problems arising from a variety of contexts such as capacity management, finance, healthcare, humanitarian relief, inventory management, production planning, staffing, and supply chain. The emphasis of the course is the application of such techniques to recommend a best strategy or course of action for the particular context. Recommended background: Basic statistics, equivalent to that in MA 2611 and MA 2612.",3.0,3.0,2021 - 2022 Academic Year,"A,C"
OIE 2850,OIE,Operations & Industrial Engineering,2850,Engineering Economics,"Cat. I To aid all engineering students in understanding economics and business constraints on engineering decision making. Topics include evaluation of alternative; the six time-value-of-money factors; present worth, annual cash flow and rate-of-return analysis; incremental analysis; depreciation and income taxes; replacement analysis; inflation; handling probabilistic events; public economy; break-even and minimum cost points; and foreign exchange.",3.0,3.0,2021 - 2022 Academic Year,B
OIE 3405,OIE,Operations & Industrial Engineering,3405,Work Systems And Facilities Planning,"This course covers the fundamentals of developing efficient layouts for production and service facilities. Methods analysis, work measurement, material handling and material flow analysis are also covered. Mathematical models and computer tools are used to assist decision-making. Recommended background: BUS 3020 and OIE 2081",3.0,3.0,2021 - 2022 Academic Year,D
OIE 3410,OIE,Operations & Industrial Engineering,3410,Materials Management In Supply Chains,"This course in an introduction to the planning and controlling the material flow into, through, and out of an organization. It explains fundamental relationships among the activities that occur in the supply chain from suppliers to customers. In particular, the course addresses types of manufacturing systems, demand management and forecasting, master production scheduling, materials requirements planning, capacity management, inventory management, distribution resource planning, JIT and lean principles, and other current topics that are pertinent to managing the material flow of supply chains. Recommended background: MA 1020, MA 1021, MA 2611 and BUS 3020.",3.0,3.0,2021 - 2022 Academic Year,C
OIE 3420,OIE,Operations & Industrial Engineering,3420,"Quality Planning, Design And Control","Cat. I This course provides students with the analytical and management tools necessary to solve manufacturing and service quality problems. Topics include customer needs and quality, quality and cost relationships, process capability analysis, statistical process control, control charts for variables and attributes, design of experiments, and other Six Sigma problem solving methodology. Recommended background: BUS 3020 and MA 2612 or consent of the instructor.",3.0,3.0,2021 - 2022 Academic Year,A
OIE 3460,OIE,Operations & Industrial Engineering,3460,Simulation Modeling And Analysis,"Cat. I This course covers the application of simulation to a variety of managerial problems with examples from operations management, industrial engineering and manufacturing engineering. It introduces the student to the concepts of computer simulation, with an emphasis on the design of a simulation experiment and statistical interpretation of its results. It will discuss simulation of queueing models, inventory and industrial dynamics, and gaming situations. The role and use of computers for the execution of simulations will also be highlighted. A commercial simulation language such as Arena will be used to solve problems from the manufacturing and service industries. Recommended background: CS 1004 and MA 2612.",3.0,3.0,2021 - 2022 Academic Year,B
OIE 3510,OIE,Operations & Industrial Engineering,3510,Stochastic Models,"This is an introductory course in probabilistic models and decision-making under risk, with applications to engineering and management decision making. The course first covers quantitative methods for assessing and evaluating risks and how they are used in decision making. Decision making under risk is examined across a wide set of management and engineering problems. The course then introduces a set of probabilistic models commonly used in decision making and operations improvement; specifically, emphasis is placed on Markov chains, Poisson processes, and queuing theory, and their applications in manufacturing and service systems are illustrated. Recommended background: Knowledge of calculus and introductory probability and statistics.",3.0,3.0,2021 - 2022 Academic Year,B
OIE 3600,OIE,Operations & Industrial Engineering,3600,Scripting For Process And Productivity Improvement,"This course will train students to think critically about the effective and efficient use of computational tools to enhance everyday organizational performance. Students will learn how to create value through productivity tools that will likely include advanced spreadsheet functionality, regular expressions, macros, and scripting. The course will make use of software including Microsoft Excel with Visual Basic for Applications, Python, and advanced text editors, applied to a variety of domains, to improve students’ ability to automate processes and productivity. Students can receive credits for both OIE 3600 and either CS 2119 or CS 2102 or CS 2103. For IE majors, if one of the CS courses previously listed is used as a required programming course, then OIE 3600 can be used as an IE elective. Recommended background: some previous exposure to analytical problem solving as found in OIE 2081 or MA 2210.",3.0,3.0,2021 - 2022 Academic Year,B
OIE 4410,OIE,Operations & Industrial Engineering,4410,Case Studies In Industrial Engineering,"Cat. IA number of in-depth case studies in operations and industrial engineering areanalyzed. The cases will cover both manufacturing and service systems rangingfrom production system design to operations planning and control.Recommended background: BUS 2080, BUS 3020, OIE 3410,and OIE 3510.",3.0,3.0,2021 - 2022 Academic Year,D
OIE 4430,OIE,Operations & Industrial Engineering,4430,Advanced Prescriptive Analytics: From Data to Impact,"This course provides an in-depth focus on prescriptive analytics, which involves the use of data, assumptions, and mathematical modeling of real-world decision problems to ascertain and recommend optimal courses of action. Starting from conceptualization of the problem, to using theory for translational modeling and techniques, to computational solving, and finally interpretation – likely in an iterative manner – students will gain knowledge of tools and practical skills in transforming real-world decision problems into actionable insights. Advanced topics in the prescriptive analytics domain will be covered, such as the use of integer variables to represent important logical constructs, using nonlinear functions to represent real-world decision aspects, the incorporation of stochasticity and uncertainty, and corresponding solution methods. Real-world problems will be selected from a variety of contexts that may include capacity management, data science, finance, healthcare, humanitarian operations, inventory management, production planning, routing, staffing, and supply chain. Recommended Background: An introductory level of exposure to prescriptive analytics or linear optimization, such as can be found in OIE 2081, MA 2210, or MA 3231. Suggested Background: Note the mathematical foundations of some of the optimization techniques in this class are in MA 3231. Students might also benefit from MA 3233. Note: Students cannot take both OIE 4420 and OIE 4430 for credit.",3.0,3.0,2021 - 2022 Academic Year,A
OIE 4460,OIE,Operations & Industrial Engineering,4460,Global Planning And Logistics,"This case-based course will examine methods and strategies for managing andcontrolling material movement, with particular emphasis on internationaloperations, from the purchase of production materials to the control of work inprocess to the distribution of the finished product. Strategies that will bediscussed include the design of international distribution networks, the use ofthird-party logistics providers, and the creation of links between logistic systemsand marketing to create competitive advantage. The course will also exploretactical issues that must be managed to pursue a logistics strategy successfully,including choices regarding means of transportation, packaging, and inventorypolicies. Underlying themes of the course will be the use of informationtechnologies (such as electronic data interchange and bar coding) andmathematical models to support logistics decision-making.Recommended background: BUS 3020 and one of the following: BUS 2070 or OIE 2850 or consent of the professor.",3.0,3.0,2021 - 2022 Academic Year,C
OIE 501,OIE,Operations & Industrial Engineering,501,Operations Management,"The operations function in an organization is focused on the transformation processes used to produce goods or provide services. Operations design is driven by strategic values, and innovative improvements can support sustained competitive advantage. In this course, a variety of analytical and statistical techniques are introduced to develop a deep understanding of process behavior, and to use this analysis to inform process and operational designs. Topics such as process analysis and value stream mapping, postponement and global and local supply chain strategies, queuing models, and managing system constraints are covered using case studies and hands-on activities such as on-line simulations. Non-traditional operations systems are also explored. The skills required to model an operational system, to reduce variation and mitigate bottlenecks, to effectively present resource needs, and to adjust capacity and inventory service levels are practiced during the course. (Students cannot get credit for OIE 501 and OIE 500)",3.0,3.0,2021 - 2022 Academic Year,"A,B,C,D"
OIE 542,OIE,Operations & Industrial Engineering,542,Risk Management And Decision Making,"Risk management deals with decision making under uncertainty. It is interdisciplinary, drawing upon management science and managerial decision-making, along with material from negotiation and cognitive psychology. Classic methods from decision analysis are first covered and then applied, from the perspective of business process improvement, to a broad set of applications in operations risk management and design including: quality assurance, supply chains, information security, fire protection engineering, environmental management, projects and new products. A course project is required (and chosen by the student according to his/her interest) to develop skills in integrating subjective and objective information in modeling and evaluating risk. (Prerequisite: OIE 501 or equivalent content, or instructor consent.) (Students cannot get credit for both OIE 542 and OIE 541.)",3.0,3.0,2021 - 2022 Academic Year,"A,B,C,D"
OIE 544,OIE,Operations & Industrial Engineering,544,Supply Chain Analysis And Design,"This course studies the decisions, strategies and analytical methods in designing, analyzing, evaluating, and managing supply chains. Concepts, techniques, and frameworks for better supply chain performance are discussed, and how digital technologies enable companies to be more efficient and flexible in their internal and external operations are explored. The major content of the course is divided into three modules: supply chain integration, supply chain decisions, and supply chain management and control tools. Students will learn how to apply some of the techniques in Operations Research such as linear programming, dynamic programming, and decision tree to aid decision-making. A variety of instructional tools including lectures, case discussions, guest speakers, games, videos, and group projects and presentations are employed. (Prerequisite: OIE 501 or equivalent content, or instructor consent)",3.0,3.0,2021 - 2022 Academic Year,"A,B"
OIE 548,OIE,Operations & Industrial Engineering,548,Performance Analytics,"Productivity management and analysis techniques and applications are covered from engineering and management perspectives. Topics include benchmarking, production functions, and the concept of relative efficiency and its measurement by data envelopment analysis. Application examples include efficiency evaluations of bank branches, sales outlets, hospitals, schools and others. (Prerequisite: OIE 501, or equivalent content, or consent of the instructor.)",3.0,3.0,2021 - 2022 Academic Year,"C,D"
OIE 549,OIE,Operations & Industrial Engineering,549,Sustainable Supply Chain and Operations Management,"The environmental implications and responsibilities of organizations begin at an organization’s boundaries with management of their operations, but also extend to incorporate interorganizational relationships and networks, the supply chain. We will investigate the practice and theory of sustainable supply chains and operations management in organizations throughout the world. This course is intended to provide students with understanding the intra- and interorganizational implications of environmental sustainability practices and policies. The role of organizational supply chain management functions, activities, tools and methods and their relationship to the natural environment will be introduced and discussed. The goals are for students to grasp the scope of general supply chain/operations management and environmental sustainability as they relate to the firm; to be able to relate to the manners in which management may respond and collaborate internally and with suppliers, customers, and various other stakeholders influencing and influenced by operational and supply chain activities from practical and theoretical case studies; able to evaluate various factors and understand tradeoffs in management decisions as they pertain to environmental supply chain management.",3.0,3.0,2021 - 2022 Academic Year,"C,D"
OIE 552,OIE,Operations & Industrial Engineering,552,Modeling And Optimizing Processes,"This course is designed to provide students with a variety of quantitative tools and techniques useful in modeling, evaluating and optimizing operation processes. Students are oriented toward the creation and use of spreadsheet models to support decision-making in industry and business.",3.0,3.0,2021 - 2022 Academic Year,"A,B"
OIE 553,OIE,Operations & Industrial Engineering,553,Global Purchasing And Logistics,"This course aims to develop an in-depth understanding of the decisions and challenges related to the design and implementation of a firm’s purchasing strategy within a context of an integrated, global supply chain. Topics centering on operational purchasing, strategic sourcing, and strategic cost management will be covered. The global logistics systems that support the purchasing process will be analyzed, and the commonly used techniques for designing and evaluating an effective logistics network will be studied.",3.0,3.0,2021 - 2022 Academic Year,C
OIE 554,OIE,Operations & Industrial Engineering,554,Global Operations Strategy,"This course focuses on operations strategy from a global perspective. Topics such as strategy of logistics and decisions to outsource are examined. As an example, the strategic issues concerned with firms that are doing R&D in the United States, circuit board assembly in Ireland and final assembly in Singapore. Cases, textbooks and recent articles relating to the topic are all used. Term paper based on actual cases is required. (Prerequisite: OIE 501 or equivalent content, or instructor consent)",3.0,3.0,2021 - 2022 Academic Year,"A,B"
OIE 558,OIE,Operations & Industrial Engineering,558,Designing And Managing Lean Six Sigma Processes,"This course teaches Six-Sigma as an organizational quality system and a set of statistical tools that have helped the world’s leading companies save millions of dollars and improve customer satisfaction. This course is organized in three parts: part one covers the essentials of Six-Sigma, including fundamental concepts, the advantages of Six-Sigma over Total Quality Management, and a five-phase model for building a Six-Sigma organization; part two of the course covers the Six-Sigma training, including technical topics such as capability and experimental design as well as how to train “Black Belts” and other key roles; part three describes the major activities of the SixSigma Roadmap, from identifying core processes to executing improvement projects to sustaining Six-Sigma gains.",3.0,3.0,2021 - 2022 Academic Year,"C,D"
OIE 559,OIE,Operations & Industrial Engineering,559,Advanced Prescriptive Analytics: From Data to Impact,"This course provides an in-depth focus on prescriptive analytics, which involves the use of data, assumptions, and mathematical modeling of real-world decision problems to ascertain and recommend optimal courses of action. Starting from conceptualization of the problem, to using theory for translational modeling and techniques, to computational solving, and finally interpretation – likely in an iterative manner – students will gain knowledge of tools and practical skills in transforming real-world decision problems into actionable insights. Advanced topics in the prescriptive analytics domain will be covered, such as the use of integer variables to represent important logical constructs, using nonlinear functions to represent real-world decision aspects, the incorporation of stochasticity and uncertainty, and corresponding solution methods. Real-world problems will be selected from a variety of contexts that may include capacity management, data science, finance, healthcare, humanitarian operations, inventory management, production planning, routing, staffing, and supply chain. Students will complete an individual project that includes a report in the style of a technical report or research paper, as well as an oral presentation. (Prerequisite: OIE 552, equivalent knowledge about optimization and linear programming, or consent of the instructor. Students may not receive credit for both OIE 4430 and OIE 559).",3.0,3.0,2021 - 2022 Academic Year,A
OIE 597,OIE,Operations & Industrial Engineering,597,Operations and Supply Chain Consulting Project,"This capstone course serves as a practical integration of the operations and supply chain theories, practices, tools and techniques that students learned in their MS program. The medium is a major team-based project, sponsored by an external organization. The course goals are: (1) to enrich students’ experiential learning and support the acquisition of the skills and capabilities to tackle real-world problems; and (2) to enhance students’ teamwork, interpersonal and consulting skills. Students will produce a written report documenting their solutions, and providing the financial, organizational, and technical rationale for their approach. They will also formally present their results to the project sponsors. Students are expected to have completed (or be currently completing) all the course requirements for their MS in Operations and Supply Chain Analytics prior to taking the capstone project.",3.0,3.0,2021 - 2022 Academic Year,"C,D"
OIE 598,OIE,Operations & Industrial Engineering,598,Special Topics,OIE 598. SPECIAL TOPICS,3.0,3.0,2021 - 2022 Academic Year,
OT 1000,OT,Other,1000,Cooperative Education Program - Semester,,0.0,0.0,2021 - 2022 Academic Year,"A,B"
OT 500,OT,Other,500,Intermed ESL Listng & Spkng,,1.0,1.0,2021 - 2022 Academic Year,"A,B"
PE 1002,PE,Physical Education,1002,Intro To Volleyball & Squash,Cat. I (1/12 unit) Introduction to the sports through skill development and play.,0.75,0.75,2021 - 2022 Academic Year,B
PE 1003,PE,Physical Education,1003,Intro To Badminton,Cat. I (1/12 unit)Introduction to the sports through skill development and play.,0.75,0.75,2021 - 2022 Academic Year,C
PE 1006,PE,Physical Education,1006,Wellness,Cat. I (1/12 unit) Introductory course designed to acquaint students with knowledge and skills necessary to make choices that foster health and well-being.,0.75,0.75,2021 - 2022 Academic Year,A
PE 1007,PE,Physical Education,1007,Basic Water Safety,Cat. I (1/12 unit) For the intermediate to advanced swimmer only. Students will learn about water recreational activities and how to remain safe while participating in them. Opportunity to learn the necessary means for safety in/near water and basic rescue techniques.,0.75,0.75,2021 - 2022 Academic Year,A
PE 1008,PE,Physical Education,1008,Rowing For Fitness,Cat. I This course will teach basic rowing training techniques and principles with the goal for students to develop and implement an individualized conditioning program for themselves. All classes will be conducted on-campus through the use of rowing machines located in the Sports and Recreation Center.,0.75,0.75,2021 - 2022 Academic Year,"A,B,C,D"
PE 1009,PE,Physical Education,1009,Walking For Fitness,Cat. I This course will teach basic walking techniques and principles with the goal for students to develop and implement an individualized conditioning program for themselves.,0.75,0.75,2021 - 2022 Academic Year,"A,B,C,D"
PE 1011,PE,Physical Education,1011,Touch Football,Cat. I (1/12 unit) Introduction to basic rules and individual/team skill development with practical application through game competition.,0.75,0.75,2021 - 2022 Academic Year,"A,D"
PE 1012,PE,Physical Education,1012,Basketball,Cat. I (1/12 unit) Introduction to basic rules and individual/team skill development with practical application through game competition.,0.75,0.75,2021 - 2022 Academic Year,"A,B,C,D"
PE 1013,PE,Physical Education,1013,Softball,Cat. I (1/12 unit) Introduction to basic rules and individual/team skill development with practical application through game competition.,0.75,0.75,2021 - 2022 Academic Year,"A,D"
PE 1016,PE,Physical Education,1016,Squash & Racquetball,"Cat. I (1/12 unit) Instruction will focus on basic strokes and techniques . Rules, strategy and play will be integrated as students’ skills develop .",0.75,0.75,2021 - 2022 Academic Year,"A,C,D"
PE 1017,PE,Physical Education,1017,Beginning Swimming,Cat. I (1/12 unit)For the non-swimmer. Students will receive instruction in basic survival skills and the primary techniques to learn to swim safely.,0.75,0.75,2021 - 2022 Academic Year,D
PE 1018,PE,Physical Education,1018,Co-Ed Volleyball,Cat. I (1/12 unit) Introduction to basic rules and individual/team skill development with practical application through game competition.,0.75,0.75,2021 - 2022 Academic Year,"A,B,C,D"
PE 1019,PE,Physical Education,1019,Soccer,Cat. I Introduction to basic rules and individual/team skill development with practical application through game competition.,0.75,0.75,2021 - 2022 Academic Year,"A,B,C,D"
PE 1054,PE,Physical Education,1054,Plyometrics,Cat. I (1/12 units) This course will teach the use of bodyweight to develop personal strength and conditioning.,0.75,0.75,2021 - 2022 Academic Year,"A,B,C,D"
PE 1055,PE,Physical Education,1055,Physical Conditioning,Cat. I (1/12 unit) This course will teach basic strength training principles and techniques. Students will develop and implement an individualized conditioning program.,0.75,0.75,2021 - 2022 Academic Year,"A,B,C,D"
PE 1059,PE,Physical Education,1059,Weight Training Program For Beginners,Cat. I (1/12 unit) The goal of course is to provide students with the knowledge and skills in basic weight training. This course is designed to educate students about the proper use of weight training equipment and how to create their own weight training exercise program. The basic essentials for starting a weight training routine.,0.75,0.75,2021 - 2022 Academic Year,"A,B,C,D"
PE 1070,PE,Physical Education,1070,Leisure Education: Redefining Social Norms,Cat. I (1/12 unit) Introductory course designed to explore various leisure education alternatives.,0.75,0.75,2021 - 2022 Academic Year,"B,D"
PE 1077,PE,Physical Education,1077,Swimming For Fitness,Cat. I (1/12 unit) For the intermediate to advanced swimmer. This class is geared toward swimming for fitness purposes. Workouts will be administered each class period with students developing the knowledge to create workouts for themselves.,0.75,0.75,2021 - 2022 Academic Year,"B,C"
PE 1078,PE,Physical Education,1078,Aquatic Conditioning,"Cat. I This course will teach aquatic conditioning (aerobics, walking, strength and interval training) with the goal for students to develop and implement an individualized aquatic conditioning program for themselves. For the intermediate and advanced swimmer. All classes will be conducted on-campus through the use of the pool located in the Sports and Recreation Center.",0.75,0.75,2021 - 2022 Academic Year,A
PE 1080,PE,Physical Education,1080,Aquatic Games,Cat. I (1/12 unit) Students will develop an understanding and appreciation of a variety of aquatic games through skill development and game play.,0.75,0.75,2021 - 2022 Academic Year,"A,D"
PE 1099,PE,Physical Education,1099,Healthy Alternative,"Cat. I (1/12 unit) In each term, specific PE courses are offered to provide a variety of wellness, dance and healthy alternatives to traditional PE sport-based classes . The specific courses are subject to change on a yearly basis in order to provide flexibility in the PE offerings based upon the latest trends in wellness and dance . The focus of these classes is more on individual fitness, wellness and education, with instruction provided to all students in the classes.",0.75,0.75,2021 - 2022 Academic Year,"A,B,C,D"
PE 1201,PE,Physical Education,1201,Alpine Ski Team,,0.75,0.75,2021 - 2022 Academic Year,C
PE 1202,PE,Physical Education,1202,Club Sport - Badminton,,0.75,0.75,2021 - 2022 Academic Year,"A,B"
PE 1203,PE,Physical Education,1203,Club Sport - Ballroom Dancing,,0.75,0.75,2021 - 2022 Academic Year,"A,B,C,D"
PE 1204,PE,Physical Education,1204,Club Sport - Dance Team,,0.75,0.75,2021 - 2022 Academic Year,"A,B,C,D"
PE 1205,PE,Physical Education,1205,Club Sport - Fencing Team,,0.75,0.75,2021 - 2022 Academic Year,"A,B"
PE 1206,PE,Physical Education,1206,Club Sport - Ice Hockey Team,,0.75,0.75,2021 - 2022 Academic Year,"B,C"
PE 1207,PE,Physical Education,1207,Club Sport - Karate,,0.75,0.75,2021 - 2022 Academic Year,"A,D"
PE 1209,PE,Physical Education,1209,Club Sport- Women's Rugby Team,,0.75,0.75,2021 - 2022 Academic Year,"A,B,C,D"
PE 1210,PE,Physical Education,1210,Club Sport - Men's Ultimate Frisbee Team,,0.75,0.75,2021 - 2022 Academic Year,"A,B,C,D"
PE 1211,PE,Physical Education,1211,Club Sport - Women's Ultimate Frisbee Team,,0.75,0.75,2021 - 2022 Academic Year,"A,B,C,D"
PE 1212,PE,Physical Education,1212,Club Sport - Men's Lacrosse Team,,0.75,0.75,2021 - 2022 Academic Year,"C,D"
PE 1213,PE,Physical Education,1213,Club Sport - Women's Lacrosse Team,,0.75,0.75,2021 - 2022 Academic Year,"C,D"
PE 1214,PE,Physical Education,1214,Club Sport - Men's Volleyball Team,,0.75,0.75,2021 - 2022 Academic Year,C
PE 1216,PE,Physical Education,1216,Club Sport - Pep Band,,0.75,0.75,2021 - 2022 Academic Year,"A,B,C"
PE 1217,PE,Physical Education,1217,Club Sport - Sailing,,0.75,0.75,2021 - 2022 Academic Year,"A,B"
PE 1219,PE,Physical Education,1219,Club Sport - Soma: Capoeira,,0.75,0.75,2021 - 2022 Academic Year,"A,B"
PE 1220,PE,Physical Education,1220,Club Sport - Smas: Boffer Games,,0.75,0.75,2021 - 2022 Academic Year,A
PE 1221,PE,Physical Education,1221,Club Sport - Running,"Cat. I Running is an activity that helps to develop good health, well-being and discipline through goal setting. This club and course will offer runners of all levels the opportunity to participate, develop and learn how running can benefit them now and into the future.",0.75,0.75,2021 - 2022 Academic Year,"A,B,C,D"
PE 2001,PE,Physical Education,2001,Varsity Football Team,,0.75,0.75,2021 - 2022 Academic Year,"A,B"
PE 2002,PE,Physical Education,2002,Varsity Men's Soccer Team,,0.75,0.75,2021 - 2022 Academic Year,"A,B"
PE 2003,PE,Physical Education,2003,Varsity Women's Soccer Team,,0.75,0.75,2021 - 2022 Academic Year,"A,B"
PE 2004,PE,Physical Education,2004,Varsity Field Hockey Team,,0.75,0.75,2021 - 2022 Academic Year,"A,B"
PE 2005,PE,Physical Education,2005,Varsity Women's Volleyball Team,,0.75,0.75,2021 - 2022 Academic Year,"A,B"
PE 2006,PE,Physical Education,2006,Varsity Men's And Women's Cross Country Team,,0.75,0.75,2021 - 2022 Academic Year,"A,B"
PE 2007,PE,Physical Education,2007,Varsity Wrestling Team,,0.75,0.75,2021 - 2022 Academic Year,"B,C"
PE 2008,PE,Physical Education,2008,Varsity Men's Basketball Team,,0.75,0.75,2021 - 2022 Academic Year,"B,C"
PE 2009,PE,Physical Education,2009,Varsity Women's Basketball Team,,0.75,0.75,2021 - 2022 Academic Year,"B,C"
PE 2010,PE,Physical Education,2010,Varsity Men's And Women's Swim Team,,0.75,0.75,2021 - 2022 Academic Year,"B,C"
PE 2011,PE,Physical Education,2011,Varsity Men's And Women's Indoor Track Team,,0.75,0.75,2021 - 2022 Academic Year,"B,C"
PE 2012,PE,Physical Education,2012,Varsity Baseball Team,,0.75,0.75,2021 - 2022 Academic Year,"C,D"
PE 2013,PE,Physical Education,2013,Varsity Softball Team,,3.0,3.0,2021 - 2022 Academic Year,"C,D"
PE 2014,PE,Physical Education,2014,Varsity Men's And Women's Outdoor Track Team,,3.0,3.0,2021 - 2022 Academic Year,D
PE 2015,PE,Physical Education,2015,Varsity Men's Crew Team,,0.75,0.75,2021 - 2022 Academic Year,"A,D"
PE 2016,PE,Physical Education,2016,Varsity Women's Crew Team,,0.75,0.75,2021 - 2022 Academic Year,"A,D"
PE 303X,PE,Physical Education,303X,Fitness: Fundamentals Of Cardio,"This online course will be knowledge-based covering fitness assessments, nutrition, hydration, sleep, exercise modalities and cardio workout options. Students will learn the basics of fitness and cardio to help them design a workout at the end of the term that fits their needs and interests. Engagement will include group discussion, quizzes and writings.",0.75,0.75,2021 - 2022 Academic Year,C
PH 1110,PH,Physics,1110,General Physics-Mechanics,"Cat. I Introductory course in Newtonian mechanics . Topics include: kinematics of motion, vectors, Newton’s laws, friction, work-energy, impulse-momentum, for both translational and rotational motion . Recommended background: concurrent study of MA 1021 . Students may not receive credit for both PH 1110 and PH 1111 .",3.0,3.0,2021 - 2022 Academic Year,"A,C"
PH 1111,PH,Physics,1111,Principles Of Physics-Mechanics,"Cat. I An introductory course in Newtonian mechanics that stresses invariance principles and the associated conservation laws . Topics include: kinematics of motion, vectors and their application to physical problems, dynamics of particles and rigid bodies, energy and momentum conservation, rotational motion. Recommended background: concurrent study of MA 1023 (or higher). Students with limited prior college-level calculus preparation are advised to take PH 1110. Students may not receive credit for both PH 1111 and PH 1110 .",3.0,3.0,2021 - 2022 Academic Year,"A,C"
PH 1120,PH,Physics,1120,General Physics-Electricity And Magnetism,"Cat. IAn introduction to the theory of electricity and magnetism.Topics include: Coulomb's law, electric and magnetic fields, capacitance,electrical current and resistance, and electromagnetic induction.Recommended background: working knowledge of the material presented inPH 1110 or PH 1111 and concurrent study of MA 1022.Students may not receive credit for both PH 1120 and PH 1121.",3.0,3.0,2021 - 2022 Academic Year,"B,D"
PH 1121,PH,Physics,1121,Principles Of Physics-Electricity And Magnetism,"Cat. I An introduction to electricity and magnetism, at a somewhat higher mathematical level than PH 1120. Topics include: Coulomb’s Law, electric fields and potentials, capacitance, electric current and resistance, magnetism, and electromagnetic induction. Recommended background: working knowledge of material covered in PH 1111 and concurrent study of MA 1024 (or higher). Students concurrently taking MA 1022 or MA 1023 are advised to take PH 1120. Students may not receive credit for both PH 1121 and PH 1120 .",3.0,3.0,2021 - 2022 Academic Year,"B,D"
PH 1130,PH,Physics,1130,Modern Physics,"Cat. IAn introduction to the pivotal ideas and developments of twentieth-centuryphysics.Topics include: special relativity, photoelectric effect, X-rays, Comptonscattering, blackbody radiation, DeBroglie waves, uncertainty principle, Bohrtheory of the atom, atomic nuclei, radioactivity, and elementary particles.Recommended background: familiarity with material covered in PH 1110 andPH 1120 (or PH 1111 and PH 1121) and completion of MA 1021 and MA 1022.",3.0,3.0,2021 - 2022 Academic Year,"A,C"
PH 1140,PH,Physics,1140,"Oscillations, And Waves","Cat. IAn introduction to oscillating systems and waves.Topics include: free, clamped forced, and coupled oscillations of physicalsystems, traveling waves and wave packets, reflection, and interferencephenomena.Recommended background: working knowledge of the material covered inPH 1110 and PH 1120 (or PH 1111 and PH 1121) and completion ofMA 1021, MA 1022 and MA 1023.",3.0,3.0,2021 - 2022 Academic Year,"B,D"
PH 115X,PH,Physics,115X,Introductory Physics Of Living Systems,"This course introduces a selection of physics topics (Thermodynamics, Optics, Fluid Dynamics, Waves, and Atomic and Nuclear Physics) that are critical to students pursuing degrees in Life Sciences, Pre-Med, and Pre-Health. Recommended Background: General Physics - Mechanics (PH1110) or Principles of Physics - Mechanics (PH1111), General Physics Electricity and Magnetism (PH1120) or Introductory Physics",3.0,3.0,2021 - 2022 Academic Year,D
PH 2101,PH,Physics,2101,Principles Of Thermodynamics,"Cat. I The course provides fundamental preparation for any specialized application of thermodynamics. The material covered includes a general description of large number systems, states, canonical state variables, state functions, response functions, and equations of state. Focus will be given to the physical meanings of free-energies, enthalpy, chemical potential, and entropy. Connections will be made to equilibrium states, reversible versus irreversible processes, phases and phase transformation, as well as the arrow of time as applied across disciplines. Recommended background: introductory mechanics and multi-variable calculus",3.0,3.0,2021 - 2022 Academic Year,C
PH 2201,PH,Physics,2201,Intermediate Mechanics I,"Cat. I This course emphasizes a systematic approach to the mathematical formulation of mechanics problems and to the physical interpretation of the mathematical solutions. Topics covered include: Newton’s laws of motion, kinematics and dynamics of a single particle, vector analysis, motion of particles, rigid body rotation about an axis. Recommended background: PH 1110, PH 1120, PH 1130, PH 1140, MA 1021, MA 1022, MA 1023, MA 1024 and concurrent registration in or completion of MA 2051.",3.0,3.0,2021 - 2022 Academic Year,"A,C"
PH 2202,PH,Physics,2202,Intermediate Mechanics II,"Cat. IThis course is a continuation of the treatment of mechanics started in PH 2201.Topics covered include: rigid-body dynamics, rotating coordinate systems,Newton’s law of gravitation, central-force problem, driven harmonic oscillator,an introduction to generalized coordinates, and the Lagrangian and Hamiltonianformulation of mechanics.",3.0,3.0,2021 - 2022 Academic Year,B
PH 2301,PH,Physics,2301,Electromagnetic Fields,"Cat. IIntroduction to the theory and application of electromagnetic fields, appropriateas a basis for further study in electromagnetism, optics, and solid-state physics.Topics: electric field produced by charge distributions, electrostatic potential,electrostatic energy, magnetic force and field produced by currents and bymagnetic dipoles, introduction to Maxwell’s equations and electromagnetic waves.Recommended background: introductory electricity and magnetism, vectoralgebra, integral theorems of vector calculus as covered in MA 2251.",3.0,3.0,2021 - 2022 Academic Year,A
PH 2502,PH,Physics,2502,Lasers,"Cat. IIAn introduction to the physical principles underlying lasers and their applications. Topics will include the coherent nature of laser light, optical cavities, beamoptics, atomic radiation, conditions for laser oscillation, optical amplifiers(including fiber amplifiers), pulsed lasers (Q switching and mode locking), laserexcitation (optical and electrical), and selected laser applications. Recommendedbackground is PH 1110, PH 1120, PH 1130 and PH 1140 (or their equivalents).This course will be offered in 2019-20, and in alternating years thereafter.",3.0,3.0,2021 - 2022 Academic Year,B
PH 2510,PH,Physics,2510,Atomic Force Microscopy,"Cat. II Atomic force microscopes (AFMs) are instruments that allow three-dimensional imaging of surfaces with nanometer resolution and are important enabling tools for nanoscience and technology. The student who successfully completes this course will understand the functional principles of AFMs, be able to run one, and interpret the data that are collected. Recommended background: PH 1110 and 1120. Suggested background: PH 1130 and PH 1140. This course will be offered in 2019-20, and in alternating years thereafter. Some sections of this course may be offered as Writing Intensive (WI).",3.0,3.0,2021 - 2022 Academic Year,C
PH 2520,PH,Physics,2520,Introduction To Astrophysics,"Cat. II A selective study of components of the universe (the solar system, stars, nebulae, galaxies) and of cosmology, based on astronomical observations analyzed and interpreted through the application of physical principles, and organized with the central purpose of presenting the latest understanding of the nature and evolution of the universe. Some topics to be covered include the Big Bang & Inflation; Stellar Behavior & Evolution; White Dwarfs, Neutron Stars, & Supernovae; Black Holes; Dark Matter & Dark Energy. Recommended background is PH 1110 (or PH 1111), PH 1120 (or PH 1121), and especially PH 1130. Suggested background: PH 1140. This course will be offered in 2019-20, and in alternating years thereafter.",3.0,3.0,2021 - 2022 Academic Year,C
PH 2550,PH,Physics,2550,Atmospheric And Space Environments,"Cat I This course introduces the ambient atmospheric and space environments encountered by aerospace vehicles. Topics include: the sun and solar activity; the solar wind; planetary magnetospheres; planetary atmospheres; radiation environments; galactic cosmic rays; meteoroids; and space debris. Recommended background: mechanics (PH1110 / 1111 or equivalent), electromagnetism (PH 1120 / 1121 or equivalent), and ordinary differential equations (MA 2051 or equivalent).",3.0,3.0,2021 - 2022 Academic Year,D
PH 2651,PH,Physics,2651,Intermediate Physics Laboratory,"Cat. I This course offers experience in experimentation and observation for students of the sciences and others. In a series of subject units, students learn or review the physical principles underlying the phenomena to be observed and the basis for the measurement techniques employed. Principles and uses of laboratory instruments including the cathode-ray oscilloscope, meters for frequency, time, electrical and other quantities are stressed. In addition to systematic measurement procedures and data recording, strong emphasis is placed on processing of the data, preparation and interpretation of graphical presentations, and analysis of precision and accuracy, including determination and interpretation of best value, measures of error and uncertainty, linear best fit to data, and identification of systematic and random errors. Preparation of high-quality experiment reports is also emphasized. Representative experiment subjects are: mechanical motions and vibrations; free and driven electrical oscillations; electric fields and potential; magnetic materials and fields; electron beam dynamics; optics; diffractiongrating spectroscopy; radioactive decay and nuclear energy measurements. Recommended background: the Introductory Physics course sequence or equivalent. No prior laboratory background beyond that experience is required. Students who have received credit for PH 2600 or PH 3600 may not receive credit for PH 2651.",3.0,3.0,2021 - 2022 Academic Year,D
PH 3206,PH,Physics,3206,Statistical Physics,"Cat. I An introduction to the basic principles of thermodynamics and statistical physics. Topics covered include: basic ideas of probability theory, statistical description of systems of particles, thermodynamic laws, entropy, microcanonical and canonical ensembles, ideal and real gases, ensembles of weakly interacting spin 1/2 systems. Recommended background: knowledge of quantum mechanics and thermodynamics at the level of ES 3001.",3.0,3.0,2021 - 2022 Academic Year,D
PH 3301,PH,Physics,3301,Electromagnetic Theory,"Cat. I A continuation of PH 2301, this course deals with more advanced subjects in electromagnetism, as well as study of basic subjects with a more advanced level of mathematical analysis. Fundamentals of electric and magnetic fields, dielectric and magnetic properties of matter, quasi-static time-dependent phenomena, and generation and propagation of electromagnetic waves are investigated from the point of view of the classical Maxwell’s equations.",3.0,3.0,2021 - 2022 Academic Year,B
PH 3401,PH,Physics,3401,Quantum Mechanics I,"Cat. I This course includes a study of the basic postulates of quantum mechanics, its mathematical language and applications to one-dimensional problems. The course is recommended for physics majors and other students whose future work will involve the application of quantum mechanics. Topics include wave packets, the uncertainty principle, introduction to operator algebra, application of the Schroedinger equation to the simple harmonic oscillator, barrier penetration and potential wells. Recommended background: Junior standing, MA 4451, and completion of the introductory physics sequence, including the introduction to the 20th century physics. Suggested background: knowledge (or concurrent study) of linear algebra, Fourier series, and Fourier transforms.",3.0,3.0,2021 - 2022 Academic Year,C
PH 3402,PH,Physics,3402,Quantum Mechanics II,"Cat. I This course represents a continuation of PH 3401 and includes a study of three-dimensional systems and the application of quantum mechanics in selected fields. Topics include: the hydrogen atom, angular momentum, spin, perturbation theory and examples of the application of quantum mechanics in fields such as atomic and molecular physics, solid state physics, optics, and nuclear physics. Recommended background: PH 3401.",3.0,3.0,2021 - 2022 Academic Year,D
PH 3503,PH,Physics,3503,Nuclear Physics,"Cat. II This course is intended to acquaint the student with the measurable properties of nuclei and the principles necessary to perform these measurements. The major part of the course will be an introduction to the theory of nuclei. The principal topics will include binding energy, nuclear models and nuclear reactions. The deuteron will be discussed in detail and the nuclear shell model will be treated as well as the nuclear optical model. Recommended background: some knowledge of the phenomena of modern physics at the level of an introductory physics course and knowledge of intermediate level quantum mechanics. This course will be offered in 2015-16, and in alternating years thereafter.",3.0,3.0,2021 - 2022 Academic Year,D
PH 3504,PH,Physics,3504,Optics,"Cat. II This course provides an introduction to classical physical optics, in particular interference, diffraction and polarization, and to the elementary theory of lenses. The theory covered will be applied in the analysis of one or more modern optical instruments. Recommended background: knowledge of introductory electricity and magnetism and of differential equations. Suggested background: PH 2301. This course will be offered in 2019-20, and in alternating years thereafter.",3.0,3.0,2021 - 2022 Academic Year,C
PH 351X,PH,Physics,351X,General Relativity,"The general theory of relativity was put forward in its essential form in 1916. After the initial excitement about the theory and its dramatic verification in 1919 by the Eddington expedition to observe the stellar aberration during a solar eclipse, the focus of attention moved to the newly developing field of quantum mechanics. However, there has been a resurgence of interest since the 1960’s that has steadily brought this area of research to the fore. The most recent observations of gravity waves, black holes, and the development of the global positioning system, – all have excited scientists and the general public about Einstein’s theory. Recommended Background: PH 2201 (Intermediate Mechanics II)",3.0,3.0,2021 - 2022 Academic Year,A
PH 511,PH,Physics,511,Classical Mechanics I,"Lagrangian formulation Kinematics and dynamics of rigid bodies. Small oscillations. Motion in non-inertial frames, Hamiltonian mechanics. Canonical transformations. Hamilton-Jacobi theory.",3.0,3.0,2021 - 2022 Academic Year,"A,B"
PH 514,PH,Physics,514,Quantum Mechanics I,"Schrodinger equation, potential wells and barriers, Hilbert space formulation of quantum mechanics and applications, Central potentials, hydrogen atom, isotropic oscillator, angular momentum and spin.",3.0,3.0,2021 - 2022 Academic Year,"A,B"
PH 515,PH,Physics,515,Quantum Mechanics II,"Time independent perturbation theory, variational method and WKB method, time-dependent perturbation theory, partial wave theory of scattering, integral approach to scattering theory and Born approximation.",3.0,3.0,2021 - 2022 Academic Year,"C,D"
PH 533,PH,Physics,533,Advanced Electromagnetic Theory,"Classical electrodynamics including boundary value problems using Green’s functions, Maxwell’s equations, electromagnetic properties of matter, wave propagation and radiation theory.",3.0,3.0,2021 - 2022 Academic Year,"C,D"
PH 544,PH,Physics,544,Fundamentals of Photonics,Conversion elective transfer course,3.0,3.0,2021 - 2022 Academic Year,"C,D"
PH 562,PH,Physics,562,Fundamentals of Biological Physics,"The course will cover the fundamental concepts of biological physics. The main objective is to learn how to apply the principles of physics, methods of mathematical analysis and computational modeling to complex biological systems and develop a better understanding. The approach will be truly interdisciplinary, bringing concepts from statistical physics, classical mechanics, cell biology, chemistry and biochemistry . Topics covered include: biology by the numbers: time and length scales, mechanical and chemical equilibrium in the living cell, entropy in biology, two-state systems and cooperative binding, random walks and the structure of macromolecules, architecture of the cytoskeleton, biological membranes, modeling of fluids, statistical view of biological dynamics, life in crowded environments, rate equations and dynamics in the cell, dynamics of molecular motors.",3.0,3.0,2021 - 2022 Academic Year,"A,B"
PH 571,PH,Physics,571,Biophysics Journal Club,"Students interested in biophysics read journal articles, prepare presentations and give short talks, engage in critical discussion, and provide feedback to fellow students. The objectives of the course are for students to learn about current topics in the broad area biophysics and biotechnology and to improve their professional skills. Recommended background: A bachelor’s degree in science, technology, engineering, or mathematics.",1.0,1.0,2021 - 2022 Academic Year,"A,B"
PH 580,PH,Physics,580,Graduate Seminar,"(0 credits) Students attend Physics Colloquia by WPI faculty and invited scientists on current research topics in different areas of physics. They discuss results and ideas presented in those talks. In addition, students give presentations on their research or on problems of current interest to physics community. The course therefore will provide opportunities for students to develop their presentation skills, broaden their perspectives and provide networking opportunities. All full-time physics graduate students are required to register and attend.",0.0,0.0,2021 - 2022 Academic Year,"A,B"
PH 585,PH,Physics,585,Science Writing & Proposal Dev,"(1 credit) This course will cover key elements of writing successful grant or fellowship proposals, as well as manuscripts. The topics that will be covered will include project development, identification of funding agencies or journals, proposal and manuscript writing and editing, as well as aspects of the submission and review process. Students will be expected to develop a proposal, and participate in reviews. Students are expected to complete this course prior to taking the Ph.D. Qualifying Exam in Physics. Recommended background: A bachelor’s degree in science, technology, engineering, or mathematics.",1.0,1.0,2021 - 2022 Academic Year,B
PH 597,PH,Physics,597,Special Topics,"(1-3 credits) Arranged by physics faculty for individual or groups of students, these offerings cover topics that are not covered by the regular Physics course offerings. Exact course descriptions are posted by the faculty in advance of the offering.",2.0,2.0,2021 - 2022 Academic Year,C
PH 599,PH,Physics,599,M.S. Thesis Research,Each student will work under the supervision of a member of the department on the thesis research for their Master of Science in Physics degree. (Prerequisite: Consent of advisor),0.0,0.0,2021 - 2022 Academic Year,B
PSY 1400,PSY,Psychology,1400,Introduction To Psychological Science,"Cat. IPsychological science is the experimental study of human thought and behavior.Its goal is to contribute to human welfare by developing an understanding ofwhy people do what they do. Experimental psychologists study the entire rangeof human experience, from infancy until death, from the most abnormalbehavior to the most mundane, from the behavior of neurons to the actions ofnations. This course offers a broad introduction to important theories, empiricalfindings, and applications of research in psychological science. Topics willinclude: use of the scientific method in psychology, evolutionary psychology,behavioral genetics, the anatomy and function of the brain and nervous system,learning, sensation and perception, memory, consciousness, language,intelligence and thinking, life-span development, social cognition and behavior,motivation and emotion, and the nature and treatment of psychologicaldisorders.",3.0,3.0,2021 - 2022 Academic Year,"A,C"
PSY 1401,PSY,Psychology,1401,Cognitive Psychology,"Cat. IThis course is concerned with understanding and explaining the mentalprocesses and strategies underlying human behavior. The ways in which sensoryinput is transformed, reduced, elaborated, stored, and recovered will beexamined in order to develop a picture of the human mind as an active processorof information. Topics will include perception, memory, problem-solving,judgment and decision making, human-computer interaction, and artificialintelligence. Special attention will be paid to defining the limitations of the human cognitive system. Students will undertake a project which employs oneof the experimental techniques of cognitive psychology to collect and analyzedata on a topic of their own choosing.Suggested background: PSY 1400.",3.0,3.0,2021 - 2022 Academic Year,C
PSY 1402,PSY,Psychology,1402,Social Psychology,"Cat. ISocial psychology is concerned with how people think about, feel for, and acttoward other people. Social psychologists study how people interact by focusingon the individual (not society as a whole) as the unit of analysis, by emphasizingthe effect on the individual of the situation or circumstances in which behavioroccurs, and by acquiring knowledge through empirical scientific investigation.This course will examine the cause of human behavior in a variety of domains ofsocial life. Topics will include, but not be limited to, person perception, attitudeformation and change, interpersonal attraction, stereotyping and prejudice, andsmall group behavior. Special attention will be given to applied topics: How canthe research methods of social psychology be used to help solve social problems?Students will work together in small groups to explore in depth topics in socialpsychology of their own choosing.Suggested background: PSY 1400.",3.0,3.0,2021 - 2022 Academic Year,B
PSY 1412,PSY,Psychology,1412,Mental Health,"Cat. IIThis course will introduce the wide variety of psychological disorders that existin society (personality, anxiety, mood, psychotic, etc.). For each disorderdiscussed, possible causes, symptoms, preventions, and treatments will beexamined. The course will cover psychopathologies throughout the entirespectrum of the lifespan (infancy to adulthood). Empirical research onunderstanding, diagnosing, and treating the different disorders will beemphasized.Suggested background: Introductory psychology (PSY 1400 or equivalent).Students may not receive credit for both PSY 1412 and PSY 141X.",3.0,3.0,2021 - 2022 Academic Year,D
PSY 1504,PSY,Psychology,1504,Strategies For Improving Cognitive Skills,"Cat. ILife experience provides us with little insight into the basic workings of our ownminds. As a result, we tend to approach many of the important problems anddecisions of our professional and personal lives with only a dim awareness of thelimitations and capabilities of the human cognitive system and how itsperformance can be improved. The purpose of this course is (1) to providestudents with the basic psychological knowledge needed to understand andevaluate such important cognitive skills as memory, problem solving, decisionmaking, and reasoning and (2) to provide students the practical skills andexperience necessary to improve and assess their cognitive performance. Topicswill include but not be limited to memory improvement, study skills, effectiveproblem solving techniques, creativity, numeracy, making effective choices, riskydecision making, dynamic decision making, intelligent criticism of assumptionsand arguments, and evaluating claims about the mind.Suggested background: PSY 1400.",3.0,3.0,2021 - 2022 Academic Year,"A,D"
PSY 1800,PSY,Psychology,1800,Special Topics In Psychological Science,Cat II (Credits will be assigned by the instructor ranging from 1/6-1/3 unit) This course provides an opportunity for students with little to no background in psychological science to learn about a special topic within Psychological Science. This course may be repeated for different topics.,1.5,1.5,2021 - 2022 Academic Year,C
PSY 2401,PSY,Psychology,2401,The Psychology Of Education,"Cat. IIThis course is concerned with the learning of persons in educational settingsfrom pre-school through college. Material in the course will be organized intofive units covering a wide range of topics: Unit 1: Understanding StudentCharacteristics - Cognitive, Personality, Social, and Moral Development; Unit 2:Understanding the Learning Process - Behavioral, Humanistic, and CognitiveTheories of Learning; Unit 3: Understanding Motivation to Learn; Unit 4:Understanding Student Diversity - Cultural, Economic, and Gender Effectsupon Learning; Unit 5: Evaluating Student Learning - Standardized Tests,Intelligence, Grades, and other Assessment Issues. Students planning IQPs ineducational settings will find this course particularly useful. Instructionalmethods will include: lecture, discussion, demonstration, and project work.Course will also focus on current issues in technological education andinternational higher education.Recommended background: PSY 1400 or PSY 1401.This course will be offered in 2019-20, and in alternating years thereafter.",3.0,3.0,2021 - 2022 Academic Year,C
PSY 2407,PSY,Psychology,2407,Psychology Of Gender,"Cat. IIThis course will provide an overview of the psychological study of gender andwill utilize psychological research and theory to examine the influence of genderon the lives of men and women. This course will examine questions such as:What does it mean to be male or female in our society and other societies? Howdo our constructs of gender develop over our life span? How does our socialworld (e.g., culture, religion, media) play a role in our construction of gender?and What are the psychological and behavioral differences and similaritiesbetween men and women?Recommended background: PSY 1400 or PSY 1402.This course will be offered in 2019-20, and in alternating years thereafter.",3.0,3.0,2021 - 2022 Academic Year,C
PSY 2408,PSY,Psychology,2408,Health Psychology,"Cat. IIIn h ealth psychology, we will review global and domestic health-relatedproblems to discuss the links between health and psychology and discusspotential interventions. Health psychology is interdisciplinary in nature andrelevant to students interested in health-related topics whether from apsychological, biological, biomedical, global, or preventative measures. Majorhealth problems will be discussed: for example, AIDS is the number one causeof death worldwide; obesity (in children and adults) is a growing epidemic; theaging U.S. population will cause unprecedented health needs. Finally, stressinfiltrates chronic health outcomes such as cancer, diabetes, and cardiovasculardisease. We will also review what ‘positive health’ means including nutrition,exercise, social support, managing stress, and habits for maintaining goodhealth.Students will engage in research-based learning when considering psychological, cultural, and biological interventions for real world health crises.Recommended background: Introduction to Psychological Science (PSY1400) and/or Social Psychology (PSY 1402).",3.0,3.0,2021 - 2022 Academic Year,D
PSY 2410,PSY,Psychology,2410,School Psychology,"Cat. IISchool psychology focuses on understanding children and adolescents’ mentalhealth, behavioral health and learning needs in order to work with educators andparents to help students succeed academically and socially. This course willprovide an overview of the field of school psychology, drawing from educational,developmental, and cognitive research. Students will critically examine thetheoretical, methodological, and practical approaches to understanding how inand out of school interventions and contexts influence the academic, social, andemotional development of children. Topics will include school readiness andtransitions, behavioral and self-regulatory skills, socio-cultural diversity and skillgaps, assessment tools and classification, teacher-child interactions, andschool- based interventions that promote positive development. This coursediffers from PSY 2401: They Psychology of Education in that it focuses onschool systems rather than education more broadly. Students planning IQPs ineducational settings will find this course particularly useful.Recommended background: Introduction to Psychological Science (PSY1400), Cognitive Psychology (PSY 1401), and/or The Psychology of Education(PSY 2401), or an approved equivalent.",3.0,3.0,2021 - 2022 Academic Year,D
PSY 2500,PSY,Psychology,2500,Psychology for Sustainability,"Cat. II This course applies psychological theory and research to understand the causes of human behavior that degrades natural systems and to identify and promote more sustainable actions and policies. Topics will include: social dilemmas and cognitive limitations as root causes of environmental problems; psychological methods for studying sustainability; the potential for and limitations of changing individual environmental cognition and behavior; environmental knowledge, attitudes, and values; motivations for sustainable behavior; and the relationship between environmental quality and human health and mental health. Students will gain experience applying social and cognitive behavior change strategies to reduce their own environmental impact. Suggested background: introductory psychology and/or environmental studies. Students may not receive credit for both ENV2400 and ENV/PSY2500.",3.0,3.0,2021 - 2022 Academic Year,B
PSY 2501,PSY,Psychology,2501,Music And Mind,"Cat. I How are we able to distinguish instruments, timbres and rhythms from the intertwined sonic stream presented by the world? How do we organize these elements in time to create rhythms, melodies, phrases and pieces? How do perception and memory interact to allow us navigate a musical work? We will explore these questions by considering the cognitive and perceptual processes that shape our musical experience. Topics will include event distinction, temporal perception, hierarchical organization, perceptual grouping, expertise, memory and categorization . We will illustrate these ideas in musical contexts by listening to a variety of musical works . We will consider how psychological principles are applied to music technologies, such as compression algorithms, mixing methodologies and the field of music information retrieval . We will consider experiments that focus on some of these topics to further our understanding about how we experience music . Note: Students that received credit for MU 202X may not receive credit for MU 2501 . Students also may not receive credit for both MU 2501 and PSY 2501 . This course can count for either the HUA or the SSPS requirement, but it cannot double count for both the HUA and SSPS graduation requirements . Recommended background: Fundamentals of Music I and/or Fundamentals of Music II.",3.0,3.0,2021 - 2022 Academic Year,D
PSY 3000,PSY,Psychology,3000,Psychology And Law,"Cat. II How does the courtroom work and where does psychology come into play? Is it really “innocent until proven guilty”? Do people confess to crimes they never committed? How accurate are eyewitnesses? In this course, we will discuss and examine questions like these and many more. This course examines empirical research in the interface of psychology and law. We will learn about standard practices in the criminal justice system and empirical psychological research devoted to understanding these practices. As a discussion-based course, we will tackle topics such as: courtroom procedures, confessions, death penalty, deception, decision making, deliberations, eyewitnesses, expert testimony, jury selection, memory, police, and pretrial publicity. We will also explore how and when psychologists can impact legal guidelines and policies. Recommended background: Introduction to Psychological Science (PSY 1400), Social Psychology (PSY 1402) and/or Cognitive Psychology (PSY 1401). Courses in Government and Policy Studies will also be beneficial.",3.0,3.0,2021 - 2022 Academic Year,B
PSY 3500,PSY,Psychology,3500,Experimental Design And Analysis,"Cat. II In this course, students will learn about different processes used when designing experiments. In addition, they will learn about different analyses that can be used based on different experimental designs. Students will design and run a simple experiment in the course. In addition, students will analyze the data and present their findings. Topics covered in the course include experimental design, experimental methods, ethical issues related to human participants research, use of statistical analyses and programs to analyze data, and hypothesis testing. Recommended background: Familiarity with the fundamentals of psychological science and cognitive or social psychology (PSY 1400 and PSY 1401 or PSY 1402, or equivalent). Students may not receive credit for both SS2400 and PSY 3500. This course will be offered in 2015-16, and in alternating years thereafter.",3.0,3.0,2021 - 2022 Academic Year,A
PSY 4110,PSY,Psychology,4110,Psychophysiology,"Cat. II The field of Psychophysiology seeks to answer two key questions: (1) How do psychological factors – like our feelings, attitudes, relationships, behaviors, and social environments – get “under the skin” to affect our physiology? (2) How can we infer someone’s psychological state based on a physiological measurement? For instance, how do different stimuli affect our heart rate? And in turn, if someone’s heart is beating faster, might we infer that they are nervous or that they are excited? In this course, we will cover fundamental stress physiology (e.g., the nervous system, neuroendocrinology, the immunity system etc.), advanced methodologies for assessing psychophysiological constructs (e.g., electromyography, neuroimaging, biospecimens), and both foundational and emerging findings from the field. Ultimately, this course will teach students to make strong inferences about the links between the psychological experience and the body’s physiological reactivity and to understand the broader implications of these links. Recommended Background: PSY1402: Social Psychology and/or PSY2408: Health Psychology. Note: Students may not receive credit for both PSY2502 and PSY4110.",3.0,3.0,2021 - 2022 Academic Year,A
PSY 4800,PSY,Psychology,4800,Special Topics In Psychological Science,"This course covers three key types of constructs that significantly impact learning and performance in real-world settings, including but not limited to educational settings. Students will gain an understanding of the main theoretical frameworks, and major empirical results, that relate individuals’ meta-cognition (thinking about thinking), motivation, and affect (emotions) to real-world outcomes, both in educational settings and other areas of life. Students will learn how theories and findings in these domains can be concretely used to improve instruction and performance and complete final projects that require applying research in these areas to real-world problems. Students will do critical readings on research on this topic.",3.0,3.0,2021 - 2022 Academic Year,A
PSY 501,PSY,Psychology,501,Foundations Of The Learning Sciences,"This course covers readings that represent the foundation of the learning sciences, including: Foundations (Constructivism, Cognitive Apprenticeship, & Situated Learning); Approaches (Project-based Learning, Model-based reasoning, Cognitive Tutors); and Scaling up educational interventions. The goal of this course is for students to develop an understanding of the foundations and approaches to the Learning Sciences so that they can both critically read current literature, as well as build on it in their own research. (Prerequisites: None)",3.0,3.0,2021 - 2022 Academic Year,"C,D"
PSY 504,PSY,Psychology,504,"Meta-Cognition, Motivation, And Affect","This course covers three key types of constructs that significantly impact learning and performance in real-world settings, including but not limited to educational settings. Students will gain understanding of the main theoretical frameworks, and major empirical results, that relate individuals’ meta-cognition, motivation, and affect to real- world outcomes, both in educational settings and other areas of life. Students will learn how theories and findings in these domains can be concretely used to improve instruction and performance, and complete final projects that require applying research in these areas to real-world problems. Students will do critical readings on research on this topic. (Prerequisites: None)",3.0,3.0,2021 - 2022 Academic Year,"A,B"
PSY 507,PSY,Psychology,507,Applied Multi-Level Modeling,"The purpose of this course is to examine current issues in learning sciences and education and introduce students to the analysis of nested data structures (e.g., students within classrooms). Longitudinal or repeated measures data can also be thought of as clustered data with measurement occasions nested within subjects. This course will focus on understanding the hierarchical (generalized) linear models and their assumptions, as well as practical aspects of developing models to address research questions and interpreting the findings. This course emphasizes practical, hands-on development, analysis and interpretation of hierarchical linear models. Readings will be drawn from book chapters on multilevel modeling and journal articles that utilize national longitudinal data sets to answer questions about student learning. The lab portion of this course will provide students with opportunities to learn and apply hierarchical linear modeling, mediation, and moderation to longitudinal data using two computer programs (HLM and SPSS). Students who received credit for SS 590: Applied Multi-Level Modeling in 2018 or 2015 cannot also take PSY 507 for credit.",3.0,3.0,2021 - 2022 Academic Year,"C,D"
PY 1731,PY,Philosophy,1731,Introduction To Philosophy And Religion,"Cat. IThis course provides an overview of key concepts, methods and authors in both fields. These introduce the student to the types of reasoning required for the pursuit of in-depth analysis in each discipline.Emphasis on topics and authors varies with the particular instructor.",3.0,3.0,2021 - 2022 Academic Year,"A,B,C,D"
PY 2712,PY,Philosophy,2712,Social And Political Philosophy,"Cat. IIThis course examines metaphysical and moral questions that philosophers haveraised about social and political life. Among questions treated might be: Whatare the grounds, if any, of the obligation of a citizen to obey a sovereign? Arethere basic principles of justice by which societies, institutions and practices arerightly evaluated? What is democracy, and how can we tell if an institution orpractice is democratic? To what degree do economic institutions put limits onthe realization of freedom, democracy and self-determination? Readings mightinclude excerpts from the works of Plato, Hobbes, Locke, Rousseau and Marx,as well as numerous contemporary philosophers.Suggested background: familiarity with basic concepts in philosophy (as inPY/RE 1731).This course will be offered in 2019-20, and in alternating years thereafter.",3.0,3.0,2021 - 2022 Academic Year,C
PY 2713,PY,Philosophy,2713,Bioethics,"Cat. IIThe purpose of this course is to evaluate the social impact of technology in theareas of biology/biotechnology, biomedical engineering and chemistry. The focusof the course will be on the human values in these areas and how they areaffected by new technological developments. The course will deal with problemssuch as human experimentation, behavior control, death, genetic engineeringand counseling, abortion, and the allocation of scarce medical resources. Theseproblems will be examined through lectures, discussions and papers.Suggested background: knowledge of key terms and concepts as given inPY/RE 1731 and PY/RE 2731.This course will be offered in 2015-16, and in alternating years thereafter.",3.0,3.0,2021 - 2022 Academic Year,A
PY 2716,PY,Philosophy,2716,"Gender, Race, and Class","Cat. II This course examines the meanings of social categories such as gender, race, class, sexuality, ability, nationality, and species. What are the philosophical and religious foundations of the categorizations of beings operative in our contemporary cultures? How do attributions of same and different, normal and abnormal, rational and irrational, human and nonhuman shape social and political processes of inclusion and exclusion? Are social categories real, constructed, or both? This course focuses primarily on intersectional approaches to oppression and identity that see social categories such as gender, race, and class as mutually constitutive rather than separable. Course readings span a range of philosophical and religious traditions including Continental philosophy, analytic philosophy, Latina/o studies, feminist theory, queer theory, critical race theory, disability studies, and environmental studies. Students may not earn credit for both PY 2716 and RE 2716. This course will be offered in 2021-22, and in alternating years thereafter.",3.0,3.0,2021 - 2022 Academic Year,B
PY 2717,PY,Philosophy,2717,Philosophy And The Environment,Cat. IThis course will focus on the following questions:What is the scope of the current environmental crisis? What does this crisisreveal about the philosophical presuppositions and dominant values of ourintellectual worldviews and social institutions? How can existing social theorieshelp explain the environmental crisis? What implications does the crisis have forour sense of personal identity? What moral and spiritual resources can help usrespond to it?Readings will be taken from contemporary and historical philosophers andnaturalists.Suggested background: familiarity with basic concepts in philosophy (as inPY/RE 1731).,3.0,3.0,2021 - 2022 Academic Year,D
PY 2718,PY,Philosophy,2718,Existentialism And Phenomenology,"Cat. IThis course focuses on two important movements in nineteenth and twentiethcentury philosophy, existentialism and phenomenology. Readings might includeworks by Kierkegaard, Dostoyevsky, Nietzsche, Husserl, Heidegger, Beauvoir,Sartre, Merleau-Ponty, Levinas, and Fanon, as well as contemporary readings byfeminist, critical race, and queer theorists working within these traditions.Students will also encounter some of the great works of existentialist fiction andcinema. Themes that may be explored include the relationship between self andother, the tension between freedom and responsibility, the possibility of ethicsafter World War II, and the problem of ethical and political commitment in analienating world.Recommended Background: none",3.0,3.0,2021 - 2022 Academic Year,D
PY 2719,PY,Philosophy,2719,Philosophy Of Science,"Cat. I This course is an in-depth consideration of the meaning, value, and consequences of scientific inquiry. Questions explored may include: Does science yield truth? Are the results of scientific inquiry more a reflection of the workings of the human mind than of those of the external world? Do pivotal scientificconcepts like gene, electron, photon, species, and ecosystem point to entities that actually exist? Does the history of science, which includes many refutations of theories once believed to be true, raise questions about whether currently accepted theories should be trusted? By what methods does a scientific community validate knowledge claims and how are these processes affected by social, political, and economic contexts? Does a scientist have a responsibility to conduct morally conscientious research? How does the development of technology affect our spiritual and moral characters? In what ways is science similar to religion and in what ways is it different? The focus of this course may vary each time it is offered from an examination of science in general to an investigation of the foundations of specific branches of science such as physics, biology, environmental science, or social science. Recommended Background: PY/RE 1731, Introduction to Philosophy and Religion or PY/RE 2731, Introduction to Ethics.",3.0,3.0,2021 - 2022 Academic Year,A
PY 2731,PY,Philosophy,2731,Ethics,"Cat. I This course offers a general introduction to modern moral theory. What makes one action wrong, and another right? What are our moral duties towards others? Do moral values change over time, making beliefs about right and wrong simply ""relative,"" or are moral values objective, holding true for all people, everywhere, at all times? Should emotions play a role in ethical deliberation, or should we aspire to be purely rational when engaged in moral thought and action? Is it okay to cheat on an exam, so long as everybody else does it? Do we have a right to use animals in laboratory experiments? Is eating meat ethical? Is it wrong to share a racist or sexist joke? Should abortion be legal? Students will learn how to apply key moral concepts to real-world problems and situations after closely studying several moral theories, including utilitarianism, Kantianism, and feminist care ethics. Other topics covered include moral relativism, psychological hedonism, and ethical egoism.",3.0,3.0,2021 - 2022 Academic Year,B
PY 3711,PY,Philosophy,3711,Topics In Philosophy,"Cat. I This course is organized around an advanced or specialized topic in philosophy and provides preparation for HU 3900 Inquiry Seminars in philosophy and religion. Emphasis on topics and authors will vary with instructor, but will typically involve the study of: a particular philosopher (e.g., Plato, Marx, Dewey, Arendt); a particular philosophical tradition (e.g., Pragmatism, Analytic Philosophy, Buddhism, Feminism); a particular philosophical problem or topic (free will, globalization, consciousness, social movement, justice); or a particular philosophical classic (Aristotle’s Ethics, Hobbes’s The Leviathan, Beauvoir’s The Second Sex). The topical theme of the course will be provided as a modified course title in the course description posted online. Recommended Background: None.",3.0,3.0,2021 - 2022 Academic Year,"B,C,D"
PY 3721,PY,Philosophy,3721,Topics In Religion,"Cat. IThis course is organized around an advanced or specialized topic in religion and provides preparation for HU 3900 Inquiry Seminars in philosophy and religion. The focus will vary, but the material will be drawn from a particular religious thinker, a particular religious tradition or a particular historical or contemporary problem. The topical theme of the class will be provided as a modified course title in the course description posted online.Recommended background: none",3.0,3.0,2021 - 2022 Academic Year,D
RBE 1001,RBE,Robotics Engineering,1001,Introduction To Robotics,"Cat. I Multidisciplinary introduction to robotics, involving concepts from the fields of electrical engineering, mechanical engineering and computer science. Topics covered include sensor performance and integration, electric and pneumatic actuators, power transmission, materials and static force analysis, controls and programmable embedded computer systems, system integration and robotic applications. Laboratory sessions consist of hands-on exercises and team projects where students design and build mobile robots. Undergraduate credit may not be earned for both this course and for ES 2201. Recommended background: mechanics (PH 1110/ PH 1111).",3.0,3.0,2021 - 2022 Academic Year,"A,B,C,D"
RBE 2001,RBE,Robotics Engineering,2001,Unified Robotics I,"Cat. I First of a four-course sequence introducing foundational theory and practice of robotics engineering from the fields of computer science, electrical engineering and mechanical engineering. The focus of this course is the effective conversion of electrical power to mechanical power, and power transmission for purposes of locomotion, and of payload manipulation and delivery. Concepts of energy, power and kinematics will be applied. Concepts from statics such as force, moments and friction will be applied to determine power system requirements and structural requirements. Simple dynamics relating to inertia and the equations of motion of rigid bodies will be considered. Power control and modulation methods will be introduced through software control of existing embedded processors and power electronics. The necessary programming concepts and interaction with simulators and Integrated Development Environments will be introduced. Laboratory sessions consist of hands-on exercises and team projects where students design and build robots and related sub-systems. Recommended background: ES 2201/RBE 1001, ES 2501 (can be taken concurrently), ECE 2029 and PH 1120 or PH 1121.",3.0,3.0,2021 - 2022 Academic Year,"A,C"
RBE 2002,RBE,Robotics Engineering,2002,Unified Robotics II,"Cat. I Second of a four-course sequence introducing foundational theory and practice of robotics engineering from the fields of computer science, electrical engineering and mechanical engineering. The focus of this course is interaction with the environment through sensors, feedback and decision processes. Concepts of stress and strain as related to sensing of force, and principles of operation and interface methods for electronic transducers of strain, light, proximity and angle will be presented. Basic feedback mechanisms for mechanical systems will be implemented via electronic circuits and software mechanisms. The necessary software concepts will be introduced for modular design and implementation of decision algorithms and finite state machines. Laboratory sessions consist of hands-on exercises and team projects where students design and build robots and related sub-systems. Recommended background: RBE 2001, CS 1101 or CS 1102",3.0,3.0,2021 - 2022 Academic Year,"B,D"
RBE 3001,RBE,Robotics Engineering,3001,Unified Robotics III,"Cat. I Third of a four-course sequence introducing foundational theory and practice of robotics engineering from the fields of computer science, electrical engineering and mechanical engineering. The focus of this course is actuator design, embedded computing and complex response processes. Concepts of dynamic response as relates to vibration and motion planning will be presented. The principles of operation and interface methods various actuators will be discussed, including pneumatic, magnetic, piezoelectric, linear, stepper, etc. Complex feedback mechanisms will be implemented using software executing in an embedded system. The necessary concepts for real-time processor programming, re-entrant code and interrupt signaling will be introduced. Laboratory sessions will culminate in the construction of a multi-module robotic system that exemplifies methods introduced during this course. Recommended background: RBE 2002, ECE 2049, CS 2102, MA 2051, and MA 2071.",3.0,3.0,2021 - 2022 Academic Year,"A,C"
RBE 3002,RBE,Robotics Engineering,3002,Unified Robotics IV,"Cat. I Fourth of a four-course sequence introducing foundational theory and practice of robotics engineering from the fields of computer science, electrical engineering and mechanical engineering. The focus of this course is navigation, position estimation and communications. Concepts of dead reckoning, landmark updates, inertial sensors, and radio location will be explored. Control systems as applied to navigation will be presented. Communication, remote control and remote sensing for mobile robots and tele-robotic systems will be introduced. Wireless communications including wireless networks and typical local and wide area networking protocols will be discussed. Considerations will be discussed regarding operation in difficult environments such as underwater, aerospace, hazardous, etc. Laboratory sessions will be directed towards the solution of an open-ended problem over the course of the entire term. Recommended background: RBE 3001, ES 3011, MA 2621, or MA 2631.",3.0,3.0,2021 - 2022 Academic Year,"B,D"
RBE 3100,RBE,Robotics Engineering,3100,Social Implications Of Robotics,"Cat.I This course introduces students to the social, moral, ethical, legal, and current or future philosophical issues within the context of robotic systems and related emerging technology. Students will be expected to contribute to classroom presentations, discussions and debates, and to complete a number of significant writing assignments. This course is recommended for juniors and seniors. Recommended background: A general knowledge of robots and robotic systems. Students may not receive credit for both RBE 3100 and RBE 310X.",3.0,3.0,2021 - 2022 Academic Year,"A,C"
RBE 4322,RBE,Robotics Engineering,4322,Modeling And Analysis Of Mechatronic Systems.,"Cat. I This course introduces students to the modeling and analysis of mechatronic systems. Creation of dynamic models and analysis of model response using the bond graph modeling language are emphasized. Lecture topics include energy storage and dissipation elements, transducers, transformers, formulation of equations for dynamic systems, time response of linear systems, and system control through open and closed feedback loops. Computers are used extensively for system modeling, analysis, and control. Hands-on projects will include the reverse engineering and modeling of various physical systems. Physical models may sometimes also be built and tested. Recommended background: mathematics (MA 2051, MA 2071), fluids (ES 3004), thermodynamics (ES 3001), mechanics (ES 2501, ES 2503).",3.0,3.0,2021 - 2022 Academic Year,"A,C"
RBE 450X,RBE,Robotics Engineering,450X,Vision-based Robotic Manipulation,"This course focuses on the role of visual sensing in robotic manipulation. It covers fundamental manipulation concepts such as grasp matrix, grasp taxonomies and grasp stability metrics. Various grasp planning strategies in the literature are studied. 2D and 3D Vision-based control algorithms are covered. Point cloud processing techniques that allow object detection, segmentation and feature extraction are studied and utilized. Integrating all these aspects, the whole vision-based robotic manipulation pipeline is designed. Recommended background: Basic robotics knowledge including robot kinematics, wrench spaces, rigid body transformations (RBE 3001). Familiarity to robotic simulation software knowledge (RBE 3002).",3.0,3.0,2021 - 2022 Academic Year,A
RBE 460X,RBE,Robotics Engineering,460X,Human Factors and Human-Robot Interface,"This is an introductory course on human-robot interaction, offered to junior and senior undergraduate students. It will introduce (1) the behavior and preference of human motor control and motor learning, and (2) how they influence the design of human-robot interface and the dynamics of human-robot interaction. Students will also learn how to conduct human movement studies and social science studies for the design and evaluation of human-robot interfaces. Students in this course will work on interdisciplinary projects, which may involve working with experts in robotics, social science, nursing, and education. Recommended background : Junior or Senior standing with a background in Robotics Engineering, Biomechanical Engineering, Mechanical Engineering, or Social Science.",3.0,3.0,2021 - 2022 Academic Year,C
RBE 4815,RBE,Robotics Engineering,4815,Industrial Robotics,"Cat. I This course introduces students to robotics within manufacturing systems. Topics include: classification of robots, robot kinematics, motion generation and transmission, end effectors, motion accuracy, sensors, robot control and automation. This course is a combination of lecture, laboratory and project work, and utilizes industrial robots. Through the laboratory work, students will become familiar with robotic programming (using a robotic programming language VAL II) and the robotic teaching mode. The experimental component of the laboratory exercise measures the motion and positioning capabilities of robots as a function of several robotic variables and levels, and it includes the use of experimental design techniques and analysis of variance. Recommended background: manufacturing (ME 1800), kinematics (ME 3310), control (ES 3011), and computer programming.",3.0,3.0,2021 - 2022 Academic Year,"B,D"
RBE 500,RBE,Robotics Engineering,500,Foundations Of Robotics,"Fundamentals of robotics engineering. Topics include forward and inverse kinematics, velocity kinematics, introduction to dynamics and control theory, sensors, actuators, basic probabilistic robotics concepts, fundamentals of computer vision, and robot ethics. In addition, modular robot programming will be covered, and the concepts learned will be applied using realistic simulators. (Prerequisites: Differential Equations (MA 2051 or equivalent), Linear Algebra (MA 2071 or equivalent) and the ability to program in a high-level language.)",3.0,3.0,2021 - 2022 Academic Year,"A,B,C,D"
RBE 501,RBE,Robotics Engineering,501,Robot Dynamics,"Foundations and principles of robotic manipulation. Topics include computational models of objects and motion, the mechanics of robotic manipulators, the structure of manipulator control systems, planning and programming of robot actions. The focus of this class is on the kinematics and programming of robotic mechanisms. Important topics also include the dynamics, control, sensor and effector design, and automatic planning methods for robots. The fundamental techniques apply to arms, mobile robots, active sensor platforms, and all other computer-controlled kinematic linkages. The primary applications include robotic arms and mobile robots and lab projects would involve programming of representative robots. An end of term team project would allow students to program robots to participate in challenges or competitions. (Prerequisite: RBE 500 or equivalent.)",3.0,3.0,2021 - 2022 Academic Year,"A,B,C,D"
RBE 502,RBE,Robotics Engineering,502,Robot Control,"This course demonstrates the synergy between the control theory and robotics through applications and provides an in-depth coverage of control of manipulators and mobile robots. Topics may include kinematic and dynamic models, trajectory and motion planning, feedback control, compliance and force control, impedance control, control of redundant manipulators, control of underactuated robots, adaptive robot control, integrated force and motion control, digital implementation of control laws, model identification and parameter estimation techniques. Course projects will emphasize modeling, simulation and practical implementation of control systems for robotic applications. (Prerequisites: Linear algebra; Differential equations; Linear systems and control theory as in ECE 504 or consent of the instructor.)",3.0,3.0,2021 - 2022 Academic Year,"A,B,C,D"
RBE 520,RBE,Robotics Engineering,520,Biomechanics And Robotics,"This course introduces Biomechanics and Robotics as a unified subject addressing living and man-made ""organisms"". It draws deep connections between the natural and the synthetic, showing how the same principles apply to both, starting from sensing, through control, to actuation. Those principles are illustrated in several domains, including locomotion, prosthetics, and medicine. The following topics are addressed: Biological and Artificial sensors, actuators and control, Orthotics Biomechanics and Robotics, Prosthetic Biomechanics and Robotics: Artificial Organs and Limbs, Rehabilitation Robotics and Biomechanics: Therapy, Assistance and Clinical Evaluation, Human-Robot Interaction and Robot Aided Living for Healthier Tomorrow, Sports, Exercise and Games: Biomechanics and Robotics, Robot-aided Surgery, Biologically Inspired Robotics and Micro- (bio)robotics, New Technologies and Methodologies in Medical Robotics and Biomechanics, Neural Control of Movement and Robotics Applications, Applied Musculoskeletal Models and Human Movement Analysis. This course meshes physics, biology, medicine and engineering and introduce students to subject that holds a promise to be one of the most influential innovative research directions defining the 21st century. Recommended background: foundation of physics, linear algebra and differential equations; basic programming skills e.g. using MATLAB, undergraduate level biomechanics, robotics.",3.0,3.0,2021 - 2022 Academic Year,"C,D"
RBE 526,RBE,Robotics Engineering,526,Human-Robot Interaction,"This course focuses on human-robot interaction and social robot learning, exploring the leading research, design principles and technical challenges we face in developing robots capable of operating in real-world human environments. The course will cover a range of multidisciplinary topics, including physical embodiment, mixed-initiative interaction, multi-modal interfaces, human-robot teamwork, learning algorithms, aspects of social cognition, and long-term interaction. These topics will be pursued through independent reading, class discussion, and a final project. (Prerequisites: Mature programming skills and at least undergraduate level knowledge of Artificial Intelligence, such as CS 4341. No hardware experience is required.)",3.0,3.0,2021 - 2022 Academic Year,"A,B"
RBE 530,RBE,Robotics Engineering,530,Soft Robotics,"Soft robotics studies “intelligent” machines and devices that incorporate some form of compliance in their mechanics. Elasticity is not a byproduct but an integral part of these systems, responsible for inherent safety, adaptation and part of the computation in this class of robots. This course will cover a number of major topics of soft robotics including but not limited to design and fabrication of soft systems, elastic actuation, embedded intelligence, soft robotic modeling and control, and fluidic power. Students will implement new design and fabrication methodologies of soft robots, read recent literature in the field, and complete a project to supplement the course material. Existing soft robotic platforms will be available for experimental work. Prerequisites: Differential equations, linear algebra, stress analysis, kinematics, embedded programming.",2.0,2.0,2021 - 2022 Academic Year,D
RBE 533,RBE,Robotics Engineering,533,Smart Materials & Actuation,"This hands on course covers smart materials and actuation, with an emphasis on electroactive polymer (EAP) based materials and actuators, such as contractile EAPs, dielectric elastomers (DEAs), and ion-polymer metal composites (IPMCs). Piezoelectric materials and shape memory alloys (SMAs) are included in the course, as well as pneumatic actuation. Because smart materials and electroactivity are relatively new fields, the course involves literature reviews. Each team project will involve two different types of smart materials, where at least one smart material is electroactive. For the team projects, the class will be organized into groups, ensuring that each group had a mixture of different disciplines to promote lively discussion. Two papers will be required, one as a literature review and one about aspects of the team project. Much of the theory and applied research is yet to be done with smart materials, so this is a very creative course that implements design into the projects, which can include biomimicry.",3.0,3.0,2021 - 2022 Academic Year,"A,B"
RBE 549,RBE,Robotics Engineering,549,Computer Vision,"This course examines current issues in the computer implementation of visual perception. Topics include image formation, edge detection, segmentation, shape-from-shading, motion, stereo, texture analysis, pattern classification and object recognition. We will discuss various representations for visual information, including sketches and intrinsic images. (Prerequisites: CS 534, CS 543, CS 545, or the equivalent of one of these courses.)",3.0,3.0,2021 - 2022 Academic Year,"A,B"
RBE 550,RBE,Robotics Engineering,550,Motion Planning,"Motion planning is the study of algorithms that reason about the movement of physical or virtual entities. These algorithms can be used to generate sequences of motions for many kinds of robots, robot teams, animated characters, and even molecules. This course will cover the major topics of motion planning including (but not limited to) planning for manipulation with robot arms and hands, mobile robot path planning with non-holonomic constraints, multi-robot path planning, high-dimensional sampling-based planning, and planning on constraint manifolds. Students will implement motion planning algorithms in open-source frameworks, read recent literature in the field, and complete a project that draws on the course material. The PR2 robot will be available as a platform for class projects. Physical robot platforms will be available for class projects. Prerequisites: Undergraduate Linear Algebra, experience with 3D geometry, and significant programming experience.",3.0,3.0,2021 - 2022 Academic Year,"A,B,C,D"
RBE 580,RBE,Robotics Engineering,580,Biomedical Robotics,"This course will provide an overview of a multitude of biomedical applications of robotics. Applications covered include: image-guided surgery, percutaneous therapy, localization, robot-assisted surgery, simulation and augmented reality, laboratory and operating room automation, robotic rehabilitation, and socially assistive robots. Specific subject matter includes: medical imaging, coordinate systems and representations in 3D space, robot kinematics and control, validation, haptics, teleoperation, registration, calibration, image processing, tracking, and human-robot interaction. Topics will be discussed in lecture format followed by interactive discussion of related literature. The course will culminate in a team project covering one or more of the primary course focus areas. Recommended background: Linear algebra, ME/ RBE 501 or equivalent. Students cannot receive credit for this course if they have taken the Special Topics (ME 593U) version of the same course.",2.0,2.0,2021 - 2022 Academic Year,D
RBE 594,RBE,Robotics Engineering,594,Capstone Project Experience In Robotics Engineering,"This project-based course integrates robotics engineering theory and practice, and provides the opportunity to apply the skills and knowledge acquired in the Robotics Engineering curriculum. The project is normally conducted in teams of two to four students. Students are encouraged to select projects with practical significance to their current and future professional responsibilities. The projects are administered, advised, and evaluated by WPI faculty as part of the learning experience, but students are also encouraged to seek mentorship from experienced colleagues in the Robotics Engineering profession. The project will include substantial analysis and/or design and conclude with a written report and a public presentation. (Prerequisites: Since the Capstone Project will draw on knowledge obtained throughout the degree program, it is expected that students will have completed most or all of the coursework within their plan of study before undertaking the capstone project.)",3.0,3.0,2021 - 2022 Academic Year,"C,D"
RBE 595,RBE,Robotics Engineering,595,Special Topics,"Arranged by individual faculty with special expertise, these courses survey fundamentals in areas that are not covered by the regular Robotics Engineering course offerings. Exact course descriptions are disseminated by the Robotics Engineering Program well in advance of the offering. (Prerequisite: Consent of instructor.)",2.0,2.0,2021 - 2022 Academic Year,"A,B,C,D"
RBE 596,RBE,Robotics Engineering,596,Robotics Engineering Practicum,"This practicum provides an opportunity to put into practice the principles studied in previous courses. It will generally be conducted off campus and will involve real-world robotics engineering. Overall conduct of the practicum will be supervised by a WPI RBE faculty member; an on-site liaison will direct day-to-day activity. For a student from industry, an internship may be sponsored by his or her employer. The project must include substantial analysis and/or design related to Robotics Engineering and will conclude with a substantial written report. A public oral presentation must also be made, to both the host organization and a committee consisting of the supervising faculty member, the on-site liaison and one additional WPI faculty member. This committee will verify successful completion of the internship. (Prerequisite: Consent of practicum faculty advisor.",3.0,3.0,2021 - 2022 Academic Year,"C,D"
RE 1731,RE,Religion,1731,Introduction To Philosophy And Religion,"Cat. IThis course provides an overview of key concepts, methods and authors in both fields. These introduce the student to the types of reasoning required for the pursuit of in-depth analysis in each discipline.Emphasis on topics and authors varies with the particular instructor.",3.0,3.0,2021 - 2022 Academic Year,"A,B,C,D"
RE 2716,RE,Religion,2716,"Gender, Race, and Class","Cat. II This course examines the meanings of social categories such as gender, race, class, sexuality, ability, nationality, and species. What are the philosophical and religious foundations of the categorizations of beings operative in our contemporary cultures? How do attributions of same and different, normal and abnormal, rational and irrational, human and nonhuman shape social and political processes of inclusion and exclusion? Are social categories real, constructed, or both? This course focuses primarily on intersectional approaches to oppression and identity that see social categories such as gender, race, and class as mutually constitutive rather than separable. Course readings span a range of philosophical and religious traditions including Continental philosophy, analytic philosophy, Latina/o studies, feminist theory, queer theory, critical race theory, disability studies, and environmental studies. Students may not earn credit for both PY 2716 and RE 2716. This course will be offered in 2021-22, and in alternating years thereafter.",3.0,3.0,2021 - 2022 Academic Year,B
RE 2721,RE,Religion,2721,Religion And Culture,"Cat. I The purpose of this course is to examine how the two institutions of religion and culture interact and mutually influence one another. To do this a variety of definitions of religion and culture will be presented as well as an analysis of how religion interacts with such cultural phenomena as economics, politics, the state, war and the basic problem of social change. The purpose of this is to obtain a variety of perspectives on both religion and culture so that one can begin to articulate more clearly the different influences that occur in the development of one's own personal history and the culture in which one lives. Suggested background: knowledge of key terms and concepts as given in PY/RE 1731.",3.0,3.0,2021 - 2022 Academic Year,"A,B"
RE 2722,RE,Religion,2722,Modern Problems Of Belief,"Cat. IIThis course examines the ways in which religious problems of meaning have been encountered in the context of the eclipse of religion in Western culture from the Enlightenment to the present. The class emphasizes challenges presented to traditional belief systems by modern thought in areas such as the sciences, psychology, textual criticism, and historical events, as well as some religious responses to those challenges. How do religions respond to the limits of human intellectual capacity, limits of human endurance, and limits of moral comprehension?",3.0,3.0,2021 - 2022 Academic Year,C
RE 2731,RE,Religion,2731,Ethics,"Cat. I This course offers a general introduction to modern moral theory. What makes one action wrong, and another right? What are our moral duties towards others? Do moral values change over time, making beliefs about right and wrong simply ""relative,"" or are moral values objective, holding true for all people, everywhere, at all times? Should emotions play a role in ethical deliberation, or should we aspire to be purely rational when engaged in moral thought and action? Is it okay to cheat on an exam, so long as everybody else does it? Do we have a right to use animals in laboratory experiments? Is eating meat ethical? Is it wrong to share a racist or sexist joke? Should abortion be legal? Students will learn how to apply key moral concepts to real-world problems and situations after closely studying several moral theories, including utilitarianism, Kantianism, and feminist care ethics. Other topics covered include moral relativism, psychological hedonism, and ethical egoism.",3.0,3.0,2021 - 2022 Academic Year,B
RE 3711,RE,Religion,3711,Topics In Philosophy,"Cat. I This course is organized around an advanced or specialized topic in philosophy and provides preparation for HU 3900 Inquiry Seminars in philosophy and religion. Emphasis on topics and authors will vary with instructor, but will typically involve the study of: a particular philosopher (e.g., Plato, Marx, Dewey, Arendt); a particular philosophical tradition (e.g., Pragmatism, Analytic Philosophy, Buddhism, Feminism); a particular philosophical problem or topic (free will, globalization, consciousness, social movement, justice); or a particular philosophical classic (Aristotle’s Ethics, Hobbes’s The Leviathan, Beauvoir’s The Second Sex). The topical theme of the course will be provided as a modified course title in the course description posted online. Recommended Background: None.",3.0,3.0,2021 - 2022 Academic Year,"B,D"
RE 3721,RE,Religion,3721,Topics In Religion,"Cat. IThis course is organized around an advanced or specialized topic in religion and provides preparation for HU 3900 Inquiry Seminars in philosophy and religion. The focus will vary, but the material will be drawn from a particular religious thinker, a particular religious tradition or a particular historical or contemporary problem. The topical theme of the class will be provided as a modified course title in the course description posted online.Recommended background: none",3.0,3.0,2021 - 2022 Academic Year,D
SD 1510,SD,System Dynamics,1510,Introduction To System Dynamics Modeling,"Cat. I The goal of this course is to provide students with an introduction to the field of system dynamics computer simulation modeling. The course begins with the history of system dynamics and the study of why policy makers can benefit from its use. Next, students systematically examine the various types of dynamic behavior that socioeconomic systems exhibit and learn to identify and model the underlying nonlinear stock-flow-feedback loop structures that cause them. The course concludes with an examination of a set of well-known system dynamics models that have been created to address a variety of socioeconomic problems. Emphasis is placed on how the system dynamics modeling process is used to test proposed policy changes and how the implementation of model-based results can improve the behavior of socioeconomic systems.",3.0,3.0,2021 - 2022 Academic Year,A
SD 550,SD,System Dynamics,550,System Dynamics Foundation: Managing Complexity,"Why do some businesses grow while others stagnate or decline? What causes oscillation and amplification – the so called “bullwhip” – in supply chains? Why do large scale projects so commonly over overrun their budgets and schedules? This course explores the counter- intuitive dynamics of complex organizations and how managers can make the difference between success and failure. Students learn how even small changes in organizational structure can produce dramatic changes in organizational behavior . Real cases and computer simulation modeling combine for an in-depth examination of the feedback concept in complex systems. Topics include: supply chain dynamics, project dynamics, commodity cycles, new product diffusion, and business growth and decline. The emphasis throughout is on the unifying concepts of system dynamics.",3.0,3.0,2021 - 2022 Academic Year,"A,B,C,D"
SEME 501,SEME,STEM for Educators,501,Foundations Of The Learning Sciences,"This course covers readings that represent the foundation of the learning sciences, including: Foundations (Constructivism, Cognitive Apprenticeship, & Situated Learning); Approaches (Project-based Learning, Model-based reasoning, Cognitive Tutors); and Scaling up educational interventions. The goal of this course is for students to develop an understanding of the foundations and approaches to the Learning Sciences so that they can both critically read current literature, as well as build on it in their own research. (Prerequisites: None)",3.0,3.0,2021 - 2022 Academic Year,"C,D"
SEME 504,SEME,STEM for Educators,504,"Meta-Cognition, Motivation, And Affect","This course covers three key types of constructs that significantly impact learning and performance in real-world settings, including but not limited to educational settings. Students will gain understanding of the main theoretical frameworks, and major empirical results, that relate individuals’ meta-cognition, motivation, and affect to real- world outcomes, both in educational settings and other areas of life. Students will learn how theories and findings in these domains can be concretely used to improve instruction and performance, and complete final projects that require applying research in these areas to real-world problems. Students will do critical readings on research on this topic. (Prerequisites: None)",3.0,3.0,2021 - 2022 Academic Year,"A,B"
SEME 524,SEME,STEM for Educators,524,"Probability, Statistics And Data Analysis I","This course introduces students to probability, the mathematical description of random phenomena, and statistics, the science of data. Students in this course will acquire the following knowledge and skills: Probability models-mathematical models used to describe and predict random phenomena. Students will learn several basic probability models and their uses, and will obtain experience in modeling random phenomena. Data analysis-the art/science of finding patterns in data and using those patterns to explain the process which produced the data . Students will be able to explore and draw conclusions about data using computational and graphical methods. The iterative nature of statistical exploration will be emphasized. Statistical inference and modeling-the use of data sampled from a process and the probability model of that process to draw conclusions about the process. Students will attain proficiency in selecting, fitting and criticizing models, and in drawing inference from data. Design of experiments and sampling studies – the proper way to design experiments and sampling studies so that statistically valid inferences can be drawn. Special attention will be given to the role of experiments and sampling studies in scientific investigation. Through lab and project work, students will obtain practical skills in designing and analyzing studies and experiments. Course topics will be motivated whenever possible by applications and reinforced by experimental and computer lab experiences. One in-depth project per semester involving design, data collection, and statistical or probabilistic analysis will serve to integrate and consolidate student skills and understanding. Students will be expected to learn and use a statistical computer package such as MINITAB.",2.0,2.0,2021 - 2022 Academic Year,"A,B"
SEME 525,SEME,STEM for Educators,525,"Probability, Statistics And Data Analysis II","This course introduces students to probability, the mathematical description of random phenomena, and statistics, the science of data. Students in this course will acquire the following knowledge and skills: Probability models-mathematical models used to describe and predict random phenomena. Students will learn several basic probability models and their uses, and will obtain experience in modeling random phenomena. Data analysis-the art/science of finding patterns in data and using those patterns to explain the process which produced the data . Students will be able to explore and draw conclusions about data using computational and graphical methods. The iterative nature of statistical exploration will be emphasized. Statistical inference and modeling-the use of data sampled from a process and the probability model of that process to draw conclusions about the process. Students will attain proficiency in selecting, fitting and criticizing models, and in drawing inference from data. Design of experiments and sampling studies – the proper way to design experiments and sampling studies so that statistically valid inferences can be drawn. Special attention will be given to the role of experiments and sampling studies in scientific investigation. Through lab and project work, students will obtain practical skills in designing and analyzing studies and experiments. Course topics will be motivated whenever possible by applications and reinforced by experimental and computer lab experiences. One in-depth project per semester involving design, data collection, and statistical or probabilistic analysis will serve to integrate and consolidate student skills and understanding. Students will be expected to learn and use a statistical computer package such as MINITAB.",2.0,2.0,2021 - 2022 Academic Year,"C,D"
SEME 567,SEME,STEM for Educators,567,Empirical Methods For Human-Centered Computing,"This course introduces students to techniques for performing rigorous empirical research in computer Science. Since good empirical work depends on asking good research questions, this course will emphasize creating conceptual frameworks and using them to drive research. In addition to helping students understand what makes a good researchquestion and why, some elementary statistics will be covered. Furthermore, students will use and implement computationally intensive techniques such as randomization, bootstrapping, and permutation tests. The course also covers experiments involving human subjects, and some of the statistical and non-statistical difficulties researchersoften encounter while performing such work (e.g., IRB (Institutional Review Board), correlated trials, and small sample sizes). While this course is designed for students in Human Computer Interaction, Interactive Media and Game Development, and Learning Sciences and Technologies, it is appropriate for any student with programming experience who is doing empirical research. (Prerequisites: MA 511 Applied Statistics for Engineers and Scientists or permission of the instructor.)",3.0,3.0,2021 - 2022 Academic Year,"C,D"
SEME 568,SEME,STEM for Educators,568,Artificial Intelligence For Adaptive Educational Technology,"Students will learn how to enable educational technology to adapt to the user and about typical architectures used by existing intelligent tutoring systems for adapting to users. Students will see applications of decision theoretic systems, reinforcement learning, Markov models for action selection, and Artificial Intelligence (AI) planning. Students will read papers that apply AI techniques for the purpose of adapting to users. Students will complete a project that applies these techniques to build an adaptive educational system. (Prerequisites: CS 534 Artificial Intelligence or permission of the instructor.)",3.0,3.0,2021 - 2022 Academic Year,"A,B"
SOC 1202,SOC,Sociology,1202,Introduction To Sociology And Cultural Diversity,"Cat. I This course encourages students to explore how a sociological toolkit may be used to examine the impetus for social and historical changes and the effect such changes have on how individuals live, work, and find their place in this world. It operates from the premise that individual lives are not just personal but social— as humans we are shaped by the societies in which we live and the social forces at work within them. Major theoretical perspectives and concepts will be discussed over the course of the semester with primary emphasis on the roles that culture, dimensions of inequality and social change play in shaping individual lives. Students will also explore the influence that social institutions such as the family, religion, education, healthcare, government, economy, and environment have on how humans function within society .",3.0,3.0,2021 - 2022 Academic Year,B
SP 1523,SP,Spanish,1523,Elementary Spanish I,"Cat. IA very intensive course that will introduce the student to the basic grammar ofSpanish, emphasizing the four language skills: listening, speaking, reading andwriting. It will also introduce the student to different aspects of Hispaniccultures in the U.S. and in Spanish-speaking countries. Students who have takenSpanish in high school are urged to take a placement exam before enrolling ineither level of Elementary Spanish.To enroll in this course, you must obtain written permission from one of theSpanish professors. This course is reserved for those students with only one year of highschool Spanish or with no previous experience. This course is closed to native speakersof Spanish and heritage speakers except with written permission from the instructor.",3.0,3.0,2021 - 2022 Academic Year,C
SP 1524,SP,Spanish,1524,Elementary Spanish II,Cat. IA continuation of Elementary Spanish I.Recommended background: SP 1523.This course is closed to native speakers of Spanish and heritage speakers except withwritten permission from the instructor.,3.0,3.0,2021 - 2022 Academic Year,D
SP 2521,SP,Spanish,2521,Intermediate Spanish I,"Cat. I A course designed to allow students to improve their written and oral skills, expand their vocabulary and review some important grammatical structures. Students will also read short stories and poems by some of the most representa- tive Spanish American and Spanish authors, such as Horacio Quiroga, Jorge Luis Borges, Gabriela Mistral and Ana María Matute . Recommended background: Elementary Spanish II . This course is closed to native speakers of Spanish and heritage speakers except with written permission from the instructor.",3.0,3.0,2021 - 2022 Academic Year,A
SP 2522,SP,Spanish,2522,Intermediate Spanish II,Cat. I A continuation of Intermediate Spanish I. Recommended background: SP 2521. This course is closed to native speakers of Spanish and heritage speakers except with written permission from the instructor.,3.0,3.0,2021 - 2022 Academic Year,B
SP 3521,SP,Spanish,3521,Advanced Spanish I,Cat. I A course that continues to improve students' language skills while deepening their understanding of Hispanic cultures. Some of the topics studied are: the origins of Hispanic cultures in Spain and Spanish America; family; men and women in Hispanic societies; education; religion.Recommended background: Intermediate Spanish II. This course is closed to native speakers of Spanish except with written permission from the instructor.,3.0,3.0,2021 - 2022 Academic Year,C
SP 3522,SP,Spanish,3522,Advanced Spanish II,Cat. IA continuation of Advanced Spanish I. Recommended background: SP 3521.This course satisfies the Inquiry Practicum requirement.This course is closed to native speakers of Spanish except with written permission from the instructor.,3.0,3.0,2021 - 2022 Academic Year,D
SP 3524,SP,Spanish,3524,Spanish-American Literature In The Twentieth Century,"Cat. II This course, taught in the Spanish language, focuses on the major literary movements in Spanish America, from the “Modernista” movement at the turn of the century to the Latin American “Boom” of the 1960s to the political literature of the ‘70s and ‘80s. The work of representative authors, such as Rubén Dario, Julio Cortázar, Rosario Castellanos, Elena Poniatowska, will be discussed. Recommended background: SP 3521 (Advanced Spanish I) and SP 3522 (Advanced Spanish II) or equivalent. T his course will be offered in 2021-22, and in alternating years thereafter . This course satisfies the Inquiry Practicum requirement.",3.0,3.0,2021 - 2022 Academic Year,B
SP 3525,SP,Spanish,3525,Spanish American Film/Media: Cultural Issues,"Cat. II Through Latin American and Caribbean films, and other media sources, this course studies images, topics, and cultural and historical issues related to modern Latin American and the Caribbean. Within the context and influence of the New Latin American Cinema and/or within the context of the World Wide Web, radio, newspapers, and television the course teaches students to recognize cinematographic or media strategies of persuasion and to understand the images and symbols utilized in the development of a national/regional identity. Among the topics to be studied are: immigration, gender issues, national identity, political issues, and cultural hegemonies. Taught in advanced level Spanish. May be used toward foreign language Minor, or Major. Recommended Background: SP 2521 and SP 2522, and SP 3523. This course will be offered in 2021-22, and in alternating years thereafter.",3.0,3.0,2021 - 2022 Academic Year,A
SP 3527,SP,Spanish,3527,Technical And Business Spanish,"Cat. II The course focuses on the linguistic concepts, terminology, and grammar involved in business and technical Spanish. Students will be required to produce and edit business documents such as letters, job applications, formal oral and written reports, etc. The objective of this course is to help students develop the basic written and oral communication skills to function in a business environment in Latin America and the Caribbean. Recommended background: SP 2521 and SP 2522. This course will be offered in 2015-16, and in alternating years thereafter. This course satisfies the Inquiry Practicum requirement.",3.0,3.0,2021 - 2022 Academic Year,C
SP 3528,SP,Spanish,3528,Spanish Culture And Civilization,"Cat. II T his course is an introduction to various aspects of life in Spain, from early times to the present. The main focus is on Spain’s social, political, and cultural development and its experience of diversity within its European context. Typical topics for study include: The Reconquista and the Arab influence in Spanish culture, the Spanish monarchy, its evolution into a democracy, the development of modern politics, the importance of the Spanish Civil war, and the influence of writers (such as Federico García Lorca), painters (such as Pablo Picasso), and art in general in modern Spanish culture. This course is taught in Spanish. Recommended background: SP3521 (Advanced Spanish I) and SP 3522 (Advanced Spanish II) or equivalent. This course will be offered in 2021-20, and in alternating years thereafter . This course satisfies the Inquiry Practicum requirement.",3.0,3.0,2021 - 2022 Academic Year,A
SP 3529,SP,Spanish,3529,Caribbeanness: Voices Of The Spanish Caribbean,"Cat. II A survey of Caribbean literature and arts that takes a multimedia approach to examining the different voices that resonate from the Spanish Caribbean and what appears to be a constant search for identity. By studying the works of major authors, films, music and the plastic arts, we will examine the socio-cultural context and traditions of this region in constant search for self-definition. Special attention will be given to the influential role ethnicity, colonialism, gender and socio-economic development play in the interpretation of works from Puerto Rico, Cuba, the Dominican Republic, Colombia and Venezuela as well as those of the Caribbean diaspora. This course is taught in Spanish. Recommended background: SP 3521 (Advanced Spanish I) and SP 3522 (Advanced Spanish II) or equivalent. This course will be offered in 2016-17, and in alternating years thereafter. This course satisfies the Inquiry Practicum requirement.",3.0,3.0,2021 - 2022 Academic Year,D
STS 1200,STS,Society-Technology Studies,1200,Fundamentals Of Global Health,"Cat. I The focus of global health research and practice is improving the overall health and health equity of all people worldwide . In this course, we will use an interdisciplinary approach to explore the major biological, social, political, environmental and economic determinants of health. We will analyze the dual burden of communicable and non-communicable disease facing the world’s populations including study of current health systems, global health practices and priorities as well as major organization and institutional players. Class sessions will consist of lecture, intensive small group discussion, and global health case analyses. After successful completion of this course, students will be able to explain the basic principles of public health; discuss the determinants of health; describe how globalization has changed the patterns of the spread of disease and the methods needed to control disease; evaluate the complex, multi-faceted links between health, social and economic factors; and identify critical issues in the delivery of health care services, with a particular emphasis on challenges faced with regard to different cultural and economic settings.",3.0,3.0,2021 - 2022 Academic Year,C
STS 4000,STS,Society-Technology Studies,4000,Senior Seminar In Global Public Health,"Cat. II The course is designed to integrate each student’s educational experience and interests in Global Public Health, (e .g ., core global public health courses, specializations, and experience). Through seminar discussions and writing assignments students will critically reflect on what they learned in their previous courses and project experiences. In teams, students will prepare a final capstone paper and presentation that critically engages their educational experience in global public health and anticipates how their courses and experiences will translate into their future personal and professional. The course is especially designed as the capstone seminar for Global Public Health minors, but is also open to non-minors. Recommended background: previous courses in global public health, and completion or concurrent registration with a global public health-related MQP, IQP or ISU. This course will be offered in 2021-22, and in alternating years thereafter .",3.0,3.0,2021 - 2022 Academic Year,D
SYS 501,SYS,Systems Engineering,501,Concepts Of Systems Engineering,"Systems Engineering is a multifaceted discipline, involving human, organizational, and various technical variables that work together to create complex systems. This course is an introduction and overview of the methods and disciplines that systems engineers use to define, develop, and deploy systems. It includes specific integrated examples, projects, and team building exercises to aid in understanding and appreciating fundamental principles. Topics covered include; Introduction to Systems Engineering; Requirements Development; Functional Analysis and Requirements Allocation; System Architecture and System Design; Integration, Verification and Validation; Trade Studies; Systems Analysis, Modeling and Simulation; Specialty Engineering; Risk Management; and Technical Planning and Management. (Prerequisite: an undergraduate degree in engineering or science, or permission of the instructor.)",3.0,3.0,2021 - 2022 Academic Year,"A,B,C,D"
SYS 502,SYS,Systems Engineering,502,Business Practices,"This course introduces students to the business aspects of Systems Engineering (SE) and is designed to help SE professionals integrate Systems Engineering concepts into a professional business practice environment and to improve systems engineers’ understanding fundamental business practices and their relationship to systems engineering. This course will cover how to prepare and evaluate professional quality business plans, project budgets, financial proposals, timelines and technical outlines. This course will also cover topics such as working with stakeholders; understanding competitive advantage and perceived value of systems engineering; various roles of systems engineers from a business practices perspective; contracting for systems engineering services, how systems engineers impact and are impacted by the various corporate operating divisions, and how to ensure quality control. The course will consist of lectures, case studies, class projects and student presentations.",3.0,3.0,2021 - 2022 Academic Year,"A,B"
SYS 510,SYS,Systems Engineering,510,Systems Architecture And Design,"This course will study and contrast various important architectural frameworks, representations, tools, and methodologies in order to provide scalable and flexible approaches for enterprises operating in dynamic and complex environments. Enterprise-level system architecting tools will be discussed and demonstrated. At a minimum, the DoDAF, FEAF, Zachman, and TOGAF architectural frameworks will be discussed in depth. Other topics will include analysis of architectural alternatives to meet physical and logical objectives and providing information and systems assurance in an environment that takes people, processes, and technology into account. Modeling tools such as UML/SysML and the use of model-driven architectures will be presented. Validation of the architecture with stakeholders will be discussed. Methods of identifying risks and opportunities associated with the architectural choice will be explored. Practical examples will be included for illustration. (Prerequisite: SYS 501 Concepts of Systems Engineering)",3.0,3.0,2021 - 2022 Academic Year,"C,D"
SYS 511,SYS,Systems Engineering,511,"Systems Integration, Verification & Validation","This course examines the use of Systems Engineering principles and best practices with respect to systems and systems-of-systems verification and validation (V&V). V&V processes, activities and methods as they apply across the product lifecycle will be examined. Case studies, papers and exercises will be used to examine the success and failure of verification, validation and test processes. Course topics include 1) How early systems engineering activities and solution sets affect integration, verification, validation and test; 2) V&V activities relative to product development phases; 3) Modeling quality, cost, time and risk; 4) Testing and non-testing methods; 5) V&V planning, execution and reporting; 6) Systems integration; and 7) V&V of critical and complex systems. (Prerequisite: SYS 501 Concepts of Systems Engineering)",3.0,3.0,2021 - 2022 Academic Year,"A,B"
SYS 512,SYS,Systems Engineering,512,Requirements Engineering,"Requirements drive system definition and development. Properly managed requirements contribute to project success, while poorly defined and poorly managed requirements often lead to project failure. Modern systems are demanding even more attention to proper requirements definition and management. This course provides processes, techniques, and best practices necessary to develop and manage requirements in today ’s complex environments. (Prerequisite: SYS 501 Concepts of Systems Engineering . Formerly SYS 579R).",3.0,3.0,2021 - 2022 Academic Year,"C,D"
SYS 520,SYS,Systems Engineering,520,System Optimization,"This course covers both the principles and practices of system optimization. The course includes both traditional mathematical treatments of optimization (including linear programming, non-linear programming, integer programming, stochastic methods such as Monte-Carlo methods, multi-objective system optimization, data envelope analysis) and practical, hands-on application with many real-world examples and student projects/exercises. Qualitative as well as quantitative approaches will be discussed. The course begins with an introduction and definitions of system, optimization, and system optimization. It then proceeds to explain the traditional mathematical tools and models used in system optimization including location, allocation, scheduling, and blending models as well as sensitivity analysis and network models. Optimized design is covered next. The course will conclude with several multi-objective optimization problems. Student projects and real-world examples will be heavily emphasized. A technical undergraduate degree (BA or BS or equivalent) is a prerequisite for this course, and completion of SYS 501 Concepts of Systems Engineering.",3.0,3.0,2021 - 2022 Academic Year,
SYS 540,SYS,Systems Engineering,540,Introduction To Systems Thinking,"Systems Thinking provides an arsenal of tools that enable program managers and systems engineers to better identify, understand, and control systems, and to improve their performance. In this course, we will study system identification and delineation, causal loops and feedback, system leverage points, delays and oscillations, mental models and unintended consequences, emergent properties, patterns, events, and self- organization, and use these tools to improve the performance of engineering, biological, business, and complex social systems. We will explore great system failures, how they might have been avoided, and how we can learn from them in developing and participating in current systems. Finally, we will learn how systems thinking explains the conflicting behavior of individuals, departments, businesses, and countries.",3.0,3.0,2021 - 2022 Academic Year,"C,D"
SYS 579,SYS,Systems Engineering,579,Special Topics,,3.0,3.0,2021 - 2022 Academic Year,"A,B"
SYS 585,SYS,Systems Engineering,585,Systems Engineering Capstone Experience,"One of the central priorities in WPI’s educational philosophy is the application of academic skills and knowledge to real-world problems . The capstone project represents a substantive evaluation and application of coursework covered in the program. Students are encouraged to select projects with practical significance for the advancement of their company’s competitive position as well as their own personal development. The project is administered, advised, and evaluated by WPI as part of the learning experience, but students are encouraged to seek mentorship from experienced colleagues in the Systems Engineering profession. The presence of or degree of participation from a mentor is made at the discretion of the student or the organization sponsoring the program. (Prerequisite: SYS 501 Concepts of Systems Engineering)",3.0,3.0,2021 - 2022 Academic Year,"A,B,C,D"
SYS 596,SYS,Systems Engineering,596,Graduate Seminar,The graduate seminar series will be presented by recognized experts in various fields of Systems Engineering and related disciplines. All SE Ph.D. students are required to take two offerings of the SE seminar course. Each offering will be graded Pass/Fail.,0.0,0.0,2021 - 2022 Academic Year,"A,B"
TH 1100,TH,Theatre,1100,Introduction to Acting,"Cat. I This course is designed to give students fundamental tools and techniques for acting in the theatre. These include concentration, relaxation, imagination, observation, communication, sensory awareness, and basic script analysis. Drawing on the “Stanislavski Method,” and using character analysis and scene study, it will include exploration of objectives, tactics, obstacles, action, conflict, subtext, and characterization. It will do this through in-class exercises, as well as monologue and scene work from a variety of plays. Beyond acting skills, the student will learn valuable skills in public speaking and in conveying clear, complex ideas. Recommended background: Some theatre or acting experience is desirable but the course is suitable for anyone with interest in the subject.",3.0,3.0,2021 - 2022 Academic Year,"A,C"
TH 111X,TH,Theatre,111X,Introduction To Theatrical Production Design,"How does a play leap from the page to the stage? Certainly, a director’s concept and interpretation are the driving forces in producing and mounting a live performance of a script. But she doesn’t do it alone. In this course, we will discuss the cornerstones of theatrical production design, from interpreting a script to creating onstage symbology. We explore the various disciplines involved in theatrical design, from scenery to costumes, lighting to sound, props to projections. We’ll start by analyzing a script and discussing the intention of the playwright far beyond the written word. From there, we will determine what the physical needs of the production are in order to propel the story. We’ll then dive deeper, tapping into the creative, aesthetic aspects of design, not just the function, but the form. By dissecting the nuance of a script and reading between the lines, we’ll discover the poetry in good design and why it takes a live performance beyond the basics of the plot. Recommended background: None",3.0,3.0,2021 - 2022 Academic Year,A
TH 1221,TH,Theatre,1221,Introduction to Drama - Theatre on the Page and on the Stage,"Cat. I This introductory course will give the student a basic understanding of theatrical productions, from the moment we read the script to the moment it is presented to an audience, and it will initiate conversations on Art, Theatre and the ways it imitates, catalogues and presents life. Every week touches upon a different area, including playwrighting, directing, acting, and designing and the course culminates in the compilation of an original monologue. This course also serves as an introduction to the WPI Theatre community, often with student involvement to the current theatre production on campus. Students may not receive credit for EN 1221 and TH 1221",3.0,3.0,2021 - 2022 Academic Year,A
TH 2219,TH,Theatre,2219,Playwriting,"Cat. II Playwright. Wright – a maker. She creates a world on the stage through action, dialogue, and character. In this course, students will learn to write for the theatre – to make plays – through study, discussion, and practice. Working from foundational ideas of the well-made play, it will draw upon various analytic theories of theater to examine the structure of plays. Through exercises and studio-type critique, students will create and develop their own plays. Recommended background: No recommended background. This course is suitable for anyone with an interest in being a playwright.",3.0,3.0,2021 - 2022 Academic Year,B
TH 2222,TH,Theatre,2222,Introduction to Technical Theatre,"Cat. I This course introduces students to a variety of technical theatre disciplines, including scenic, lights, sound, props, costumes and more. Each week, students will focus on different technical elements through a combination of lectures, demonstrations, and hands on workshops. Students will demonstrate their learning through various projects and involvement in the current term production.",3.0,3.0,2021 - 2022 Academic Year,D
TH 320X,TH,Theatre,320X,Scenic Design and Fabrication,"This course will explore the concepts of scenic design and fabrication methods. During the first half of the course, the class will design the scenic elements for the following term’s production. The second half will focus the set construction, scenic painting and set dressing, culminating in a completed and installed set for the following term’s production. Students may not receive credit for both TH320X and EN320X. Recommended Background:Basic knowledge of theatre productions and a familiarity with WPI Theatre. (Theatre Workshop TH2222/ EN2222 or equivalent ISUs)",3.0,3.0,2021 - 2022 Academic Year,B
TH 340X,TH,Theatre,340X,Lighting Design,"This course examines the principles and practice of theatrical lighting design. Students will develop skills in all parts of the design process, from play analysis and visual research to system design and cueing. Through class discussion, hands-on activities, and creative design projects, students will develop their abilities to recognize, develop, communicate, and execute lighting design ideas. Though primarily focused on live performance (theatre, dance, opera, music, etc.), this course will also teach ideas and skills applicable to other mediums (architecture, film/TV, animation, etc.) Recommended Background: This course is suitable for anyone interested in environmental/performance design. TH 111X: Introduction to Theatrical Production Design provides useful (though not essential) preparation for this course.",3.0,3.0,2021 - 2022 Academic Year,C
WR 1010,WR,Writing,1010,Elements Of Writing,"Cat. I This course is designed for students who wish to work intensively on their writing . The course will emphasize the processes of composing and revising, the rhetorical strategies of written exposition and argumentation, and the reading and citation practices central to academic inquiry . In a workshop setting, students will write a sequence of short papers and complete one longer writing project based on multiple source texts; learn to read critically and respond helpfully to each other’s writing; and make oral presentations from written texts . Where applicable, the topical theme of the class will be provided via the Registrar’s office .",3.0,3.0,2021 - 2022 Academic Year,"A,B,C"
WR 1011,WR,Writing,1011,Writing About Science And Technology,"Cat. I This course will examine the appropriate dissemination of scientific information in common science writing genres such as science journalism, consulting reports and white papers, and policy and procedure documents . In a workshop setting, students will write and revise documents that promote broad understanding of scientific research and analysis of specialized knowledge . Course lectures and discussions investigate ethics of scientific reporting and teach students how to recognize deceptive texts and arguments (both quantitative and qualitative) . The course is reading and writing intensive and is intended for students with backgrounds in a scientific discipline who are interested in applying their disciplinary knowledge .",3.0,3.0,2021 - 2022 Academic Year,"A,B"
WR 1020,WR,Writing,1020,Introduction To Rhetoric,Cat. I This course will apply classical and modern rhetorical concepts to analyze various texts and speeches in order to identify the means of persuasion to a particular end . Students will write short analytical papers that critically assess various rhetorical and communicative approaches . The goal of this course is to enable students to see rhetoric in action in order to both engage with the material critically as well as produce effective discourse to meet various situations .,3.0,3.0,2021 - 2022 Academic Year,"A,C"
WR 2010,WR,Writing,2010,Elements Of Style,"Cat. I This course will cover basic principles of prose style for expository and argumentative writing. Students will learn to evaluate writing for stylistic problems and will learn revision strategies for addressing those problems. The ultimate goal of the course is to help students write sentences and paragraphs that are clear, concise, and graceful. In the first part of the course, students will review parts of speech, basic sentence types, and sentence and paragraph structure in order to understand how sentences are put together and the impact their construction has on readers. Then, through hands-on writing exercises and extensive revision of their own and others’ writing, students will learn strategies for tightening their prose (concision), achieving “flow” (cohesion and coherence) and improving usage (language specificity and precision). Recommended background: Basic knowledge of rhetorical writing (e.g., WR 1010, Elements of Writing, WR 1011, Writing About Science & Technology, or WR 1020, Introduction to Rhetoric.",3.0,3.0,2021 - 2022 Academic Year,"A,B,D"
WR 2210,WR,Writing,2210,Business Writing And Communication,"Cat. I This course emphasizes the standard written genres of professional, workplace communication. Students will analyze the history, purposes, conventions, and social consequences of a variety of business communications, focusing on digital and print correspondence, reports, and proposals directed to internal and external audiences. Students will learn about the culture of a professional environment and the role of writing in structuring identity and relationships within that context. Classes will be conducted as interactive writing workshops in which students assess and respond to rhetorical scenarios and sample texts from a variety of professional worksites. Students will create portfolios, producing professional writing samples they may use on the job market. Suggested background: WR 1010 or WR 1011",3.0,3.0,2021 - 2022 Academic Year,"B,C,D"
WR 2310,WR,Writing,2310,Visual Rhetoric,"Cat. I This course explores how visual design is used for purposes of identification, information, and persuasion . It looks at many modes of visual communication, such as icons, logos, trademarks, signs, product packaging, infographics, posters, billboards, ads, exhibits, graffiti, page layout, films, television, videogames, and web sites . The course provides an overview of the history of graphic design movements, as well as analytical tools to understand how visual design encodes messages and the role visual communication plays in contemporary culture . Students will write about and create a number of visual media in this project centered class. Suggested background: WR 1010",3.0,3.0,2021 - 2022 Academic Year,B
WR 232X,WR,Writing,232X,Social Media Communication,"In this course, students will explore how social media shapes public and professional communication. Students will analyze the writing conventions and rhetorical strategies that appear across social media, and they will evaluate how those conventions and strategies influence audiences. As they survey social-media communication across a variety of platforms, communities, and contexts, students will research how these writings are influencing a topic of their choice. Drawing on this survey and their own research, students will create a social-media writing portfolio. This portfolio will feature persuasive writing samples about their research topic, which they will refine through interactive writing workshops and ongoing revision. Recommended Background: None",3.0,3.0,2021 - 2022 Academic Year,D
WR 2400,WR,Writing,2400,Writing Characters For Interactive Media & Games,"Cat. II This course will present concepts and skills necessary to create compelling characters in interactive media and games. Topics covered may include the 3 dimensions of character, growth and development of the player-character and non-player characters, dialogue, character relationships and evoking emotions through rhetorical tropes. Recommended background: Previous experience in the fundamentals of writing for interactive media and games, such as that provided by IMGD 1002: Storytelling for Interactive Media and Games. Students may not receive credit for both IMGD/WR 2400 and IMGD 240X.",3.0,3.0,2021 - 2022 Academic Year,"A,B"
WR 2500,WR,Writing,2500,Writing in the Life Sciences,"Cat. II Writing in the Life Sciences will provide students with an introduction to academic writing within the disciplines that comprise the Life Sciences. Topics will include: • Ethics and research integrity as it pertains to research design, documentation, reporting, and communicating results to specialist and non-specialist audiences • Fundamentals of writing in the Life Sciences including definitions and technical vocabulary, technical style, documentation, revising and editing • Human factors that influence health including social determinants of health and health disparities • Important documents in the Life Sciences including literature reviews and synopses, laboratory reports, proposals, and research presentations. The course will also include writing for non-specialist audiences and newer methods of science communication including social media. Students may not receive credit for both WR 2500 and WR 250X. Recommended background: One introductory course (1000 level) in professional writing in which students have translated scientific writing for diverse audiences (e.g.: WR 1011, Writing about Science & Technology). Foundational life sciences courses with emphasis in anatomy and physiology are also recommended.",3.0,3.0,2021 - 2022 Academic Year,A
WR 253X,WR,Writing,253X,Ethics in Design and Communication,"From smart phones we interact with to chairs we sit on, design is ubiquitous in contemporary society. Design thus has wide-ranging, yet often-invisible ethical ramifications for how we live our lives and relate to others. This course aims to help students cultivate an understanding of the positive role that communication and ethics can play together in the field of design. It focuses on ethical issues such as accessibility, inclusivity, social justice, and professional responsibility. Using insights from rhetoric, students will investigate how such issues are communicated or disregarded in design projects. Translating their knowledge into practice in public-facing projects, students will develop strategies of persuasive communication for ethical design practices. Recommended Background: None",3.0,3.0,2021 - 2022 Academic Year,D
WR 3011,WR,Writing,3011,Teaching Writing,"Cat. II. Teaching Writing introduces students to the theory and practice of written composition . Students research and read about the writing process and how best to support it through the practice of explicit teaching and tutoring . They learn specific strategies that can support writers as they plan, draft, and revise written work in a number of genres, and they study effective ways to provide helpful feedback on drafts . They also learn about and practice navigating the social, political and interpersonal dynamics of the teacher/tutor-student relationship through a tutoring internship at the Writing Center and through assignments prompting them to develop lesson plans and instructional handouts . This course will help students improve their own writing and read their own and others’ writing more critically . It will be especially useful for those who plan to teach or tutor writing in the future . Recommended background: WR 1010 Elements of Writing This course will be offered in 2019-20, and in alternating years thereafter .",3.0,3.0,2021 - 2022 Academic Year,A
WR 3112,WR,Writing,3112,Rhetorical Theory,"Cat. I. Rhetoric concerns both the art of mastering the available means of persuasion and the study of how oral, written, and visual communication projects the intentions of individuals and groups, makes meanings, and affects audiences . The purpose of this course therefore is two-fold . It is intended to help students become more effective communicators by learning about the rhetorical situation and various rhetorical techniques, and it is designed to help them understand how various forms of communication work by learning some of the philosophies and strategies of rhetorical analysis . Recommended background: Introduction to Rhetoric",3.0,3.0,2021 - 2022 Academic Year,D
WR 3210,WR,Writing,3210,Technical Writing,"Cat. I Technical writing combines technical knowledge with writing skills to communicate technology to the world . This course introduces the fundamental principles of technical communication, and the tools commonly used in the technical writing profession . Topics include user and task analysis, information design, instructional writing, and usability testing . Students learn to use the technical writing process to create user-centered documents that combine text, graphics, and visual formatting to meet specific information needs . Students create a portfolio of both hardcopy and online documentation, using professional tools such as FrameMaker, Acrobat, and RoboHelp . Recommended background: WR 1010, or equivalent writing course.",3.0,3.0,2021 - 2022 Academic Year,"A,C"
WR 3214,WR,Writing,3214,Writing About Disease And Public Health,"Cat. I This writing workshop focuses on the purposed and genres of writing about disease and public health . We will consider how biomedical writers communicate technical information about disease and public health to general audiences; how writers capture the human experience of disease and health care; how writers treat the public policy implications of disease; and how writers design publicity to promote public health . We will examine such genres as the experimental article, news reports, medical advice, profiles, commentary, and public health messages . Recommended background: WR 1010 Elements of Writing or equivalent writing courses.",3.0,3.0,2021 - 2022 Academic Year,D
WR 3400,WR,Writing,3400,Writing Narrative For Interactive Media & Games,"Cat. II This writing-intensive course covers concepts and skills necessary to write and implement narrative in interactive media and games. Topics include themes and style, different types of games and platforms, systemic storytelling, linear vs. non-linear narratives, editing, writing with purpose and audience in mind, and collaboration with other members of a development team. Recommended background: Previous experience in writing for interactive media and games, such as that provided by IMGD/WR 2400: Writing Characters for Interactive Media & Games. Students may not receive credit for both IMGD/WR 3400 and IMGD 340X.",3.0,3.0,2021 - 2022 Academic Year,C
WR 4111,WR,Writing,4111,Research Methods In Writing,"Cat. I. This methodology course introduces students to issues in the study of writing such as the history and uses of literacy, the relationship of thought to language, the role of writing in producing knowledge, and research on composing . The focus of the course will be on professional and academic writing . In this project-based class, students will develop research questions, construct a relevant method study, and carry out that study . The purpose of this course is to add to students analytical approaches to writing and communicative situations . Recommended background: WR 1010 Elements of Writing, WR 2310 Rhetoric of Visual Design, WR 3112 Rhetorical Theory.",3.0,3.0,2021 - 2022 Academic Year,C
WR 4210,WR,Writing,4210,Medical Writing,"Cat. II Medical Writing will provide students with advanced opportunities to create clinically-oriented documents about disease, treatment, and medical research. Students will learn how to develop, structure, and present medical reports that integrate anatomy and physiology, disease history (including associated human and environmental factors), epidemiology, clinical presentation, differential diagnosis, and prognosis. The course will operate as a series of student projects in which students create scientific documents from major disease categories. The course will be focused on disease characterization for more advanced audiences and preparation for future graduate and professional writing in medicine or the life sciences. Students may not receive credit for both WR 4210 and WR 421X. Recommended background: Prior courses or projects (GPS, IQP) in health, medicine, or science writing. Exposure to anatomy and physiology would be helpful. The course is designed for 3rd and 4th year students with a strong interest in pursuing careers or continued education in medicine or public health.",3.0,3.0,2021 - 2022 Academic Year,B
WR 593,WR,Writing,593,Special Topics In Writing And Communication,"The purpose of this course is to offer opportunities to graduate students to explore and develop their skills in writing and communication. The course content and format vary to suit the interests and needs of the faculty and students. Topics may include technical writing, science writing, health communication, public understanding of science, design of communication, and communicating risk and ethics in technology design. Contact the Humanities and Arts Department or the Professional Writing Program for current topic offerings.",3.0,3.0,2021 - 2022 Academic Year,"A,B"
